<?xml version="1.0" encoding="UTF-8"?>
<TEI xml:space="preserve" xmlns="http://www.tei-c.org/ns/1.0" 
xmlns:xsi="http://www.w3.org/2001/XMLSchema-instance" 
xsi:schemaLocation="http://www.tei-c.org/ns/1.0 /Users/cindy/tmp/grobid-0.6.1/grobid-home/schemas/xsd/Grobid.xsd"
 xmlns:xlink="http://www.w3.org/1999/xlink">
	<teiHeader xml:lang="en">
		<fileDesc>
			<titleStmt>
				<title level="a" type="main">Machine Learning Systems are Stuck in a Rut</title>
			</titleStmt>
			<publicationStmt>
				<publisher/>
				<availability status="unknown"><licence/></availability>
			</publicationStmt>
			<sourceDesc>
				<biblStruct>
					<analytic>
						<author>
							<persName xmlns="http://www.tei-c.org/ns/1.0"><forename type="first">Paul</forename><forename type="middle">Barham</forename><surname>Google</surname></persName>
							<affiliation key="aff0">
								<address>
									<addrLine>7 pages</addrLine>
									<settlement>New York</settlement>
									<region>NY</region>
									<country key="US">USA</country>
								</address>
							</affiliation>
						</author>
						<author>
							<persName xmlns="http://www.tei-c.org/ns/1.0"><forename type="first">Brain</forename><surname>Michael</surname></persName>
							<affiliation key="aff0">
								<address>
									<addrLine>7 pages</addrLine>
									<settlement>New York</settlement>
									<region>NY</region>
									<country key="US">USA</country>
								</address>
							</affiliation>
						</author>
						<author>
							<persName xmlns="http://www.tei-c.org/ns/1.0"><forename type="first">Isard</forename><surname>Google Brain</surname></persName>
							<affiliation key="aff0">
								<address>
									<addrLine>7 pages</addrLine>
									<settlement>New York</settlement>
									<region>NY</region>
									<country key="US">USA</country>
								</address>
							</affiliation>
						</author>
						<title level="a" type="main">Machine Learning Systems are Stuck in a Rut</title>
					</analytic>
					<monogr>
						<imprint>
							<date/>
						</imprint>
					</monogr>
					<idno type="DOI">10.1145/3317550.3321441</idno>
				</biblStruct>
			</sourceDesc>
		</fileDesc>
		<encodingDesc>
			<appInfo>
				<application version="0.6.1" ident="GROBID" when="2021-01-31T12:43+0000">
					<desc>GROBID - A machine learning software for extracting information from scholarly documents</desc>
					<ref target="https://github.com/kermitt2/grobid"/>
				</application>
			</appInfo>
		</encodingDesc>
		<profileDesc>
			<abstract>
				<p>In this paper we argue that systems for numerical computing are stuck in a local basin of performance and programmability. Systems researchers are doing an excellent job improving the performance of 5-year-old benchmarks, but gradually making it harder to explore innovative machine learning research ideas. We explain how the evolution of hardware accelerators favors compiler back ends that hyper-optimize large monolithic kernels, show how this reliance on highperformance but inflexible kernels reinforces the dominant style of programming model, and argue these programming abstractions lack expressiveness, maintainability, and modularity; all of which hinders research progress. We conclude by noting promising directions in the field, and advocate steps to advance progress towards high-performance general purpose numerical computing systems on modern accelerators.</p>
			</abstract>
		</profileDesc>
	</teiHeader>
	<text xml:lang="en">
		<body>
<div xmlns="http://www.tei-c.org/ns/1.0"><head>Compiling for modern accelerators</head><p>We became interested in this paper’s subject when trying to improve an implementation of Capsule networks [1] to scale up to larger datasets. Capsule networks are an exciting machine learning research idea where scalar-valued “neurons” are replaced by small matrices, allowing them to capture more complex relationships. Capsules may or may not be the “next big thing” in machine learning, but they serve as a representative example of a disruptive ML research idea. Although our convolutional Capsule model requires around 4 times fewer floating point operations (FLOPS) with 16 times fewer training parameters than the convolutional neural network (CNN) we were comparing it to, implementations in both TensorFlow <ref type="bibr" target="#b1">[2]</ref> and PyTorch <ref type="bibr" target="#b2">[3]</ref> were much slower and ran out of memory with much smaller models. We wanted to understand why.</p></div>
<div xmlns="http://www.tei-c.org/ns/1.0"><head n="1.1">New ideas often require new primitives</head><p>We won't discuss the full details of Capsule networks in this paper <ref type="bibr" target="#b0">1</ref> , but for our purposes it is sufficient to consider a simplified form of the inner loop, which is similar to the computation in a traditional CNN layer but operating on 4×4 matrices rather than scalars.</p><p>A basic building block of current machine learning frameworks is the strided 2D convolution. Most frameworks provide a primitive operation that accepts N input images of size H ×W , where each pixel has a "depth" of C i channels <ref type="bibr" target="#b1">2</ref> . Informally, for a "kernel size" K=3 and "stride" S=2, conv2d computes a weighted sum of overlapping 3×3 patches of pixels centered at every other (x, y) coordinate, to produce N smaller images with pixel depth C o <ref type="figure">(Figure 1</ref>). Mathematically, this can be expressed as follows:</p><formula xml:id="formula_0">∀n, x, y, c o : O n,c o x,y = k x k y c i I n,c i sx +k x ,sy+k y • K c i ,c o k x ,k y (1)</formula><p>where • denotes scalar multiplication, and O, I , and K are all 4-dimensional arrays of scalars. The resulting code is little more than 7 nested loops around a multiplyaccumulate operation, but array layout, vectorization, parallelization and caching are extremely important for performance <ref type="bibr" target="#b4">[5]</ref>.</p><p>The analogous computation for convolutional Capsules sums weighted "pose" matrices in 3×3 convolution patches to form "votes": <ref type="bibr" target="#b1">(2)</ref> where • now denotes matrix multiplication and V , P, and W are 4-dimensional arrays of 4×4 matrices, or equivalently, 6-dimensional arrays of scalars.</p><formula xml:id="formula_1">∀n, x, y, c o : V n,c o x,y = k x k y c i P n,c i sx +k x ,sy+k y •W c i ,c o k x ,k y</formula><p>The following sections explain why ML frameworks make it hard to run the Capsule computation efficiently.</p></div>
<div xmlns="http://www.tei-c.org/ns/1.0"><head n="2">Compiling kernels is hard</head><p>Convolutional Capsule primitives can be implemented reasonably efficiently on CPU (see <ref type="table">Table 1</ref>) but problems arise on accelerators (e.g., GPU and TPU). Performance on accelerators matters because almost all current machine learning research, and most training of production models, uses them. The marginal cost to perform a particular ML training or large-scale inference workload in a given time is much lower using accelerators than CPUs.</p><p>Accelerators have been very successful for machine learning workloads because the computationally expensive part of training tasks is written as dense linear algebra over multi-dimensional arrays. Dense linear algebra is regular compared to workloads that CPUs are designed for, and comparatively easy to parallelize. Consequently people have built increasingly complex accelerators designed for regular parallel computation. Example accelerator features include "warps", blocks, and grids of threads, very wide vector arithmetic units (ALUs), and systolic array multipliers (MXUs). As we explain next, it is hard to get good accelerator performance even on these regular computations. While frequently occurring computations receive attention and are well optimized, the performance of non-standard computations like convolutional Capsules suffers.</p></div>
<div xmlns="http://www.tei-c.org/ns/1.0"><head n="2.1">Compiling for accelerators</head><p>A major reason that it's hard to get good performance from regular computations is that the compiler has to consider the memory system of an accelerator as well as the ALUs. In an attempt to prevent data bottlenecks, accelerators' parallel capabilities have become tightly coupled with the memory system. For example <ref type="bibr" target="#b5">[6]</ref>: peak ALU performance on GPUs requires "coalesced loads" where all 32 threads of a warp simultaneously access different values in the same cache line; implementations must be tailored to the sizes and strides implied by the organization of memory banks; and efficient programs must make use of all values loaded in a single memory access which may have large granularity.</p><p>def conv_capsule <ref type="table">(float(B, H, W, CI, MH, MW) poses,  float(CI, CO, KH, KW, MH, MW)</ref> weights) -&gt; (votes) { votes(b, h, w, co, m, n) +=! poses(b, h*2 + r_kh, w*2 + r_kw, r_ci, m, r_k) * weights(r_ci, co, r_kh, r_kw, r_k, n) where r_k in 0:4 }</p></div>
<div xmlns="http://www.tei-c.org/ns/1.0"><head>Figure 2. Tensor Comprehensions Capsules Code</head><p>In general accelerator code must perform explicit scheduling through the memory hierarchy rather than relying on transparent multi-level caches. Often memory access granularities require threads to cooperatively load each others' values and then exchange them ; so that code also contains complex instruction scheduling across loop iterations. While matching memory accesses to the parallel ALUs results in good hardware utilization, any mismatch can lead to orders of magnitude of performance slowdown <ref type="bibr" target="#b5">[6]</ref>. Avoiding this slowdown requires tuning kernel parameters for e.g., padding, strides, and dimension layout, for each generation of each accelerator.</p><p>For "stencil computations" like convolution in which input values are reused by overlapping computation windows, scheduling loads and stores to optimize memory bandwidth is very challenging and has given rise to sophisticated tools such as Halide <ref type="bibr" target="#b6">[7]</ref>. The data-reuse pattern in a convolutional capsule has several additional dimensions of complexity.</p></div>
<div xmlns="http://www.tei-c.org/ns/1.0"><head n="2.2">The monolithic kernel approach</head><p>Because of the difficulty of tuning parameters analytically, and the combinatorial number of choices, highperformance back ends for accelerators expend a lot of development effort on a small set of computational "kernels" (generally, isolated loop nests), such as 2D convolution and batch matrix multiplication, that dominate performance profiles of benchmarks. For each of these kernels the back end maintainers spend hours or days searching for the best algorithm and parameter settings for a small representative set of operand shapes , and then use heuristics or auto-tuning to select one of these pre-tuned implementations at runtime.</p></div>
<div xmlns="http://www.tei-c.org/ns/1.0"><head n="2.3">Compiling custom kernels</head><p>It is surprisingly common for machine learning papers to propose new primitives that cannot be computed efficiently with existing kernels. Compilers like Tensor Comprehensions (TC) <ref type="bibr" target="#b7">[8]</ref> and PlaidML <ref type="bibr" target="#b8">[9]</ref> have been developed to allow end-users to write such custom kernels, and both provide DSLs with concise syntax that resembles the math <ref type="bibr" target="#b4">5</ref> , e.g., compare the TC implementation of a capsule primitive in <ref type="figure">Figure 2</ref> with Equation 2.</p><p>Via so-called "warp shuffles". <ref type="bibr" target="#b3">4</ref> We use "shape" to mean the cardinality of an array's dimensions. <ref type="bibr" target="#b4">5</ref> Based on Einstein Notation.   Despite the obvious appeal, the current state-of-the-art is that these tools are only really suitable for compiling small code fragments: compilation times are often long and the resulting code quality frequently does not come close to peak performance. <ref type="figure" target="#fig_1">Figure 3a</ref> illustrates the difficulty that current compiler frameworks have generating GPU code for conventional 2D convolution whose performance competes with the carefully tuned library implementation in cuDNN <ref type="bibr">[10]</ref>. In each case we wrote the conv2d implementation (Eqn. 1) using the lowest-level primitives available in the framework. TC uses a genetic search algorithm over optimization parameters and comes within a factor of 8 of cuDNN's performance, but only after an hour of search. Final performance is also very dependent on the memory layout of the input operands (NCHW vs NHWC). TVM <ref type="bibr" target="#b9">[11]</ref> has a similar autotuned convolution template that does not match cuDNN performance after 30 minutes of search ( <ref type="figure" target="#fig_1">Fig. 3b</ref>). PlaidML <ref type="bibr" target="#b8">[9]</ref> gets the best performance, just under 4× slower than cuDNN, with rapid compilation time , but uses heuristics that, as we show next, are brittle when the computation is more complex than simple convolution. TVM also has a hand-scheduled conv2d kernel for these operand shapes, but it is almost 19× slower than cuDNN.</p><p>Returning to our motivating Capsules example, we next tried implementing custom kernels for the core Capsules primitives (Eqn. 2). As a baseline, compiling the obvious C++ loop nests around a 4×4 matmul function with gcc produces good quality vectorized code that runs in around 60ms on a single x86 core and 11.7ms when parallelized across 6 cores with OpenMP. A hand-written CUDA implementation runs in 1.9ms but took over two days to manually tune.</p><p>Though PlaidML compiles as fast at gcc, the resulting kernel executes much slower <ref type="bibr" target="#b7">8</ref> . Tensor Comprehensions <ref type="bibr" target="#b5">6</ref> The autotvm template for conv2d does not support batching. <ref type="bibr" target="#b6">7</ref> PlaidML uses an analytical performance model to guide its search. We speculate that PlaidML's heuristics and performance model are not a good fit for more esoteric code.  <ref type="table">Table 1</ref>. Convolutional Capsules Microbenchmark takes nearly 3 minutes to find a kernel that outperforms the CPU, but eventually discovers a schedule that runs in 1.8ms (see <ref type="table">Table 1</ref> and <ref type="figure" target="#fig_1">Fig. 3c</ref>).</p><p>Our interpretation of these results is that current frameworks excel at workloads where it makes sense to manually tune the small set of computations used by a particular model or family of models. Unfortunately, frameworks become poorly suited to research, because there is a performance cliff when experimenting with computations that haven't previously been identified as important. While a few hours of search may be acceptable before production deployment, it is unrealistic to expect researchers to put up with such compilation times (recall this is just one kernel in what may be a large overall computation); and even if optimized kernels were routinely cached locally, it would be a major barrier to disseminating research if anyone who downloaded a model's source code had to spend hours or days compiling it for their hardware before being able to experiment with it.</p></div>
<div xmlns="http://www.tei-c.org/ns/1.0"><head n="2.4">ML framework APIs are inflexible</head><p>As we will discuss in more detail in later sections, it is not straightforward to use custom computations in ML frameworks like TensorFlow and PyTorch. As a consequence, the easiest and best performing way to implement convolutional Capsules in both TensorFlow and Pytorch is to target high-level operations that are already supported by those frameworks. The best implementation we have found is the same for both frameworks:</p><p>• Materialize all of the 3x3 image patches (of 4x4 matrices), which with stride 2 almost doubles the input size. • Shuffle this large tensor to rearrange dimension order to suit the matrix multiplication operator. • Perform a large yet inefficient batch matrix multiplication (of many tall/skinny matrices). • Shuffle the data layout back.</p><p>• Sum the resulting tensor over 3 (non-adjacent) dimensions.</p><p>To make things worse, between each layer of a Capsules model, votes are "routed" using the Expectation-Maximization (EM) algorithm <ref type="bibr" target="#b10">[12]</ref>, which repeatedly computes weighted means and variances of the votes using reductions over additional dimensions that could theoretically be fused into the above code (i.e., simply change a ∀ to a in Eqn. 2).</p><p>Unfortunately, neither framework is able to fuse the final reduction into the batch matrix multiplication (a preoptimized kernel) which greatly increases the required memory bandwidth as well as intermediate storage requirements <ref type="bibr" target="#b8">9</ref> . To compute two relatively small quantities the APIs force us to copy, rearrange and materialize to memory two orders of magnitude more data than strictly necessary.</p><p>It is issues like the above that have prevented us from finding any high performance implementation of convolutional Capsules to date.</p></div>
<div xmlns="http://www.tei-c.org/ns/1.0"><head n="3">Compiling programs is harder</head><p>In the preceding section we discussed the difficulty of performance-tuning a non-standard kernel. In practice programs must evaluate large graphs of kernels, and strategies for evaluating these graphs introduce more opportunities for optimization. In this section we discuss some of those strategies and point out ways in which the use of inflexible monolithic kernel implementations can constrain their optimizations.</p></div>
<div xmlns="http://www.tei-c.org/ns/1.0"><head n="3.1">Layout</head><p>Even for ML models as simple as ResNet <ref type="bibr" target="#b11">[13]</ref>, a sequential chain of 2D convolutions that has been extensively benchmarked, operands have different shapes so different convolution invocations may have different optimal parameters. If the layout differs between the producer and consumer operations of an intermediate value then the value must be expensively "transposed" (converted to a different layout). The use of pre-optimized kernels makes good layout assignment harder by constraining every operator to use one of a small number of layouts that have been chosen to be optimal in isolation. If kernel layouts were not constrained in this way a layout assignment algorithm might choose to use a "compromise" layout that is suboptimal for any given operator, but preferable to transposing intermediate values. In practice there are so few choices of layout available that frameworks like XLA <ref type="bibr" target="#b12">[14]</ref> and TVM <ref type="bibr" target="#b9">[11]</ref> do not attempt a global layout assignment, and instead choose fixed layouts for expensive operators like convolution, then propagate those layouts locally through the operator graph inserting transposes where necessary.</p></div>
<div xmlns="http://www.tei-c.org/ns/1.0"><head n="3.2">Numerical precision</head><p>ML computations are unusual compared to many computing workloads in that they typically involve approximate floating-or fixed-point numbers. A target metric such as test set prediction accuracy may be attainable in more or less time, using more or less energy, by varying the choice of precision and/or non-uniform quantization used to represent intermediate values <ref type="bibr" target="#b13">[15]</ref>. Precision can also affect the computation/communication bottleneck. When kernel implementations are fixed in library code it is not practical to include versions for all combinations of precision of inputs and outputs, reducing the opportunity to experiment with and optimize for different choices of quantized and low-precision types.</p></div>
<div xmlns="http://www.tei-c.org/ns/1.0"><head n="3.3">Interdependent global optimizations</head><p>We also note some additional whole-program optimizations which would be particularly useful for machine learning computations. The following optimizations are not made more difficult by the use of monolithic kernels, but are perhaps neglected because of the peephole optimization mindset adopted by current frameworks.</p><p>Common-subexpression elimination (CSE): CSE is surprisingly important for ML frameworks because of the computational structure introduced by backpropagation. Many backward pass operations use "activations" computed in the forward pass, and in the case of deep or recurrent neural networks the consumer of the activation is often far from the producer. Standard CSE favors materializing the activations to memory, but the limited amount of accelerator memory and its slowness relative to ALUs means that it may frequently be preferable to recompute activations instead. Thus CSE introduces another combinatorial search problem for frameworks: choosing which values should be materialized. Heuristics have been proposed to choose between materialization and recomputation <ref type="bibr" target="#b12">[14,</ref><ref type="bibr" target="#b14">16]</ref>, but we are not aware of a system that tries to automatically make globally optimal choices about which values to materialize.</p><p>Distributed execution: Because of their data-parallel structure, machine learning computations can often usefully be distributed over multiple accelerators. In practice, compilers and machine learning frameworks typically expose distributed parallelism using mechanisms that are disjoint from those used within a device, for example offering only collective reduction and manual point-topoint messaging between devices. Despite initial research in this area <ref type="bibr" target="#b15">[17]</ref>, to our knowledge no framework tries to jointly optimize the choice of which fragments of a computation should run on which device with the choice of how to structure the subcomputations within a device.</p></div>
<div xmlns="http://www.tei-c.org/ns/1.0"><head n="3.4">Manual vs automatic search strategies</head><p>As explained in the preceding section, it is already hard to compile a single kernel in isolation, on a single device, with layout fixed in advance and relatively few choices for materialization. Optimizing an entire computation means also picking layouts and materialization points, and potentially distribution strategies, making the search space much larger.</p><p>Machine learning training algorithms are particularly dependent on automatic optimization strategies because the majority of the computation is typically performed in gradient operators that are synthesized from the "forward pass" implementation that appears in the source code. Since the code to compute the gradient is not written by the programmer, there is limited opportunity for programmers to guide its optimization: for example, there are no identifiers in scope for intermediate values computed as part of the gradient, to which programmers could manually assign layouts. Even in the absence of auto-generated gradients it is hard to write modular code with the manual optimization annotations used by, e.g., Halide <ref type="bibr" target="#b6">[7]</ref> and TVM <ref type="bibr" target="#b9">[11]</ref>.</p><p>Recent research shows growing interest in automatic whole-program optimization techniques <ref type="bibr" target="#b16">[18]</ref><ref type="bibr" target="#b17">[19]</ref><ref type="bibr" target="#b18">[20]</ref>, but approaches are preliminary and typically focus on optimizing only one aspect of a program at a time. There is no doubt that multi-dimensional whole program optimization is a hard task, but we can perhaps take some hope from the recent success of hybrid search/learning approaches such as AlphaGo <ref type="bibr" target="#b19">[21]</ref> that show promise in finding good solutions within huge combinatorial search spaces. It seems likely that it will be necessary to architect machine learning frameworks with automatic optimizers in mind before it will be possible to make the best use of whole-program optimization.</p></div>
<div xmlns="http://www.tei-c.org/ns/1.0"><head n="4">Evolving programming models</head><p>Thus far we have concentrated on code generation for accelerators, without much attention to programming models. We first observe that numerical computation benefits from features that are not present in traditional programming languages. Automatic differentiation is one such feature, and numerical programs are also unusual in that they are naturally written using functions that are polymorphic over the rank (number of dimensions) of their arguments. Consider again the standard convolution expression (Eqn. 1). The computations for each element of the batch (n) and output channel (C o ) dimensions are independent, and a natural way to express convolution would be in terms of a subcomputation ∀x,y :</p><formula xml:id="formula_2">O x,y = k x k y c i I c i sx +k x ,sy+k y • K c i k x ,k y<label>(3)</label></formula><p>written in terms of 3-dimensional inputs I and K. A language could then automatically "lift" the function across batch and output channels if it were applied to inputs with more dimensions. Numerical languages at least as far back as APL <ref type="bibr" target="#b20">[22]</ref> have included lifting for rank polymorphism, but there are plenty of open research questions on how to integrate such polymorphism with modern modular types and languages.</p><p>Recall that back ends are structured around calls to large monolithic kernels. In this section we argue that this back-end design approach is slowing progress in the maintainability, debuggability, and expressiveness of programming models. Worse, the resulting brake on innovation in languages is in itself reducing the incentive for back-end developers to improve on the current situation.</p></div>
<div xmlns="http://www.tei-c.org/ns/1.0"><head n="4.1">Opaque operators hurt extensibility</head><p>One consequence of monolithic back-end kernels is that front ends choose the kernel or "operator" as a point of abstraction. In popular frameworks like TensorFlow <ref type="bibr" target="#b21">[23]</ref> and PyTorch <ref type="bibr" target="#b2">[3]</ref>, user programs are written in Python and call into operators that are written in terms of back end-specific languages and libraries such as C++, MKL <ref type="bibr" target="#b22">[24]</ref>, CUDA <ref type="bibr" target="#b23">[25]</ref>, and cuDNN [10], or sometimes lower-level but portable domain-specific languages such as Tile <ref type="bibr" target="#b8">[9]</ref> and Tensor Comprehensions <ref type="bibr" target="#b7">[8]</ref>. When existing operators are not sufficient for a task, the user must descend into a lower-level language to write a new operator, and typically also manually write its gradient, a process which can be difficult and error-prone.</p><p>There are frameworks, such as Julia <ref type="bibr" target="#b24">[26]</ref>, which nominally use the same language to represent both the graph of operators and their implementations, but back-end designs can diminish the effectiveness of such a front end. In Julia, while 2D convolution is provided as a native Julia library, there is an overloaded conv2d function for GPU inputs which calls NVidia's cuDNN kernel. Bypassing this custom implementation in favor of the generic code essentially hits a "not implemented" case and falls back to a path that is many orders of magnitude slower.</p></div>
<div xmlns="http://www.tei-c.org/ns/1.0"><head n="4.2">Opaque operators hurt modularity</head><p>A more subtle problem with monolithic kernels is that frameworks "commit" to a particular interface for an operator. As we observed in the introduction to this section, the conv2d operator includes a batch dimension n as well as the expected height, width and channels of the input image. Historically, conv2d has been used in minibatch stochastic gradient descent when training CNNs and the kernel parameters can potentially be reused for each batch element of the image. Supplying a batch of images rather than a single image began as a performance optimization that has become fixed in the API.</p><p>Convolutions are in fact used in many other computations whose input may naturally have 3 or more than 4 dimensions, but to call conv2d the programmer must first transform the input into a "view" in which all the data-parallel dimensions are placed in the batch "slot", and afterwards re-transform the output to restore the computation's meaningful dimensions. These transforms can involve shuffling elements in memory, and have potentially large performance cost. Users thus add transforms in as few places as possible, which can make it very hard to keep track of the meaning of the dimensions of intermediate quantities.</p><p>As we suggested earlier, an alternative at the language level would be to supply a lower-dimensional conv2d function and lift it to higher dimensions where necessary. We believe this would greatly improve readability and maintainability. Monolithic back-end kernels are an obstacle to such an approach, because the language would have to automatically discover patterns that were equivalent to the monolithic kernels under some dimension ordering, and then automatically reorder dimensions before calling the kernel. Any failure of this patternmatching would cause a severe performance cliff. We are encouraged by recent attempts to support a restricted form of lifting <ref type="bibr" target="#b25">[27]</ref> but we believe progress would be much more rapid if there were a compiler that could emit efficient code for general-purpose lifted functions.</p></div>
<div xmlns="http://www.tei-c.org/ns/1.0"><head n="4.3">Ordered dimensions considered harmful</head><p>People have frequently advocated for "named dimensions", whereby the dimensions of an array are associated with a textual name along with, or instead of, their numeric position <ref type="bibr" target="#b26">[28]</ref><ref type="bibr" target="#b27">[29]</ref><ref type="bibr" target="#b28">[30]</ref><ref type="bibr" target="#b29">[31]</ref>. Named dimensions improve readability by making it easier to determine how dimensions in the code correspond to the semantic dimensions described in, e.g., a research paper. We believe their impact could be even greater in improving code modularity, as named dimensions would enable a language to move away from fixing an order on the dimensions of a given tensor, which in turn would make function lifting more convenient. (In APL, for example, where dimensions are strictly ordered, the rightmost dimensions are always lifted and an argument must be transposed to ensure the correct ordering before the function is called.)</p><p>In order to efficiently implement programs with named or unordered dimensions, we believe it will be necessary to rethink the design of the back end, for example adopting an IR that operates over unordered sets of dimensions, followed by a device-specific lowering to a concrete (ordered and optionally padded/tiled) memory layout. We are pleased to note that several projects <ref type="bibr" target="#b9">[11,</ref><ref type="bibr" target="#b12">14,</ref><ref type="bibr" target="#b30">32]</ref> have taken preliminary steps in this direction by decoupling to some extent the dimension order of the source code from that of the lowering, although they still require the front end to specify ordered dimensions for every array.</p></div>
<div xmlns="http://www.tei-c.org/ns/1.0"><head>A way forward</head><p>It is hard to experiment with front end features like named dimensions, because it is painful to match them to back ends that expect calls to monolithic kernels with fixed layout. On the other hand, there is little incentive to build high quality back ends that support other features, because all the front ends currently work in terms of monolithic operators. An end-to-end tool chain for machine learning requires solutions from many specialist disciplines. Despite impressive and sometimes heroic efforts on some of the sub-problems, we as a community should recognize that we aren't doing a great job of tackling the end-to-end problem in an integrated way. There are many sub-problems that we could be working on in an independent but coordinated way. In this spirit we present a possible research agenda:</p><p>• Language design, including automatic differentiation, using purely named dimensions and kernels expressed within the language syntax. • A back end IR defining a graph of layout-agnostic general-purpose loop nests. • Transformation passes for the above IR that lower it to a concrete CSE strategy, with the layout of each materialized intermediate. • Compilation passes that generate accelerator code given the lowered IR above, producing adequate code quickly, and close to peak performance after searching.</p><p>We do not want to minimize the thought and engineering that has gone into current machine learning tool chains, and clearly they are valuable to many. Our main concern is that the inflexibility of languages and back ends is a real brake on innovative research, that risks slowing progress in this very active field. We urge our colleagues to bear this in mind when designing accelerators, tool chains, and especially benchmarks.</p></div><figure xmlns="http://www.tei-c.org/ns/1.0" xml:id="fig_0"><head></head><label></label><figDesc>10</figDesc></figure>
<figure xmlns="http://www.tei-c.org/ns/1.0" xml:id="fig_1"><head>Figure 3 .</head><label>3</label><figDesc>Performance comparison of autotuned kernels</figDesc></figure>
			<note xmlns="http://www.tei-c.org/ns/1.0" place="foot" n="1">For an excellent tutorial on Capsule networks see<ref type="bibr" target="#b3">[4]</ref>.<ref type="bibr" target="#b1">2</ref> Section 4 discusses why these dimensions are used.</note>
			<note xmlns="http://www.tei-c.org/ns/1.0" place="foot" n="9">TensorFlow's XLA compiler can fuse most operators, including reductions, but its GPU backend must still call cuBLAS kernels for matrix multiplication operations to be performance competitive.</note>
			<note xmlns="http://www.tei-c.org/ns/1.0" place="foot" n="10">Current ML frameworks closely follow numpy/MatLab APIs.</note>
		</body>
		<back>
			<div type="references">

				<listBibl>

<biblStruct xml:id="b0">
	<analytic>
		<title level="a" type="main">Matrix capsules with em routing</title>
		<author>
			<persName xmlns="http://www.tei-c.org/ns/1.0"><forename type="first">G</forename><surname>Hinton</surname></persName>
		</author>
		<author>
			<persName xmlns="http://www.tei-c.org/ns/1.0"><forename type="first">S</forename><surname>Sabour</surname></persName>
		</author>
		<author>
			<persName xmlns="http://www.tei-c.org/ns/1.0"><forename type="first">N</forename><surname>Frosst</surname></persName>
		</author>
	</analytic>
	<monogr>
		<title level="m">International Conference on Learning Representations (ICLR)</title>
		<imprint>
			<date type="published" when="2018" />
		</imprint>
	</monogr>
</biblStruct>

<biblStruct xml:id="b1">
	<analytic>
		<title level="a" type="main">Tensorflow: A system for large-scale machine learning</title>
		<author>
			<persName xmlns="http://www.tei-c.org/ns/1.0"><forename type="first">M</forename><surname>Abadi</surname></persName>
		</author>
		<author>
			<persName xmlns="http://www.tei-c.org/ns/1.0"><forename type="first">P</forename><surname>Barham</surname></persName>
		</author>
		<author>
			<persName xmlns="http://www.tei-c.org/ns/1.0"><forename type="first">J</forename><surname>Chen</surname></persName>
		</author>
		<author>
			<persName xmlns="http://www.tei-c.org/ns/1.0"><forename type="first">Z</forename><surname>Chen</surname></persName>
		</author>
		<author>
			<persName xmlns="http://www.tei-c.org/ns/1.0"><forename type="first">A</forename><surname>Davis</surname></persName>
		</author>
		<author>
			<persName xmlns="http://www.tei-c.org/ns/1.0"><forename type="first">J</forename><surname>Dean</surname></persName>
		</author>
		<author>
			<persName xmlns="http://www.tei-c.org/ns/1.0"><forename type="first">M</forename><surname>Devin</surname></persName>
		</author>
		<author>
			<persName xmlns="http://www.tei-c.org/ns/1.0"><forename type="first">S</forename><surname>Ghemawat</surname></persName>
		</author>
		<author>
			<persName xmlns="http://www.tei-c.org/ns/1.0"><forename type="first">G</forename><surname>Irving</surname></persName>
		</author>
		<author>
			<persName xmlns="http://www.tei-c.org/ns/1.0"><forename type="first">M</forename><surname>Isard</surname></persName>
		</author>
		<author>
			<persName xmlns="http://www.tei-c.org/ns/1.0"><forename type="first">M</forename><surname>Kudlur</surname></persName>
		</author>
		<author>
			<persName xmlns="http://www.tei-c.org/ns/1.0"><forename type="first">J</forename><surname>Levenberg</surname></persName>
		</author>
		<author>
			<persName xmlns="http://www.tei-c.org/ns/1.0"><forename type="first">R</forename><surname>Monga</surname></persName>
		</author>
		<author>
			<persName xmlns="http://www.tei-c.org/ns/1.0"><forename type="first">S</forename><surname>Moore</surname></persName>
		</author>
		<author>
			<persName xmlns="http://www.tei-c.org/ns/1.0"><forename type="first">D</forename><forename type="middle">G</forename><surname>Murray</surname></persName>
		</author>
		<author>
			<persName xmlns="http://www.tei-c.org/ns/1.0"><forename type="first">B</forename><surname>Steiner</surname></persName>
		</author>
		<author>
			<persName xmlns="http://www.tei-c.org/ns/1.0"><forename type="first">P</forename><surname>Tucker</surname></persName>
		</author>
		<author>
			<persName xmlns="http://www.tei-c.org/ns/1.0"><forename type="first">V</forename><surname>Vasudevan</surname></persName>
		</author>
		<author>
			<persName xmlns="http://www.tei-c.org/ns/1.0"><forename type="first">P</forename><surname>Warden</surname></persName>
		</author>
		<author>
			<persName xmlns="http://www.tei-c.org/ns/1.0"><forename type="first">M</forename><surname>Wicke</surname></persName>
		</author>
		<author>
			<persName xmlns="http://www.tei-c.org/ns/1.0"><forename type="first">Y</forename><surname>Yu</surname></persName>
		</author>
		<author>
			<persName xmlns="http://www.tei-c.org/ns/1.0"><forename type="first">X</forename><surname>Zheng</surname></persName>
		</author>
	</analytic>
	<monogr>
		<title level="m">Proceedings of the 12th USENIX Conference on Operating Systems Design and Implementation, OSDI&apos;16</title>
		<meeting>the 12th USENIX Conference on Operating Systems Design and Implementation, OSDI&apos;16<address><addrLine>Berkeley, CA, USA</addrLine></address></meeting>
		<imprint>
			<publisher>USENIX Association</publisher>
			<date type="published" when="2016" />
			<biblScope unit="page" from="265" to="283" />
		</imprint>
	</monogr>
</biblStruct>

<biblStruct xml:id="b2">
	<monogr>
		<title level="m" type="main">PyTorch</title>
		<idno>2019-01-09</idno>
		<ptr target="https://pytorch.org/" />
		<imprint/>
	</monogr>
</biblStruct>

<biblStruct xml:id="b3">
	<monogr>
		<title level="m" type="main">Matrix-Capsules-with-EM-routing-Capsule-Network</title>
		<idno>2019-01-09</idno>
		<ptr target="https://jhui.github.io/2017/11/14/" />
		<imprint/>
	</monogr>
	<note>Understanding Matrix Capsules with EM Routing</note>
</biblStruct>

<biblStruct xml:id="b4">
	<analytic>
		<title level="a" type="main">Anatomy of high-performance deep learning convolutions on simd architectures</title>
		<author>
			<persName xmlns="http://www.tei-c.org/ns/1.0"><forename type="first">E</forename><surname>Georganas</surname></persName>
		</author>
		<author>
			<persName xmlns="http://www.tei-c.org/ns/1.0"><forename type="first">S</forename><surname>Avancha</surname></persName>
		</author>
		<author>
			<persName xmlns="http://www.tei-c.org/ns/1.0"><forename type="first">K</forename><surname>Banerjee</surname></persName>
		</author>
		<author>
			<persName xmlns="http://www.tei-c.org/ns/1.0"><forename type="first">D</forename><surname>Kalamkar</surname></persName>
		</author>
		<author>
			<persName xmlns="http://www.tei-c.org/ns/1.0"><forename type="first">G</forename><surname>Henry</surname></persName>
		</author>
		<author>
			<persName xmlns="http://www.tei-c.org/ns/1.0"><forename type="first">H</forename><surname>Pabst</surname></persName>
		</author>
		<author>
			<persName xmlns="http://www.tei-c.org/ns/1.0"><forename type="first">A</forename><surname>Heinecke</surname></persName>
		</author>
		<idno>66:1-66:12</idno>
	</analytic>
	<monogr>
		<title level="m">Proceedings of the International Conference for High Performance Computing, Networking, Storage, and Analysis, SC &apos;18</title>
		<meeting>the International Conference for High Performance Computing, Networking, Storage, and Analysis, SC &apos;18<address><addrLine>Piscataway, NJ, USA</addrLine></address></meeting>
		<imprint>
			<publisher>IEEE Press</publisher>
			<date type="published" when="2018" />
		</imprint>
	</monogr>
</biblStruct>

<biblStruct xml:id="b5">
	<monogr>
		<title/>
		<author>
			<persName xmlns="http://www.tei-c.org/ns/1.0"><forename type="first">C/C++</forename><surname>Kernels</surname></persName>
		</author>
		<idno>2019-01-09</idno>
		<ptr target="https://devblogs.nvidia.com/how-access-global-memory-efficiently-cuda-c-kernels/" />
		<imprint/>
	</monogr>
</biblStruct>

<biblStruct xml:id="b6">
	<analytic>
		<title level="a" type="main">Halide: A language and compiler for optimizing parallelism, locality, and recomputation in image processing pipelines</title>
		<author>
			<persName xmlns="http://www.tei-c.org/ns/1.0"><forename type="first">J</forename><surname>Ragan-Kelley</surname></persName>
		</author>
		<author>
			<persName xmlns="http://www.tei-c.org/ns/1.0"><forename type="first">C</forename><surname>Barnes</surname></persName>
		</author>
		<author>
			<persName xmlns="http://www.tei-c.org/ns/1.0"><forename type="first">A</forename><surname>Adams</surname></persName>
		</author>
		<author>
			<persName xmlns="http://www.tei-c.org/ns/1.0"><forename type="first">S</forename><surname>Paris</surname></persName>
		</author>
		<author>
			<persName xmlns="http://www.tei-c.org/ns/1.0"><forename type="first">F</forename><surname>Durand</surname></persName>
		</author>
		<author>
			<persName xmlns="http://www.tei-c.org/ns/1.0"><forename type="first">S</forename><surname>Amarasinghe</surname></persName>
		</author>
	</analytic>
	<monogr>
		<title level="m">Proceedings of the 34th ACM SIGPLAN Conference on Programming Language Design and Implementation, PLDI &apos;13</title>
		<meeting>the 34th ACM SIGPLAN Conference on Programming Language Design and Implementation, PLDI &apos;13<address><addrLine>New York, NY, USA</addrLine></address></meeting>
		<imprint>
			<publisher>ACM</publisher>
			<date type="published" when="2013" />
			<biblScope unit="page" from="519" to="530" />
		</imprint>
	</monogr>
</biblStruct>

<biblStruct xml:id="b7">
	<analytic>
		<title level="a" type="main">Tensor comprehensions: Framework-agnostic high-performance machine learning abstractions</title>
		<author>
			<persName xmlns="http://www.tei-c.org/ns/1.0"><forename type="first">N</forename><surname>Vasilache</surname></persName>
		</author>
		<author>
			<persName xmlns="http://www.tei-c.org/ns/1.0"><forename type="first">O</forename><surname>Zinenko</surname></persName>
		</author>
		<author>
			<persName xmlns="http://www.tei-c.org/ns/1.0"><forename type="first">T</forename><surname>Theodoridis</surname></persName>
		</author>
		<author>
			<persName xmlns="http://www.tei-c.org/ns/1.0"><forename type="first">P</forename><surname>Goyal</surname></persName>
		</author>
		<author>
			<persName xmlns="http://www.tei-c.org/ns/1.0"><forename type="first">Z</forename><surname>Devito</surname></persName>
		</author>
		<author>
			<persName xmlns="http://www.tei-c.org/ns/1.0"><forename type="first">W</forename><forename type="middle">S</forename><surname>Moses</surname></persName>
		</author>
		<author>
			<persName xmlns="http://www.tei-c.org/ns/1.0"><forename type="first">S</forename><surname>Verdoolaege</surname></persName>
		</author>
		<author>
			<persName xmlns="http://www.tei-c.org/ns/1.0"><forename type="first">A</forename><surname>Adams</surname></persName>
		</author>
		<author>
			<persName xmlns="http://www.tei-c.org/ns/1.0"><forename type="first">A</forename><surname>Cohen</surname></persName>
		</author>
		<idno>abs/1802.04730</idno>
	</analytic>
	<monogr>
		<title level="j">CoRR</title>
		<imprint>
			<date type="published" when="2018" />
		</imprint>
	</monogr>
</biblStruct>

<biblStruct xml:id="b8">
	<monogr>
		<title level="m" type="main">PlaidML</title>
		<idno>2019- 01-09</idno>
		<ptr target="https://github.com/plaidml/plaidml" />
		<imprint/>
	</monogr>
</biblStruct>

<biblStruct xml:id="b9">
	<monogr>
		<title level="m" type="main">End to end deep learning compiler stack</title>
		<ptr target="https://tvm.ai/.Ac-cessed2019-01-09" />
		<imprint/>
	</monogr>
</biblStruct>

<biblStruct xml:id="b10">
	<analytic>
		<title level="a" type="main">Maximum likelihood from incomplete data via the EM algorithm</title>
		<author>
			<persName xmlns="http://www.tei-c.org/ns/1.0"><forename type="first">A</forename><forename type="middle">P</forename><surname>Dempster</surname></persName>
		</author>
		<author>
			<persName xmlns="http://www.tei-c.org/ns/1.0"><forename type="first">N</forename><forename type="middle">M</forename><surname>Laird</surname></persName>
		</author>
		<author>
			<persName xmlns="http://www.tei-c.org/ns/1.0"><forename type="first">D</forename><forename type="middle">B</forename><surname>Rubin</surname></persName>
		</author>
	</analytic>
	<monogr>
		<title level="j">Journal Of The Royal Statistical Society, Series B</title>
		<imprint>
			<biblScope unit="volume">39</biblScope>
			<biblScope unit="issue">1</biblScope>
			<biblScope unit="page" from="1" to="38" />
			<date type="published" when="1977" />
		</imprint>
	</monogr>
</biblStruct>

<biblStruct xml:id="b11">
	<analytic>
		<title level="a" type="main">Deep residual learning for image recognition</title>
		<author>
			<persName xmlns="http://www.tei-c.org/ns/1.0"><forename type="first">K</forename><surname>He</surname></persName>
		</author>
		<author>
			<persName xmlns="http://www.tei-c.org/ns/1.0"><forename type="first">X</forename><surname>Zhang</surname></persName>
		</author>
		<author>
			<persName xmlns="http://www.tei-c.org/ns/1.0"><forename type="first">S</forename><surname>Ren</surname></persName>
		</author>
		<author>
			<persName xmlns="http://www.tei-c.org/ns/1.0"><forename type="first">J</forename><surname>Sun</surname></persName>
		</author>
		<idno>abs/1512.03385</idno>
	</analytic>
	<monogr>
		<title level="j">CoRR</title>
		<imprint>
			<date type="published" when="2015" />
		</imprint>
	</monogr>
</biblStruct>

<biblStruct xml:id="b12">
	<monogr>
		<title level="m" type="main">XLA: Accelerated linear algebra</title>
		<idno>2019-01-09</idno>
		<ptr target="https://www.tensorflow.org/xla" />
		<imprint/>
	</monogr>
</biblStruct>

<biblStruct xml:id="b13">
	<analytic>
		<title level="a" type="main">Deep compression: Compressing deep neural network with pruning, trained quantization and huffman coding</title>
		<author>
			<persName xmlns="http://www.tei-c.org/ns/1.0"><forename type="first">S</forename><surname>Han</surname></persName>
		</author>
		<author>
			<persName xmlns="http://www.tei-c.org/ns/1.0"><forename type="first">H</forename><surname>Mao</surname></persName>
		</author>
		<author>
			<persName xmlns="http://www.tei-c.org/ns/1.0"><forename type="first">W</forename><forename type="middle">J</forename><surname>Dally</surname></persName>
		</author>
		<idno>abs/1510.00149</idno>
	</analytic>
	<monogr>
		<title level="j">CoRR</title>
		<imprint>
			<date type="published" when="2015" />
		</imprint>
	</monogr>
</biblStruct>

<biblStruct xml:id="b14">
	<analytic>
		<title level="a" type="main">Training deep nets with sublinear memory cost</title>
		<author>
			<persName xmlns="http://www.tei-c.org/ns/1.0"><forename type="first">T</forename><surname>Chen</surname></persName>
		</author>
		<author>
			<persName xmlns="http://www.tei-c.org/ns/1.0"><forename type="first">B</forename><surname>Xu</surname></persName>
		</author>
		<author>
			<persName xmlns="http://www.tei-c.org/ns/1.0"><forename type="first">C</forename><surname>Zhang</surname></persName>
		</author>
		<author>
			<persName xmlns="http://www.tei-c.org/ns/1.0"><forename type="first">C</forename><surname>Guestrin</surname></persName>
		</author>
		<idno>abs/1604.06174</idno>
	</analytic>
	<monogr>
		<title level="j">CoRR</title>
		<imprint>
			<date type="published" when="2016" />
		</imprint>
	</monogr>
</biblStruct>

<biblStruct xml:id="b15">
	<analytic>
		<title level="a" type="main">Device placement optimization with reinforcement learning</title>
		<author>
			<persName xmlns="http://www.tei-c.org/ns/1.0"><forename type="first">A</forename><surname>Mirhoseini</surname></persName>
		</author>
		<author>
			<persName xmlns="http://www.tei-c.org/ns/1.0"><forename type="first">H</forename><surname>Pham</surname></persName>
		</author>
		<author>
			<persName xmlns="http://www.tei-c.org/ns/1.0"><forename type="first">Q</forename><forename type="middle">V</forename><surname>Le</surname></persName>
		</author>
		<author>
			<persName xmlns="http://www.tei-c.org/ns/1.0"><forename type="first">B</forename><surname>Steiner</surname></persName>
		</author>
		<author>
			<persName xmlns="http://www.tei-c.org/ns/1.0"><forename type="first">R</forename><surname>Larsen</surname></persName>
		</author>
		<author>
			<persName xmlns="http://www.tei-c.org/ns/1.0"><forename type="first">Y</forename><surname>Zhou</surname></persName>
		</author>
		<author>
			<persName xmlns="http://www.tei-c.org/ns/1.0"><forename type="first">N</forename><surname>Kumar</surname></persName>
		</author>
		<author>
			<persName xmlns="http://www.tei-c.org/ns/1.0"><forename type="first">M</forename><surname>Norouzi</surname></persName>
		</author>
		<author>
			<persName xmlns="http://www.tei-c.org/ns/1.0"><forename type="first">S</forename><surname>Bengio</surname></persName>
		</author>
		<author>
			<persName xmlns="http://www.tei-c.org/ns/1.0"><forename type="first">J</forename><surname>Dean</surname></persName>
		</author>
		<idno>abs/1706.04972</idno>
	</analytic>
	<monogr>
		<title level="j">CoRR</title>
		<imprint>
			<date type="published" when="2017" />
		</imprint>
	</monogr>
</biblStruct>

<biblStruct xml:id="b16">
	<analytic>
		<title level="a" type="main">Beyond data and model parallelism for deep neural networks</title>
		<author>
			<persName xmlns="http://www.tei-c.org/ns/1.0"><forename type="first">Z</forename><surname>Jia</surname></persName>
		</author>
		<author>
			<persName xmlns="http://www.tei-c.org/ns/1.0"><forename type="first">M</forename><surname>Zaharia</surname></persName>
		</author>
		<author>
			<persName xmlns="http://www.tei-c.org/ns/1.0"><forename type="first">A</forename><surname>Aiken</surname></persName>
		</author>
	</analytic>
	<monogr>
		<title level="m">Proc. Conference on Systems and Machine Learning</title>
		<meeting>Conference on Systems and Machine Learning</meeting>
		<imprint>
			<date type="published" when="2019" />
		</imprint>
	</monogr>
</biblStruct>

<biblStruct xml:id="b17">
	<analytic>
		<title level="a" type="main">Optimizing DNN computation with relaxed graph substitutions</title>
		<author>
			<persName xmlns="http://www.tei-c.org/ns/1.0"><forename type="first">Z</forename><surname>Jia</surname></persName>
		</author>
		<author>
			<persName xmlns="http://www.tei-c.org/ns/1.0"><forename type="first">J</forename><surname>Thomas</surname></persName>
		</author>
		<author>
			<persName xmlns="http://www.tei-c.org/ns/1.0"><forename type="first">T</forename><surname>Warszawski</surname></persName>
		</author>
		<author>
			<persName xmlns="http://www.tei-c.org/ns/1.0"><forename type="first">M</forename><surname>Gao</surname></persName>
		</author>
		<author>
			<persName xmlns="http://www.tei-c.org/ns/1.0"><forename type="first">M</forename><surname>Zaharia</surname></persName>
		</author>
		<author>
			<persName xmlns="http://www.tei-c.org/ns/1.0"><forename type="first">A</forename><surname>Aiken</surname></persName>
		</author>
	</analytic>
	<monogr>
		<title level="m">Proc. Conference on Systems and Machine Learning</title>
		<meeting>Conference on Systems and Machine Learning</meeting>
		<imprint>
			<date type="published" when="2019" />
		</imprint>
	</monogr>
</biblStruct>

<biblStruct xml:id="b18">
	<analytic>
		<title level="a" type="main">Learning to optimize halide with tree search and random programs</title>
		<author>
			<persName xmlns="http://www.tei-c.org/ns/1.0"><forename type="first">A</forename><surname>Adams</surname></persName>
		</author>
		<author>
			<persName xmlns="http://www.tei-c.org/ns/1.0"><forename type="first">K</forename><surname>Ma</surname></persName>
		</author>
		<author>
			<persName xmlns="http://www.tei-c.org/ns/1.0"><forename type="first">L</forename><surname>Anderson</surname></persName>
		</author>
		<author>
			<persName xmlns="http://www.tei-c.org/ns/1.0"><forename type="first">R</forename><surname>Baghdadi</surname></persName>
		</author>
		<author>
			<persName xmlns="http://www.tei-c.org/ns/1.0"><forename type="first">T.-M</forename><surname>Li</surname></persName>
		</author>
		<author>
			<persName xmlns="http://www.tei-c.org/ns/1.0"><forename type="first">S</forename><surname>Johnson</surname></persName>
		</author>
		<author>
			<persName xmlns="http://www.tei-c.org/ns/1.0"><forename type="first">M</forename><surname>Gharbi</surname></persName>
		</author>
		<author>
			<persName xmlns="http://www.tei-c.org/ns/1.0"><forename type="first">B</forename><surname>Steiner</surname></persName>
		</author>
		<author>
			<persName xmlns="http://www.tei-c.org/ns/1.0"><forename type="first">K</forename><surname>Fatahalian</surname></persName>
		</author>
		<author>
			<persName xmlns="http://www.tei-c.org/ns/1.0"><forename type="first">F</forename><surname>Durand</surname></persName>
		</author>
		<author>
			<persName xmlns="http://www.tei-c.org/ns/1.0"><forename type="first">J</forename><surname>Ragan-Kelley</surname></persName>
		</author>
	</analytic>
	<monogr>
		<title level="j">ACM Transactions on Graphics</title>
		<imprint>
			<biblScope unit="page">19</biblScope>
			<date type="published" when="2019" />
		</imprint>
	</monogr>
</biblStruct>

<biblStruct xml:id="b19">
	<analytic>
		<title level="a" type="main">Mastering the game of go with deep neural networks and tree search</title>
		<author>
			<persName xmlns="http://www.tei-c.org/ns/1.0"><forename type="first">D</forename><surname>Silver</surname></persName>
		</author>
		<author>
			<persName xmlns="http://www.tei-c.org/ns/1.0"><forename type="first">A</forename><surname>Huang</surname></persName>
		</author>
		<author>
			<persName xmlns="http://www.tei-c.org/ns/1.0"><forename type="first">C</forename><forename type="middle">J</forename><surname>Maddison</surname></persName>
		</author>
		<author>
			<persName xmlns="http://www.tei-c.org/ns/1.0"><forename type="first">A</forename><surname>Guez</surname></persName>
		</author>
		<author>
			<persName xmlns="http://www.tei-c.org/ns/1.0"><forename type="first">L</forename><surname>Sifre</surname></persName>
		</author>
		<author>
			<persName xmlns="http://www.tei-c.org/ns/1.0"><forename type="first">G</forename><surname>Van Den Driessche</surname></persName>
		</author>
		<author>
			<persName xmlns="http://www.tei-c.org/ns/1.0"><forename type="first">J</forename><surname>Schrittwieser</surname></persName>
		</author>
		<author>
			<persName xmlns="http://www.tei-c.org/ns/1.0"><forename type="first">I</forename><surname>Antonoglou</surname></persName>
		</author>
		<author>
			<persName xmlns="http://www.tei-c.org/ns/1.0"><forename type="first">V</forename><surname>Panneershelvam</surname></persName>
		</author>
		<author>
			<persName xmlns="http://www.tei-c.org/ns/1.0"><forename type="first">M</forename><surname>Lanctot</surname></persName>
		</author>
		<author>
			<persName xmlns="http://www.tei-c.org/ns/1.0"><forename type="first">S</forename><surname>Dieleman</surname></persName>
		</author>
		<author>
			<persName xmlns="http://www.tei-c.org/ns/1.0"><forename type="first">D</forename><surname>Grewe</surname></persName>
		</author>
		<author>
			<persName xmlns="http://www.tei-c.org/ns/1.0"><forename type="first">J</forename><surname>Nham</surname></persName>
		</author>
		<author>
			<persName xmlns="http://www.tei-c.org/ns/1.0"><forename type="first">N</forename><surname>Kalchbrenner</surname></persName>
		</author>
		<author>
			<persName xmlns="http://www.tei-c.org/ns/1.0"><forename type="first">I</forename><surname>Sutskever</surname></persName>
		</author>
		<author>
			<persName xmlns="http://www.tei-c.org/ns/1.0"><forename type="first">T</forename><surname>Lillicrap</surname></persName>
		</author>
		<author>
			<persName xmlns="http://www.tei-c.org/ns/1.0"><forename type="first">M</forename><surname>Leach</surname></persName>
		</author>
		<author>
			<persName xmlns="http://www.tei-c.org/ns/1.0"><forename type="first">K</forename><surname>Kavukcuoglu</surname></persName>
		</author>
		<author>
			<persName xmlns="http://www.tei-c.org/ns/1.0"><forename type="first">T</forename><surname>Graepel</surname></persName>
		</author>
		<author>
			<persName xmlns="http://www.tei-c.org/ns/1.0"><forename type="first">D</forename><surname>Hassabis</surname></persName>
		</author>
	</analytic>
	<monogr>
		<title level="j">Nature</title>
		<imprint>
			<biblScope unit="volume">529</biblScope>
			<biblScope unit="page" from="484" to="503" />
			<date type="published" when="2016" />
		</imprint>
	</monogr>
</biblStruct>

<biblStruct xml:id="b20">
	<monogr>
		<title level="m" type="main">APL programming language</title>
		<idno>2019-01-09</idno>
		<ptr target="https://en.wikipedia.org/wiki/APL_(programming_language" />
		<imprint/>
	</monogr>
</biblStruct>

<biblStruct xml:id="b21">
	<monogr>
		<title level="m" type="main">TensorFlow</title>
		<idno>2019-01-09</idno>
		<ptr target="https://www.tensorflow.org/" />
		<imprint/>
	</monogr>
</biblStruct>

<biblStruct xml:id="b22">
	<analytic>
		<title/>
		<idno>2019-01-09</idno>
		<ptr target="https://software.intel.com/en-us/mkl" />
	</analytic>
	<monogr>
		<title level="j">Intel Math Kernel Library</title>
		<imprint/>
	</monogr>
</biblStruct>

<biblStruct xml:id="b23">
	<monogr>
		<title/>
		<author>
			<persName xmlns="http://www.tei-c.org/ns/1.0"><forename type="first">Cuda</forename><surname>About</surname></persName>
		</author>
		<ptr target="https://developer.nvidia.com/about-cuda.Ac-cessed2019-01-09" />
		<imprint/>
	</monogr>
</biblStruct>

<biblStruct xml:id="b24">
	<analytic>
		<title level="a" type="main">Julia: A fresh approach to numerical computing</title>
		<author>
			<persName xmlns="http://www.tei-c.org/ns/1.0"><forename type="first">J</forename><surname>Bezanson</surname></persName>
		</author>
		<author>
			<persName xmlns="http://www.tei-c.org/ns/1.0"><forename type="first">A</forename><surname>Edelman</surname></persName>
		</author>
		<author>
			<persName xmlns="http://www.tei-c.org/ns/1.0"><forename type="first">S</forename><surname>Karpinski</surname></persName>
		</author>
		<author>
			<persName xmlns="http://www.tei-c.org/ns/1.0"><forename type="first">V</forename><forename type="middle">B</forename><surname>Shah</surname></persName>
		</author>
		<idno>abs/1411.1607</idno>
	</analytic>
	<monogr>
		<title level="j">CoRR</title>
		<imprint>
			<date type="published" when="2014" />
		</imprint>
	</monogr>
</biblStruct>

<biblStruct xml:id="b25">
	<monogr>
		<title level="m" type="main">Auto-vectorization with vmap</title>
		<idno>2019-01-09</idno>
		<ptr target="https://github.com/google/jax#auto-vectorization-with-vmap" />
		<imprint/>
	</monogr>
</biblStruct>

<biblStruct xml:id="b26">
	<monogr>
		<title/>
		<author>
			<persName xmlns="http://www.tei-c.org/ns/1.0"><surname>Labeledtensor</surname></persName>
		</author>
		<ptr target="https://github.com/colah/LabeledTensor.Accessed" />
		<imprint>
			<date type="published" when="2019-01-09" />
		</imprint>
	</monogr>
</biblStruct>

<biblStruct xml:id="b27">
	<monogr>
		<title level="m" type="main">Labels for TensorFlow</title>
		<idno>2019-01-09</idno>
		<ptr target="https://github.com/tensorflow/tensorflow/tree/master/tensorflow/contrib/labeled_tensor" />
		<imprint/>
	</monogr>
</biblStruct>

<biblStruct xml:id="b28">
	<monogr>
		<title level="m" type="main">Tensor considered harmful</title>
		<idno>2019-01-09</idno>
		<ptr target="http://nlp.seas.harvard.edu/NamedTensor" />
		<imprint/>
	</monogr>
</biblStruct>

<biblStruct xml:id="b29">
	<analytic>
		<title level="a" type="main">Mesh-tensorflow: Deep learning for supercomputers</title>
		<author>
			<persName xmlns="http://www.tei-c.org/ns/1.0"><forename type="first">N</forename><surname>Shazeer</surname></persName>
		</author>
		<author>
			<persName xmlns="http://www.tei-c.org/ns/1.0"><forename type="first">Y</forename><surname>Cheng</surname></persName>
		</author>
		<author>
			<persName xmlns="http://www.tei-c.org/ns/1.0"><forename type="first">N</forename><surname>Parmar</surname></persName>
		</author>
		<author>
			<persName xmlns="http://www.tei-c.org/ns/1.0"><forename type="first">D</forename><surname>Tran</surname></persName>
		</author>
		<author>
			<persName xmlns="http://www.tei-c.org/ns/1.0"><forename type="first">A</forename><surname>Vaswani</surname></persName>
		</author>
		<author>
			<persName xmlns="http://www.tei-c.org/ns/1.0"><forename type="first">P</forename><surname>Koanantakool</surname></persName>
		</author>
		<author>
			<persName xmlns="http://www.tei-c.org/ns/1.0"><forename type="first">P</forename><surname>Hawkins</surname></persName>
		</author>
		<author>
			<persName xmlns="http://www.tei-c.org/ns/1.0"><forename type="first">H</forename><surname>Lee</surname></persName>
		</author>
		<author>
			<persName xmlns="http://www.tei-c.org/ns/1.0"><forename type="first">M</forename><surname>Hong</surname></persName>
		</author>
		<author>
			<persName xmlns="http://www.tei-c.org/ns/1.0"><forename type="first">C</forename><surname>Young</surname></persName>
		</author>
		<author>
			<persName xmlns="http://www.tei-c.org/ns/1.0"><forename type="first">R</forename><surname>Sepassi</surname></persName>
		</author>
		<author>
			<persName xmlns="http://www.tei-c.org/ns/1.0"><forename type="first">B</forename><forename type="middle">A</forename><surname>Hechtman</surname></persName>
		</author>
		<idno>abs/1811.02084</idno>
	</analytic>
	<monogr>
		<title level="j">CoRR</title>
		<imprint>
			<date type="published" when="2018" />
		</imprint>
	</monogr>
</biblStruct>

<biblStruct xml:id="b30">
	<monogr>
		<title level="m" type="main">Multi-level intermediate representation</title>
		<ptr target="https://github.com/tensorflow/mlir.Accessed" />
		<imprint>
			<date type="published" when="2019-04-05" />
		</imprint>
	</monogr>
</biblStruct>

				</listBibl>
			</div>
		</back>
	</text>
</TEI>
