<?xml version="1.0" encoding="UTF-8"?>
<TEI xml:space="preserve" xmlns="http://www.tei-c.org/ns/1.0" 
xmlns:xsi="http://www.w3.org/2001/XMLSchema-instance" 
xsi:schemaLocation="http://www.tei-c.org/ns/1.0 /Users/cindy/tmp/grobid-0.6.1/grobid-home/schemas/xsd/Grobid.xsd"
 xmlns:xlink="http://www.w3.org/1999/xlink">
	<teiHeader xml:lang="en">
		<fileDesc>
			<titleStmt>
				<title level="a" type="main"></title>
			</titleStmt>
			<publicationStmt>
				<publisher/>
				<availability status="unknown"><licence/></availability>
				<date type="published" when="2016-12-25">25 Dec 2016</date>
			</publicationStmt>
			<sourceDesc>
				<biblStruct>
					<analytic>
						<author>
							<persName xmlns="http://www.tei-c.org/ns/1.0"><forename type="first">Joseph</forename><surname>Redmon</surname></persName>
							<affiliation key="aff0">
								<orgName type="institution" key="instit1">University of Washington *</orgName>
								<orgName type="institution" key="instit2">Allen Institute for AI †</orgName>
							</affiliation>
						</author>
						<author>
							<persName xmlns="http://www.tei-c.org/ns/1.0"><forename type="first">Ali</forename><surname>Farhadi</surname></persName>
							<affiliation key="aff0">
								<orgName type="institution" key="instit1">University of Washington *</orgName>
								<orgName type="institution" key="instit2">Allen Institute for AI †</orgName>
							</affiliation>
						</author>
					</analytic>
					<monogr>
						<imprint>
							<date type="published" when="2016-12-25">25 Dec 2016</date>
						</imprint>
					</monogr>
					<idno type="arXiv">arXiv:1612.08242v1[cs.CV]</idno>
				</biblStruct>
			</sourceDesc>
		</fileDesc>
		<encodingDesc>
			<appInfo>
				<application version="0.6.1" ident="GROBID" when="2021-01-31T12:42+0000">
					<desc>GROBID - A machine learning software for extracting information from scholarly documents</desc>
					<ref target="https://github.com/kermitt2/grobid"/>
				</application>
			</appInfo>
		</encodingDesc>
		<profileDesc>
			<textClass>
				<keywords>
					<term>Better</term>
					<term>Faster</term>
					<term>Stronger</term>
				</keywords>
			</textClass>
			<abstract>
				<p>We introduce YOLO9000, a state-of-the-art, real-time object detection system that can detect over 9000 object categories. First we propose various improvements to the YOLO detection method, both novel and drawn from prior work. The improved model, YOLOv2, is state-of-the-art on standard detection tasks like PASCAL VOC and COCO. Using a novel, multi-scale training method the same YOLOv2 model can run at varying sizes, offering an easy tradeoff between speed and accuracy. At 67 FPS, YOLOv2 gets 76.8 mAP on VOC 2007. At 40 FPS, YOLOv2 gets 78.6 mAP, outperforming state-of-the-art methods like Faster R-CNN with ResNet and SSD while still running significantly faster. Finally we propose a method to jointly train on object detection and classification. Using this method we train YOLO9000 simultaneously on the COCO detection dataset and the ImageNet classification dataset. Our joint training allows YOLO9000 to predict detections for object classes that don&apos;t have labelled detection data. We validate our approach on the ImageNet detection task. YOLO9000 gets 19.7 mAP on the ImageNet detection validation set despite only having detection data for 44 of the 200 classes. On the 156 classes not in COCO, YOLO9000 gets 16.0 mAP. But YOLO can detect more than just 200 classes; it predicts detections for more than 9000 different object categories. And it still runs in real-time.</p>
			</abstract>
		</profileDesc>
	</teiHeader>
	<text xml:lang="en">
		<body>
<div xmlns="http://www.tei-c.org/ns/1.0"><head n="1.">Introduction</head><p>General purpose object detection should be fast, accurate, and able to recognize a wide variety of objects. Since the introduction of neural networks, detection frameworks have become increasingly fast and accurate. However, most detection methods are still constrained to a small set of objects.</p><p>Current object detection datasets are limited compared to datasets for other tasks like classification and tagging. The most common detection datasets contain thousands to hundreds of thousands of images with dozens to hundreds of tags <ref type="bibr" target="#b2">[3]</ref>  <ref type="bibr" target="#b9">[10]</ref>  <ref type="bibr" target="#b1">[2]</ref>. Classification datasets have millions of images with tens or hundreds of thousands of categories <ref type="bibr" target="#b19">[20]</ref>  <ref type="bibr" target="#b1">[2]</ref>.</p><p>We would like detection to scale to level of object classification. However, labelling images for detection is far more expensive than labelling for classification or tagging (tags are often user-supplied for free). Thus we are unlikely to see detection datasets on the same scale as classification datasets in the near future.</p><p>We propose a new method to harness the large amount of classification data we already have and use it to expand the scope of current detection systems. Our method uses a hierarchical view of object classification that allows us to combine distinct datasets together.</p><p>We also propose a joint training algorithm that allows us to train object detectors on both detection and classification data. Our method leverages labeled detection images to learn to precisely localize objects while it uses classification images to increase its vocabulary and robustness.</p><p>Using this method we train YOLO9000, a real-time object detector that can detect over 9000 different object categories. First we improve upon the base YOLO detection system to produce YOLOv2, a state-of-the-art, real-time detector. Then we use our dataset combination method and joint training algorithm to train a model on more than 9000 classes from ImageNet as well as detection data from COCO.</p><p>All of our code and pre-trained models are available online at http://pjreddie.com/yolo9000/.</p></div>
<div xmlns="http://www.tei-c.org/ns/1.0"><head n="2.">Better</head><p>YOLO suffers from a variety of shortcomings relative to state-of-the-art detection systems. Error analysis of YOLO compared to Fast R-CNN shows that YOLO makes a significant number of localization errors. Furthermore, YOLO has relatively low recall compared to region proposal-based methods. Thus we focus mainly on improving recall and localization while maintaining classification accuracy.</p><p>Computer vision generally trends towards larger, deeper networks <ref type="bibr" target="#b5">[6]</ref>  <ref type="bibr" target="#b17">[18]</ref>  <ref type="bibr" target="#b16">[17]</ref>. Better performance often hinges on training larger networks or ensembling multiple models together. However, with YOLOv2 we want a more accurate detector that is still fast. Instead of scaling up our network, we simplify the network and then make the representation easier to learn. We pool a variety of ideas from past work with our own novel concepts to improve YOLO's performance. A summary of results can be found in <ref type="table" target="#tab_5">Table 2</ref>.</p><p>Batch Normalization. Batch normalization leads to significant improvements in convergence while eliminating the need for other forms of regularization <ref type="bibr" target="#b6">[7]</ref>. By adding batch normalization on all of the convolutional layers in YOLO we get more than 2% improvement in mAP. Batch normalization also helps regularize the model. With batch normalization we can remove dropout from the model without overfitting.</p><p>High Resolution Classifier. All state-of-the-art detection methods use classifier pre-trained on ImageNet <ref type="bibr" target="#b15">[16]</ref>. Starting with AlexNet most classifiers operate on input images smaller than 256 × 256 <ref type="bibr" target="#b7">[8]</ref>. The original YOLO trains the classifier network at 224 × 224 and increases the resolution to 448 for detection. This means the network has to simultaneously switch to learning object detection and adjust to the new input resolution.</p><p>For YOLOv2 we first fine tune the classification network at the full 448 × 448 resolution for 10 epochs on ImageNet. This gives the network time to adjust its filters to work better on higher resolution input. We then fine tune the resulting network on detection. This high resolution classification network gives us an increase of almost 4% mAP.</p><p>Convolutional With Anchor Boxes. YOLO predicts the coordinates of bounding boxes directly using fully connected layers on top of the convolutional feature extractor. Instead of predicting coordinates directly Faster R-CNN predicts bounding boxes using hand-picked priors <ref type="bibr" target="#b14">[15]</ref>. Using only convolutional layers the region proposal network (RPN) in Faster R-CNN predicts offsets and confidences for anchor boxes. Since the prediction layer is convolutional, the RPN predicts these offsets at every location in a feature map. Predicting offsets instead of coordinates simplifies the problem and makes it easier for the network to learn.</p><p>We remove the fully connected layers from YOLO and use anchor boxes to predict bounding boxes. First we eliminate one pooling layer to make the output of the network's convolutional layers higher resolution. We also shrink the network to operate on 416 input images instead of 448×448. We do this because we want an odd number of locations in our feature map so there is a single center cell. Objects, especially large objects, tend to occupy the center of the image so it's good to have a single location right at the center to predict these objects instead of four locations that are all nearby. YOLO's convolutional layers downsample the image by a factor of 32 so by using an input image of 416 we get an output feature map of 13 × 13.</p><p>When we move to anchor boxes we also decouple the class prediction mechanism from the spatial location and instead predict class and objectness for every anchor box. Following YOLO, the objectness prediction still predicts the IOU of the ground truth and the proposed box and the class predictions predict the conditional probability of that class given that there is an object.</p><p>Using anchor boxes we get a small decrease in accuracy. YOLO only predicts 98 boxes per image but with anchor boxes our model predicts more than a thousand. Without anchor boxes our intermediate model gets 69.5 mAP with a recall of 81%. With anchor boxes our model gets 69.2 mAP with a recall of 88%. Even though the mAP decreases, the increase in recall means that our model has more room to improve.</p><p>Dimension Clusters. We encounter two issues with anchor boxes when using them with YOLO. The first is that the box dimensions are hand picked. The network can learn to adjust the boxes appropriately but if we pick better priors for the network to start with we can make it easier for the network to learn to predict good detections.</p><p>Instead of choosing priors by hand, we run k-means clustering on the training set bounding boxes to automat- ically find good priors. If we use standard k-means with Euclidean distance larger boxes generate more error than smaller boxes. However, what we really want are priors that lead to good IOU scores, which is independent of the size of the box. Thus for our distance metric we use:</p><formula xml:id="formula_0">d(box, centroid) = 1 − IOU(box, centroid)</formula><p>We run k-means for various values of k and plot the average IOU with closest centroid, see <ref type="figure">Figure 2</ref>. We choose k = 5 as a good tradeoff between model complexity and high recall. The cluster centroids are significantly different than hand-picked anchor boxes. There are fewer short, wide boxes and more tall, thin boxes.</p><p>We compare the average IOU to closest prior of our clustering strategy and the hand-picked anchor boxes in <ref type="table" target="#tab_1">Table 1</ref>. At only 5 priors the centroids perform similarly to 9 anchor boxes with an average IOU of 61.0 compared to 60.9. If we use 9 centroids we see a much higher average IOU. This indicates that using k-means to generate our bounding box starts the model off with a better representation and makes the task easier to learn. The average IOU of objects on VOC 2007 to their closest, unmodified prior using different generation methods. Clustering gives much better results than using hand-picked priors.</p></div>
<div xmlns="http://www.tei-c.org/ns/1.0"><head>Box Generation</head><p>Direct location prediction. When using anchor boxes with YOLO we encounter a second issue: model instability, especially during early iterations. Most of the instability comes from predicting the (x, y) locations for the box. In region proposal networks the network predicts values t x and t y and the (x, y) center coordinates are calculated as:</p><formula xml:id="formula_1">x = (t x * w a ) − x a y = (t y * h a ) − y a</formula><p>For example, a prediction of t x = 1 would shift the box to the right by the width of the anchor box, a prediction of t x = −1 would shift it to the left by the same amount.</p><p>This formulation is unconstrained so any anchor box can end up at any point in the image, regardless of what location predicted the box. With random initialization the model takes a long time to stabilize to predicting sensible offsets.</p><p>Instead of predicting offsets we follow the approach of YOLO and predict location coordinates relative to the location of the grid cell. This bounds the ground truth to fall between 0 and 1. We use a logistic activation to constrain the network's predictions to fall in this range.</p><p>The network predicts 5 bounding boxes at each cell in the output feature map. The network predicts 5 coordinates for each bounding box, t x , t y , t w , t h , and t o . If the cell is offset from the top left corner of the image by (c x , c y ) and the bounding box prior has width and height p w , p h , then the predictions correspond to:</p><formula xml:id="formula_2">b x = σ(t x ) + c x b y = σ(t y ) + c y b w = p w e tw b h = p h e t h P r(object) * IOU (b, object) = σ(t o )</formula><p>Since we constrain the location prediction the parametrization is easier to learn, making the network more stable. Using dimension clusters along with directly predicting the bounding box center location improves YOLO by almost 5% over the version with anchor boxes.</p><p>Fine-Grained Features.This modified YOLO predicts detections on a 13 × 13 feature map. While this is sufficient for large objects, it may benefit from finer grained features for localizing smaller objects. Faster R-CNN and SSD both run their proposal networks at various feature maps in the network to get a range of resolutions. We take a different approach, simply adding a passthrough layer that brings features from an earlier layer at 26 × 26 resolution.</p><p>The passthrough layer concatenates the higher resolution features with the low resolution features by stacking adjacent features into different channels instead of spatial locations, similar to the identity mappings in ResNet. This <ref type="figure">Figure 3</ref>: Bounding boxes with dimension priors and location prediction. We predict the width and height of the box as offsets from cluster centroids. We predict the center coordinates of the box relative to the location of filter application using a sigmoid function.</p><formula xml:id="formula_3">σ(t x ) σ(t y ) p w p h b h b w b w =p w e b h =p h e c x c y b x =σ(t x )+c x b y =σ(t y )+c y t w t h</formula><p>turns the 26 × 26 × 512 feature map into a 13 × 13 × 2048 feature map, which can be concatenated with the original features. Our detector runs on top of this expanded feature map so that it has access to fine grained features. This gives a modest 1% performance increase.</p><p>Multi-Scale Training. The original YOLO uses an input resolution of 448 × 448. With the addition of anchor boxes we changed the resolution to 416×416. However, since our model only uses convolutional and pooling layers it can be resized on the fly. We want YOLOv2 to be robust to running on images of different sizes so we train this into the model. Instead of fixing the input image size we change the network every few iterations. Every 10 batches our network randomly chooses a new image dimension size. Since our model downsamples by a factor of 32, we pull from the following multiples of 32: {320, 352, ..., 608}. Thus the smallest option is 320 × 320 and the largest is 608 × 608. We resize the network to that dimension and continue training.</p><p>This regime forces the network to learn to predict well across a variety of input dimensions. This means the same network can predict detections at different resolutions. The network runs faster at smaller sizes so YOLOv2 offers an easy tradeoff between speed and accuracy.</p><p>At low resolutions YOLOv2 operates as a cheap, fairly accurate detector. At 288 × 288 it runs at more than 90 FPS with mAP almost as good as Fast R-CNN. This makes it ideal for smaller GPUs, high framerate video, or multiple video streams.</p><p>At high resolution YOLOv2 is a state-of-the-art detector with 78.6 mAP on VOC 2007 while still operating above real-time speeds. See <ref type="table" target="#tab_3">Table 3</ref>  with other frameworks on VOC 2007. <ref type="figure" target="#fig_1">Figure 4</ref> Further Experiments. We train YOLOv2 for detection on VOC 2012. <ref type="table" target="#tab_6">Table 4</ref> shows the comparative performance of YOLOv2 versus other state-of-the-art detection systems. YOLOv2 achieves 73.4 mAP while running far faster than competing methods. We also train on COCO and compare to other methods in  YOLOv2 is faster and more accurate than prior detection methods. It can also run at different resolutions for an easy tradeoff between speed and accuracy. Each YOLOv2 entry is actually the same trained model with the same weights, just evaluated at a different size. All timing information is on a Geforce GTX Titan X (original, not Pascal model).</p></div>
<div xmlns="http://www.tei-c.org/ns/1.0"><head n="3.">Faster</head><p>We want detection to be accurate but we also want it to be fast. Most applications for detection, like robotics or selfdriving cars, rely on low latency predictions.   The YOLO framework uses a custom network based on the Googlenet architecture <ref type="bibr" target="#b18">[19]</ref>. This network is faster than VGG-16, only using 8.52 billion operations for a forward pass. However, it's accuracy is slightly worse than VGG-16. For single-crop, top-5 accuracy at 224 × 224, YOLO's custom model gets 88.0% ImageNet compared to 90.0% for VGG-16.</p><p>Darknet-19. We propose a new classification model to be used as the base of YOLOv2. Our model builds off of prior work on network design as well as common knowledge in the field. Similar to the VGG models we use mostly 3 × 3 filters and double the number of channels after every pooling step <ref type="bibr" target="#b16">[17]</ref>. Following the work on Network in Network (NIN) we use global average pooling to make predictions as well as 1 × 1 filters to compress the feature representation between 3 × 3 convolutions <ref type="bibr" target="#b8">[9]</ref>. We use batch normalization to stabilize training, speed up convergence, and regularize the model <ref type="bibr" target="#b6">[7]</ref>.</p><p>Our final model, called Darknet-19, has 19 convolutional layers and 5 maxpooling layers. For a full description see <ref type="table" target="#tab_9">Table 6</ref>. Darknet-19 only requires 5.58 billion operations to process an image yet achieves 72.9% top-1 accuracy and 91.2% top-5 accuracy on ImageNet.</p><p>Training for classification. We train the network on the standard ImageNet 1000 class classification dataset for 160 epochs using stochastic gradient descent with a starting learning rate of 0.1, polynomial rate decay with a power of 4, weight decay of 0.0005 and momentum of 0.9 using the Darknet neural network framework <ref type="bibr" target="#b12">[13]</ref>. During training we use standard data augmentation tricks including random crops, rotations, and hue, saturation, and exposure shifts.</p><p>As discussed above, after our initial training on images at 224 × 224 we fine tune our network at a larger size, 448. For this fine tuning we train with the above parameters but for only 10 epochs and starting at a learning rate of 10 −3 . At this higher resolution our network achieves a top-1 accuracy of 76.5% and a top-5 accuracy of 93.3%.</p><p>Training for detection. We modify this network for detection by removing the last convolutional layer and instead adding on three 3 × 3 convolutional layers with 1024 filters each followed by a final 1 × 1 convolutional layer with the number of outputs we need for detection. For VOC we predict 5 boxes with 5 coordinates each and 20 classes per box so 125 filters. We also add a passthrough layer from the final 3 × 3 × 512 layer to the second to last convolutional layer so that our model can use fine grain features.</p><p>We train the network for 160 epochs with a starting learning rate of 10 −3 , dividing it by 10 at 60 and 90 epochs.   We use a weight decay of 0.0005 and momentum of 0.9. We use a similar data augmentation to YOLO and SSD with random crops, color shifting, etc. We use the same training strategy on COCO and VOC.</p><formula xml:id="formula_4">3 × 3 14 × 14 Convolutional × 1 × 14 Convolutional × 3 × 14 Maxpool × 2/2 × 7 Convolutional × 3 × 7 Convolutional × 1 × 7 Convolutional × 3 × 7 Convolutional × 1 × 7 Convolutional × 3 × 7 Convolutional × 1 × 7 Avgpool Global Softmax</formula></div>
<div xmlns="http://www.tei-c.org/ns/1.0"><head n="4.">Stronger</head><p>We propose a mechanism for jointly training on classification and detection data. Our method uses images labelled for detection to learn detection-specific information like bounding box coordinate prediction and objectness as well as how to classify common objects. It uses images with only class labels to expand the number of categories it can detect.</p><p>During training we mix images from both detection and classification datasets. When our network sees an image labelled for detection we can backpropagate based on the full YOLOv2 loss function. When it sees a classification image we only backpropagate loss from the classificationspecific parts of the architecture. This approach presents a few challenges. Detection datasets have only common objects and general labels, like "dog" or "boat". Classification datasets have a much wider and deeper range of labels. ImageNet has more than a hundred breeds of dog, including "Norfolk terrier", "Yorkshire terrier", and "Bedlington terrier". If we want to train on both datasets we need a coherent way to merge these labels.</p><p>Most approaches to classification use a softmax layer across all the possible categories to compute the final probability distribution. Using a softmax assumes the classes are mutually exclusive. This presents problems for combining datasets, for example you would not want to combine ImageNet and COCO using this model because the classes "Norfolk terrier" and "dog" are not mutually exclusive.</p><p>We could instead use a multi-label model to combine the datasets which does not assume mutual exclusion. This approach ignores all the structure we do know about the data, for example that all of the COCO classes are mutually exclusive.</p><p>Hierarchical classification. ImageNet labels are pulled from WordNet, a language database that structures concepts and how they relate <ref type="bibr" target="#b11">[12]</ref>. In WordNet, "Norfolk terrier" and "Yorkshire terrier" are both hyponyms of "terrier" which is a type of "hunting dog", which is a type of "dog", which is a "canine", etc. Most approaches to classification assume a flat structure to the labels however for combining datasets, structure is exactly what we need.</p><p>WordNet is structured as a directed graph, not a tree, because language is complex. For example a "dog" is both a type of "canine" and a type of "domestic animal" which are both synsets in WordNet. Instead of using the full graph structure, we simplify the problem by building a hierarchical tree from the concepts in ImageNet.</p><p>To build this tree we examine the visual nouns in Ima-geNet and look at their paths through the WordNet graph to the root node, in this case "physical object". Many synsets only have one path through the graph so first we add all of those paths to our tree. Then we iteratively examine the concepts we have left and add the paths that grow the tree by as little as possible. So if a concept has two paths to the root and one path would add three edges to our tree and the other would only add one edge, we choose the shorter path.</p><p>The final result is WordTree, a hierarchical model of visual concepts. To perform classification with WordTree we predict conditional probabilities at every node for the probability of each hyponym of that synset given that synset. For example, at the "terrier" node we predict: P r(Norfolk terrier|terrier) P r(Yorkshire terrier|terrier) P r(Bedlington terrier|terrier)</p><p>...</p><p>If we want to compute the absolute probability for a particular node we simply follow the path through the tree to the root node and multiply to conditional probabilities. So if we want to know if a picture is of a Norfolk terrier we compute: P r(Norfolk terrier) = P r(Norfolk terrier|terrier) * P r(terrier|hunting dog) * . . . * * P r(mammal|P r(animal) * P r(animal|physical object)</p><p>For classification purposes we assume that the the image contains an object: P r(physical object) = 1.</p><p>To validate this approach we train the Darknet-19 model on WordTree built using the 1000 class ImageNet. To build WordTree1k we add in all of the intermediate nodes which expands the label space from 1000 to 1369. During training we propagate ground truth labels up the tree so that if an image is labelled as a "Norfolk terrier" it also gets labelled as a "dog" and a "mammal", etc. To compute the conditional probabilities our model predicts a vector of 1369 values and we compute the softmax over all sysnsets that are hyponyms of the same concept, see <ref type="figure" target="#fig_2">Figure 5</ref>.</p><p>Using the same training parameters as before, our hierarchical Darknet-19 achieves 71.9% top-1 accuracy and 90.4% top-5 accuracy. Despite adding 369 additional concepts and having our network predict a tree structure our accuracy only drops marginally. Performing classification in this manner also has some benefits. Performance degrades gracefully on new or unknown object categories. For example, if the network sees a picture of a dog but is uncertain what type of dog it is, it will still predict "dog" with high confidence but have lower confidences spread out among the hyponyms.</p><p>This formulation also works for detection. Now, instead of assuming every image has an object, we use YOLOv2's objectness predictor to give us the value of P r(physical object). The detector predicts a bounding box and the tree of probabilities. We traverse the tree down, taking the highest confidence path at every split until we reach some threshold and we predict that object class. Dataset combination with WordTree. We can use WordTree to combine multiple datasets together in a sensible fashion. We simply map the categories in the datasets to synsets in the tree. <ref type="figure">Figure 6</ref> shows an example of using WordTree to combine the labels from ImageNet and COCO. WordNet is extremely diverse so we can use this technique with most datasets.</p><p>Joint classification and detection. Now that we can combine datasets using WordTree we can train our joint model on classification and detection. We want to train an extremely large scale detector so we create our combined dataset using the COCO detection dataset and the top 9000 classes from the full ImageNet release. We also need to evaluate our method so we add in any classes from the ImageNet detection challenge that were not already included. The corresponding WordTree for this dataset has 9418 classes. ImageNet is a much larger dataset so we balance the dataset by oversampling COCO so that ImageNet is only larger by a factor of 4:1.</p><p>Using this dataset we train YOLO9000. We use the base YOLOv2 architecture but only 3 priors instead of 5 to limit the output size. When our network sees a detection image we backpropagate loss as normal. For classification loss, we only backpropagate loss at or above the corresponding level of the label. For example, if the label is "dog" we do assign any error to predictions further down in the tree, "German Shepherd" versus "Golden Retriever", because we do not have that information.  <ref type="figure">Figure 6</ref>: Combining datasets using WordTree hierarchy. Using the WordNet concept graph we build a hierarchical tree of visual concepts. Then we can merge datasets together by mapping the classes in the dataset to synsets in the tree. This is a simplified view of WordTree for illustration purposes.</p><p>When it sees a classification image we only backpropagate classification loss. To do this we simply find the bounding box that predicts the highest probability for that class and we compute the loss on just its predicted tree. We also assume that the predicted box overlaps what would be the ground truth label by at least .3 IOU and we backpropagate objectness loss based on this assumption.</p><p>Using this joint training, YOLO9000 learns to find objects in images using the detection data in COCO and it learns to classify a wide variety of these objects using data from ImageNet.</p><p>We evaluate YOLO9000 on the ImageNet detection task. The detection task for ImageNet shares on 44 object categories with COCO which means that YOLO9000 has only seen classification data for the majority of the test images, not detection data. YOLO9000 gets 19.7 mAP overall with 16.0 mAP on the disjoint 156 object classes that it has never seen any labelled detection data for. This mAP is higher than results achieved by DPM but YOLO9000 is trained on different datasets with only partial supervision <ref type="bibr" target="#b3">[4]</ref>. It also is simultaneously detecting 9000 other object categories, all in real-time.</p><p>When we analyze YOLO9000's performance on Ima-geNet we see it learns new species of animals well but struggles with learning categories like clothing and equipment. diaper 0.0 horizontal bar 0.0 rubber eraser 0.0 sunglasses 0.0 swimming trunks 0.0 ... red panda 50.7 fox 52.1 koala bear 54.3 tiger 61.0 armadillo 61.7 <ref type="table">Table 7</ref>: YOLO9000 Best and Worst Classes on ImageNet.</p><p>The classes with the highest and lowest AP from the 156 weakly supervised classes. YOLO9000 learns good models for a variety of animals but struggles with new classes like clothing or equipment.</p><p>New animals are easier to learn because the objectness predictions generalize well from the animals in COCO. Conversely, COCO does not have bounding box label for any type of clothing, only for person, so YOLO9000 struggles to model categories like "sunglasses" or "swimming trunks".</p></div>
<div xmlns="http://www.tei-c.org/ns/1.0"><head n="5.">Conclusion</head><p>We introduce YOLOv2 and YOLO9000, real-time detection systems. YOLOv2 is state-of-the-art and faster than other detection systems across a variety of detection datasets. Furthermore, it can be run at a variety of image sizes to provide a smooth tradeoff between speed and accuracy.</p><p>YOLO9000 is a real-time framework for detection more than 9000 object categories by jointly optimizing detection and classification. We use WordTree to combine data from various sources and our joint optimization technique to train simultaneously on ImageNet and COCO. YOLO9000 is a strong step towards closing the dataset size gap between detection and classification.</p><p>Many of our techniques generalize outside of object detection. Our WordTree representation of ImageNet offers a richer, more detailed output space for image classification. Dataset combination using hierarchical classification would be useful in the classification and segmentation domains. Training techniques like multi-scale training could provide benefit across a variety of visual tasks.</p><p>For future work we hope to use similar techniques for weakly supervised image segmentation. We also plan to improve our detection results using more powerful matching strategies for assigning weak labels to classification data during training. Computer vision is blessed with an enormous amount of labelled data. We will continue looking for ways to bring different sources and structures of data together to make stronger models of the visual world.</p></div><figure xmlns="http://www.tei-c.org/ns/1.0" xml:id="fig_0"><head>Figure 1 :</head><label>1</label><figDesc>YOLO9000. YOLO9000 can detect a wide variety of object classes in real-time.</figDesc></figure>
<figure xmlns="http://www.tei-c.org/ns/1.0" xml:id="fig_1"><head>Figure 4 :</head><label>4</label><figDesc>for a comparison of YOLOv2 Accuracy and speed on VOC 2007.</figDesc></figure>
<figure xmlns="http://www.tei-c.org/ns/1.0" xml:id="fig_2"><head>i n g m a t t e r o b j e c t p h e n o m e n oFigure 5 :</head><label>5</label><figDesc>Prediction on ImageNet vs WordTree. Most Ima-geNet models use one large softmax to predict a probability distribution. Using WordTree we perform multiple softmax operations over co-hyponyms.</figDesc></figure>
<figure xmlns="http://www.tei-c.org/ns/1.0" type="table" xml:id="tab_1"><head>Table 1</head><label>1</label><figDesc></figDesc><table><row><cell></cell><cell cols="2"># Avg IOU</cell></row><row><cell>Cluster SSE</cell><cell>5</cell><cell>58.7</cell></row><row><cell>Cluster IOU</cell><cell>5</cell><cell>61.0</cell></row><row><cell cols="2">Anchor Boxes [15] 9</cell><cell>60.9</cell></row><row><cell>Cluster IOU</cell><cell>9</cell><cell>67.2</cell></row></table><note>: Average IOU of boxes to closest priors on VOC 2007.</note></figure>
<figure xmlns="http://www.tei-c.org/ns/1.0" type="table" xml:id="tab_2"><head>Table 5 .</head><label>5</label><figDesc>On the VOC metric (IOU = .5) YOLOv2 gets 44.0 mAP, comparable to SSD and Faster R-CNN.</figDesc><table><row><cell>Detection Frameworks</cell><cell cols="3">Train mAP FPS</cell></row><row><cell>Fast R-CNN [5]</cell><cell>2007+2012</cell><cell>70.0</cell><cell>0.5</cell></row><row><cell cols="2">Faster R-CNN VGG-16[15] 2007+2012</cell><cell>73.2</cell><cell>7</cell></row><row><cell>Faster R-CNN ResNet[6]</cell><cell>2007+2012</cell><cell>76.4</cell><cell>5</cell></row><row><cell>YOLO [14]</cell><cell>2007+2012</cell><cell>63.4</cell><cell>45</cell></row><row><cell>SSD300 [11]</cell><cell>2007+2012</cell><cell>74.3</cell><cell>46</cell></row><row><cell>SSD500 [11]</cell><cell>2007+2012</cell><cell>76.8</cell><cell>19</cell></row><row><cell>YOLOv2 288 × 288</cell><cell>2007+2012</cell><cell>69.0</cell><cell>91</cell></row><row><cell>YOLOv2 352 × 352</cell><cell>2007+2012</cell><cell>73.7</cell><cell>81</cell></row><row><cell>YOLOv2 416 × 416</cell><cell>2007+2012</cell><cell>76.8</cell><cell>67</cell></row><row><cell>YOLOv2 480 × 480</cell><cell>2007+2012</cell><cell>77.8</cell><cell>59</cell></row><row><cell>YOLOv2 544 × 544</cell><cell>2007+2012</cell><cell>78.6</cell><cell>40</cell></row></table><note></note></figure>
<figure xmlns="http://www.tei-c.org/ns/1.0" type="table" xml:id="tab_3"><head>Table 3 :</head><label>3</label><figDesc>Detection frameworks on PASCAL VOC 2007.</figDesc><table /><note></note></figure>
<figure xmlns="http://www.tei-c.org/ns/1.0" type="table" xml:id="tab_5"><head>Table 2 :</head><label>2</label><figDesc>The path from YOLO to YOLOv2. Most of the listed design decisions lead to significant increases in mAP. Two exceptions are switching to a fully convolutional network with anchor boxes and using the new network. Switching to the anchor box style approach increased recall without changing mAP while using the new network cut computation by 33%.Faster R-CNN [15] 07++12 70.4 84.9 79.8 74.3 53.9 49.8 77.5 75.9 88.5 45.6 77.1 55.3 86.9 81.7 80.9 79.6 40.1 72.6 60.9 81.2 61.</figDesc><table /><note>Method data mAP aero bike bird boat bottle bus car cat chair cow table dog horse mbike person plant sheep sofa train tv Fast R-CNN [5] 07++12 68.4 82.3 78.4 70.8 52.3 38.7 77.8 71.6 89.3 44.2 73.0 55.0 87.5 80.5 80.8 72.0 35.1 68.3 65.7 80.4 64.25 YOLO [14] 07++12 57.9 77.0 67.2 57.7 38.3 22.7 68.3 55.9 81.4 36.2 60.8 48.5 77.2 72.3 71.3 63.5 28.9 52.2 54.8 73.9 50.8 SSD300 [11] 07++12 72.4 85.6 80.1 70.5 57.6 46.2 79.4 76.1 89.2 53.0 77.0 60.8 87.0 83.1 82.3 79.4 45.9 75.9 69.5 81.9 67.5 SSD512 [11] 07++12 74.9 87.4 82.3 75.8 59.0 52.6 81.7 81.5 90.0 55.4 79.0 59.8 88.4 84.3 84.7 83.3 50.2 78.0 66.3 86.3 72.0 ResNet [6] 07++12 73.8 86.5 81.6 77.2 58.0 51.0 78.6 76.6 93.2 48.6 80.4 59.0 92.1 85.3 84.8 80.7 48.1 77.3 66.5 84.7 65.6 YOLOv2 544 07++12 73.4 86.3 82.0 74.8 59.2 51.8 79.8 76.5 90.6 52.1 78.2 58.5 89.3 82.5 83.4 81.3 49.1 77.2 62.4 83.8 68.7</note></figure>
<figure xmlns="http://www.tei-c.org/ns/1.0" type="table" xml:id="tab_6"><head>Table 4 :</head><label>4</label><figDesc>as the base feature extractor<ref type="bibr" target="#b16">[17]</ref>. VGG-16 is a powerful, accurate classification network but it is needlessly complex. The convolutional layers of VGG-16 require 30.69 billion floating point operations for a single pass over a single image at 224 × 224 resolution.</figDesc><table /><note>PASCAL VOC2012 test detection results. YOLOv2 performs on par with state-of-the-art detectors like Faster R-CNN with ResNet and SSD512 and is 2 − 10× faster.maximize performance we design YOLOv2 to be fast from the ground up. Most detection frameworks rely on VGG-16</note></figure>
<figure xmlns="http://www.tei-c.org/ns/1.0" type="table" xml:id="tab_8"><head>Table 5 :</head><label>5</label><figDesc>Results on COCO test-dev2015. Table adapted from<ref type="bibr" target="#b10">[11]</ref> </figDesc><table><row><cell>Type</cell><cell>Filters</cell><cell>Size/Stride</cell><cell>Output</cell></row><row><cell>Convolutional</cell><cell>32</cell><cell>3 × 3</cell><cell>224 × 224</cell></row><row><cell>Maxpool</cell><cell></cell><cell>2 × 2/2</cell><cell>112 × 112</cell></row><row><cell>Convolutional</cell><cell>64</cell><cell>3 × 3</cell><cell>112 × 112</cell></row><row><cell>Maxpool</cell><cell></cell><cell>2 × 2/2</cell><cell>56 × 56</cell></row><row><cell>Convolutional</cell><cell>128</cell><cell>3 × 3</cell><cell>56 × 56</cell></row><row><cell>Convolutional</cell><cell>64</cell><cell>1 × 1</cell><cell>56 × 56</cell></row><row><cell>Convolutional</cell><cell>128</cell><cell>3 × 3</cell><cell>56 × 56</cell></row><row><cell>Maxpool</cell><cell></cell><cell>2 × 2/2</cell><cell>28 × 28</cell></row><row><cell>Convolutional</cell><cell>256</cell><cell>3 × 3</cell><cell>28 ×</cell></row><row><cell>Convolutional</cell><cell>128</cell><cell>1 × 1</cell><cell>28 × 28</cell></row><row><cell>Convolutional</cell><cell>256</cell><cell>3 × 3</cell><cell>28 × 28</cell></row><row><cell>Maxpool</cell><cell></cell><cell>2 × 2/2</cell><cell>14 × 14</cell></row><row><cell>Convolutional</cell><cell>512</cell><cell>3 × 3</cell><cell>14 × 14</cell></row><row><cell>Convolutional</cell><cell></cell><cell>1 × 1</cell><cell>14 ×</cell></row><row><cell>Convolutional</cell><cell>512</cell><cell></cell><cell></cell></row></table><note></note></figure>
<figure xmlns="http://www.tei-c.org/ns/1.0" type="table" xml:id="tab_9"><head>Table 6 :</head><label>6</label><figDesc> </figDesc><table /><note></note></figure>
		</body>
		<back>
			<div type="references">

				<listBibl>

<biblStruct xml:id="b0">
	<monogr>
		<author>
			<persName xmlns="http://www.tei-c.org/ns/1.0"><forename type="first">S</forename><surname>Bell</surname></persName>
		</author>
		<author>
			<persName xmlns="http://www.tei-c.org/ns/1.0"><forename type="first">C</forename><forename type="middle">L</forename><surname>Zitnick</surname></persName>
		</author>
		<author>
			<persName xmlns="http://www.tei-c.org/ns/1.0"><forename type="first">K</forename><surname>Bala</surname></persName>
		</author>
		<author>
			<persName xmlns="http://www.tei-c.org/ns/1.0"><forename type="first">R</forename><surname>Girshick</surname></persName>
		</author>
		<idno type="arXiv">arXiv:1512.04143</idno>
		<title level="m">Insideoutside net: Detecting objects in context with skip pooling and recurrent neural networks</title>
		<imprint>
			<date type="published" when="2015" />
		</imprint>
	</monogr>
	<note type="report_type">arXiv preprint</note>
</biblStruct>

<biblStruct xml:id="b1">
	<analytic>
		<title level="a" type="main">Imagenet: A large-scale hierarchical image database</title>
		<author>
			<persName xmlns="http://www.tei-c.org/ns/1.0"><forename type="first">J</forename><surname>Deng</surname></persName>
		</author>
		<author>
			<persName xmlns="http://www.tei-c.org/ns/1.0"><forename type="first">W</forename><surname>Dong</surname></persName>
		</author>
		<author>
			<persName xmlns="http://www.tei-c.org/ns/1.0"><forename type="first">R</forename><surname>Socher</surname></persName>
		</author>
		<author>
			<persName xmlns="http://www.tei-c.org/ns/1.0"><forename type="first">L.-J</forename><surname>Li</surname></persName>
		</author>
		<author>
			<persName xmlns="http://www.tei-c.org/ns/1.0"><forename type="first">K</forename><surname>Li</surname></persName>
		</author>
		<author>
			<persName xmlns="http://www.tei-c.org/ns/1.0"><forename type="first">L</forename><surname>Fei-Fei</surname></persName>
		</author>
	</analytic>
	<monogr>
		<title level="m">Computer Vision and Pattern Recognition</title>
		<imprint>
			<publisher>IEEE</publisher>
			<date type="published" when="2009" />
			<biblScope unit="page" from="248" to="255" />
		</imprint>
	</monogr>
	<note>CVPR 2009. IEEE Conference on</note>
</biblStruct>

<biblStruct xml:id="b2">
	<analytic>
		<title level="a" type="main">The pascal visual object classes (voc) challenge</title>
		<author>
			<persName xmlns="http://www.tei-c.org/ns/1.0"><forename type="first">M</forename><surname>Everingham</surname></persName>
		</author>
		<author>
			<persName xmlns="http://www.tei-c.org/ns/1.0"><forename type="first">L</forename><surname>Van Gool</surname></persName>
		</author>
		<author>
			<persName xmlns="http://www.tei-c.org/ns/1.0"><forename type="first">C</forename><forename type="middle">K</forename><surname>Williams</surname></persName>
		</author>
		<author>
			<persName xmlns="http://www.tei-c.org/ns/1.0"><forename type="first">J</forename><surname>Winn</surname></persName>
		</author>
		<author>
			<persName xmlns="http://www.tei-c.org/ns/1.0"><forename type="first">A</forename><surname>Zisserman</surname></persName>
		</author>
	</analytic>
	<monogr>
		<title level="j">International journal of computer vision</title>
		<imprint>
			<biblScope unit="volume">88</biblScope>
			<biblScope unit="issue">2</biblScope>
			<biblScope unit="page">1</biblScope>
			<date type="published" when="2010" />
		</imprint>
	</monogr>
</biblStruct>

<biblStruct xml:id="b3">
	<monogr>
		<title level="m" type="main">Discriminatively trained deformable part models</title>
		<author>
			<persName xmlns="http://www.tei-c.org/ns/1.0"><forename type="first">P</forename><forename type="middle">F</forename><surname>Felzenszwalb</surname></persName>
		</author>
		<author>
			<persName xmlns="http://www.tei-c.org/ns/1.0"><forename type="first">R</forename><forename type="middle">B</forename><surname>Girshick</surname></persName>
		</author>
		<author>
			<persName xmlns="http://www.tei-c.org/ns/1.0"><forename type="first">D</forename><surname>Mcallester</surname></persName>
		</author>
		<ptr target="http://people.cs.uchicago.edu/pff/latent-release4/.8" />
		<imprint/>
	</monogr>
</biblStruct>

<biblStruct xml:id="b4">
	<monogr>
		<title/>
		<author>
			<persName xmlns="http://www.tei-c.org/ns/1.0"><forename type="first">R</forename><forename type="middle">B</forename><surname>Girshick</surname></persName>
		</author>
		<author>
			<persName xmlns="http://www.tei-c.org/ns/1.0"><forename type="first">R-Cnn</forename><surname>Fast</surname></persName>
		</author>
		<author>
			<persName xmlns="http://www.tei-c.org/ns/1.0"><surname>Corr</surname></persName>
		</author>
		<idno>abs/1504.08083</idno>
		<imprint>
			<date type="published" when="2015" />
			<biblScope unit="volume">4</biblScope>
			<biblScope unit="page">6</biblScope>
		</imprint>
	</monogr>
</biblStruct>

<biblStruct xml:id="b5">
	<monogr>
		<title level="m" type="main">Deep residual learning for image recognition</title>
		<author>
			<persName xmlns="http://www.tei-c.org/ns/1.0"><forename type="first">K</forename><surname>He</surname></persName>
		</author>
		<author>
			<persName xmlns="http://www.tei-c.org/ns/1.0"><forename type="first">X</forename><surname>Zhang</surname></persName>
		</author>
		<author>
			<persName xmlns="http://www.tei-c.org/ns/1.0"><forename type="first">S</forename><surname>Ren</surname></persName>
		</author>
		<author>
			<persName xmlns="http://www.tei-c.org/ns/1.0"><forename type="first">J</forename><surname>Sun</surname></persName>
		</author>
		<idno type="arXiv">arXiv:1512.03385</idno>
		<imprint>
			<date type="published" when="2004" />
			<biblScope unit="page">5</biblScope>
		</imprint>
	</monogr>
	<note type="report_type">arXiv preprint</note>
</biblStruct>

<biblStruct xml:id="b6">
	<monogr>
		<title level="m" type="main">Batch normalization: Accelerating deep network training by reducing internal covariate shift</title>
		<author>
			<persName xmlns="http://www.tei-c.org/ns/1.0"><forename type="first">S</forename><surname>Ioffe</surname></persName>
		</author>
		<author>
			<persName xmlns="http://www.tei-c.org/ns/1.0"><forename type="first">C</forename><surname>Szegedy</surname></persName>
		</author>
		<idno type="arXiv">arXiv:1502.03167</idno>
		<imprint>
			<date type="published" when="2015" />
			<biblScope unit="volume">2</biblScope>
			<biblScope unit="page">5</biblScope>
		</imprint>
	</monogr>
	<note type="report_type">arXiv preprint</note>
</biblStruct>

<biblStruct xml:id="b7">
	<analytic>
		<title level="a" type="main">Imagenet classification with deep convolutional neural networks</title>
		<author>
			<persName xmlns="http://www.tei-c.org/ns/1.0"><forename type="first">A</forename><surname>Krizhevsky</surname></persName>
		</author>
		<author>
			<persName xmlns="http://www.tei-c.org/ns/1.0"><forename type="first">I</forename><surname>Sutskever</surname></persName>
		</author>
		<author>
			<persName xmlns="http://www.tei-c.org/ns/1.0"><forename type="first">G</forename><forename type="middle">E</forename><surname>Hinton</surname></persName>
		</author>
	</analytic>
	<monogr>
		<title level="m">Advances in neural information processing systems</title>
		<imprint>
			<date type="published" when="2012" />
			<biblScope unit="page" from="1097" to="1105" />
		</imprint>
	</monogr>
</biblStruct>

<biblStruct xml:id="b8">
	<monogr>
		<author>
			<persName xmlns="http://www.tei-c.org/ns/1.0"><forename type="first">M</forename><surname>Lin</surname></persName>
		</author>
		<author>
			<persName xmlns="http://www.tei-c.org/ns/1.0"><forename type="first">Q</forename><surname>Chen</surname></persName>
		</author>
		<author>
			<persName xmlns="http://www.tei-c.org/ns/1.0"><forename type="first">S</forename><surname>Yan</surname></persName>
		</author>
		<idno type="arXiv">arXiv:1312.4400</idno>
		<title level="m">Network in network</title>
		<imprint>
			<date type="published" when="2013" />
		</imprint>
	</monogr>
	<note type="report_type">arXiv preprint</note>
</biblStruct>

<biblStruct xml:id="b9">
	<analytic>
		<title level="a" type="main">Microsoft coco: Common objects in context</title>
		<author>
			<persName xmlns="http://www.tei-c.org/ns/1.0"><forename type="first">T.-Y</forename><surname>Lin</surname></persName>
		</author>
		<author>
			<persName xmlns="http://www.tei-c.org/ns/1.0"><forename type="first">M</forename><surname>Maire</surname></persName>
		</author>
		<author>
			<persName xmlns="http://www.tei-c.org/ns/1.0"><forename type="first">S</forename><surname>Belongie</surname></persName>
		</author>
		<author>
			<persName xmlns="http://www.tei-c.org/ns/1.0"><forename type="first">J</forename><surname>Hays</surname></persName>
		</author>
		<author>
			<persName xmlns="http://www.tei-c.org/ns/1.0"><forename type="first">P</forename><surname>Perona</surname></persName>
		</author>
		<author>
			<persName xmlns="http://www.tei-c.org/ns/1.0"><forename type="first">D</forename><surname>Ramanan</surname></persName>
		</author>
		<author>
			<persName xmlns="http://www.tei-c.org/ns/1.0"><forename type="first">P</forename><surname>Dollár</surname></persName>
		</author>
		<author>
			<persName xmlns="http://www.tei-c.org/ns/1.0"><forename type="first">C</forename><forename type="middle">L</forename><surname>Zitnick</surname></persName>
		</author>
	</analytic>
	<monogr>
		<title level="m">European Conference on Computer Vision</title>
		<imprint>
			<publisher>Springer</publisher>
			<date type="published" when="2014" />
			<biblScope unit="volume">1</biblScope>
			<biblScope unit="page">6</biblScope>
		</imprint>
	</monogr>
</biblStruct>

<biblStruct xml:id="b10">
	<monogr>
		<title level="m" type="main">SSD: single shot multibox detector</title>
		<author>
			<persName xmlns="http://www.tei-c.org/ns/1.0"><forename type="first">W</forename><surname>Liu</surname></persName>
		</author>
		<author>
			<persName xmlns="http://www.tei-c.org/ns/1.0"><forename type="first">D</forename><surname>Anguelov</surname></persName>
		</author>
		<author>
			<persName xmlns="http://www.tei-c.org/ns/1.0"><forename type="first">D</forename><surname>Erhan</surname></persName>
		</author>
		<author>
			<persName xmlns="http://www.tei-c.org/ns/1.0"><forename type="first">C</forename><surname>Szegedy</surname></persName>
		</author>
		<author>
			<persName xmlns="http://www.tei-c.org/ns/1.0"><forename type="first">S</forename><forename type="middle">E</forename><surname>Reed</surname></persName>
		</author>
		<idno>abs/1512.02325</idno>
		<imprint>
			<date type="published" when="2015" />
			<publisher>CoRR</publisher>
			<biblScope unit="volume">4</biblScope>
			<biblScope unit="page">6</biblScope>
		</imprint>
	</monogr>
</biblStruct>

<biblStruct xml:id="b11">
	<analytic>
		<title level="a" type="main">Introduction to wordnet: An on-line lexical database</title>
		<author>
			<persName xmlns="http://www.tei-c.org/ns/1.0"><forename type="first">G</forename><forename type="middle">A</forename><surname>Miller</surname></persName>
		</author>
		<author>
			<persName xmlns="http://www.tei-c.org/ns/1.0"><forename type="first">R</forename><surname>Beckwith</surname></persName>
		</author>
		<author>
			<persName xmlns="http://www.tei-c.org/ns/1.0"><forename type="first">C</forename><surname>Fellbaum</surname></persName>
		</author>
		<author>
			<persName xmlns="http://www.tei-c.org/ns/1.0"><forename type="first">D</forename><surname>Gross</surname></persName>
		</author>
		<author>
			<persName xmlns="http://www.tei-c.org/ns/1.0"><forename type="first">K</forename><forename type="middle">J</forename><surname>Miller</surname></persName>
		</author>
	</analytic>
	<monogr>
		<title level="j">International journal of lexicography</title>
		<imprint>
			<biblScope unit="volume">3</biblScope>
			<biblScope unit="issue">4</biblScope>
			<biblScope unit="page" from="235" to="244" />
			<date type="published" when="1990" />
		</imprint>
	</monogr>
</biblStruct>

<biblStruct xml:id="b12">
	<monogr>
		<title level="m" type="main">Darknet: Open source neural networks in c</title>
		<author>
			<persName xmlns="http://www.tei-c.org/ns/1.0"><forename type="first">J</forename><surname>Redmon</surname></persName>
		</author>
		<ptr target="http://pjreddie.com/darknet/" />
		<imprint>
			<date type="published" when="2013" />
		</imprint>
	</monogr>
</biblStruct>

<biblStruct xml:id="b13">
	<monogr>
		<title level="m" type="main">You only look once: Unified, real-time object detection</title>
		<author>
			<persName xmlns="http://www.tei-c.org/ns/1.0"><forename type="first">J</forename><surname>Redmon</surname></persName>
		</author>
		<author>
			<persName xmlns="http://www.tei-c.org/ns/1.0"><forename type="first">S</forename><surname>Divvala</surname></persName>
		</author>
		<author>
			<persName xmlns="http://www.tei-c.org/ns/1.0"><forename type="first">R</forename><surname>Girshick</surname></persName>
		</author>
		<author>
			<persName xmlns="http://www.tei-c.org/ns/1.0"><forename type="first">A</forename><surname>Farhadi</surname></persName>
		</author>
		<idno type="arXiv">arXiv:1506.02640</idno>
		<imprint>
			<date type="published" when="2015" />
			<biblScope unit="volume">4</biblScope>
			<biblScope unit="page">5</biblScope>
		</imprint>
	</monogr>
	<note type="report_type">arXiv preprint</note>
</biblStruct>

<biblStruct xml:id="b14">
	<monogr>
		<title level="m" type="main">Faster r-cnn: Towards real-time object detection with region proposal networks</title>
		<author>
			<persName xmlns="http://www.tei-c.org/ns/1.0"><forename type="first">S</forename><surname>Ren</surname></persName>
		</author>
		<author>
			<persName xmlns="http://www.tei-c.org/ns/1.0"><forename type="first">K</forename><surname>He</surname></persName>
		</author>
		<author>
			<persName xmlns="http://www.tei-c.org/ns/1.0"><forename type="first">R</forename><surname>Girshick</surname></persName>
		</author>
		<author>
			<persName xmlns="http://www.tei-c.org/ns/1.0"><forename type="first">J</forename><surname>Sun</surname></persName>
		</author>
		<idno type="arXiv">arXiv:1506.01497</idno>
		<imprint>
			<date type="published" when="2006" />
		</imprint>
	</monogr>
	<note type="report_type">arXiv preprint</note>
</biblStruct>

<biblStruct xml:id="b15">
	<analytic>
		<title level="a" type="main">ImageNet Large Scale Visual Recognition Challenge</title>
		<author>
			<persName xmlns="http://www.tei-c.org/ns/1.0"><forename type="first">O</forename><surname>Russakovsky</surname></persName>
		</author>
		<author>
			<persName xmlns="http://www.tei-c.org/ns/1.0"><forename type="first">J</forename><surname>Deng</surname></persName>
		</author>
		<author>
			<persName xmlns="http://www.tei-c.org/ns/1.0"><forename type="first">H</forename><surname>Su</surname></persName>
		</author>
		<author>
			<persName xmlns="http://www.tei-c.org/ns/1.0"><forename type="first">J</forename><surname>Krause</surname></persName>
		</author>
		<author>
			<persName xmlns="http://www.tei-c.org/ns/1.0"><forename type="first">S</forename><surname>Satheesh</surname></persName>
		</author>
		<author>
			<persName xmlns="http://www.tei-c.org/ns/1.0"><forename type="first">S</forename><surname>Ma</surname></persName>
		</author>
		<author>
			<persName xmlns="http://www.tei-c.org/ns/1.0"><forename type="first">Z</forename><surname>Huang</surname></persName>
		</author>
		<author>
			<persName xmlns="http://www.tei-c.org/ns/1.0"><forename type="first">A</forename><surname>Karpathy</surname></persName>
		</author>
		<author>
			<persName xmlns="http://www.tei-c.org/ns/1.0"><forename type="first">A</forename><surname>Khosla</surname></persName>
		</author>
		<author>
			<persName xmlns="http://www.tei-c.org/ns/1.0"><forename type="first">M</forename><surname>Bernstein</surname></persName>
		</author>
		<author>
			<persName xmlns="http://www.tei-c.org/ns/1.0"><forename type="first">A</forename><forename type="middle">C</forename><surname>Berg</surname></persName>
		</author>
		<author>
			<persName xmlns="http://www.tei-c.org/ns/1.0"><forename type="first">L</forename><surname>Fei-Fei</surname></persName>
		</author>
	</analytic>
	<monogr>
		<title level="j">International Journal of Computer Vision (IJCV)</title>
		<imprint>
			<biblScope unit="issue">2</biblScope>
			<date type="published" when="2015" />
		</imprint>
	</monogr>
</biblStruct>

<biblStruct xml:id="b16">
	<monogr>
		<author>
			<persName xmlns="http://www.tei-c.org/ns/1.0"><forename type="first">K</forename><surname>Simonyan</surname></persName>
		</author>
		<author>
			<persName xmlns="http://www.tei-c.org/ns/1.0"><forename type="first">A</forename><surname>Zisserman</surname></persName>
		</author>
		<idno type="arXiv">arXiv:1409.1556</idno>
		<title level="m">Very deep convolutional networks for large-scale image recognition</title>
		<imprint>
			<date type="published" when="2014" />
			<biblScope unit="volume">2</biblScope>
			<biblScope unit="page">5</biblScope>
		</imprint>
	</monogr>
	<note type="report_type">arXiv preprint</note>
</biblStruct>

<biblStruct xml:id="b17">
	<monogr>
		<title level="m" type="main">Inception-v4, inception-resnet and the impact of residual connections on learning</title>
		<author>
			<persName xmlns="http://www.tei-c.org/ns/1.0"><forename type="first">C</forename><surname>Szegedy</surname></persName>
		</author>
		<author>
			<persName xmlns="http://www.tei-c.org/ns/1.0"><forename type="first">S</forename><surname>Ioffe</surname></persName>
		</author>
		<author>
			<persName xmlns="http://www.tei-c.org/ns/1.0"><forename type="first">V</forename><surname>Vanhoucke</surname></persName>
		</author>
		<idno>abs/1602.07261</idno>
		<imprint>
			<date type="published" when="2016" />
		</imprint>
	</monogr>
</biblStruct>

<biblStruct xml:id="b18">
	<monogr>
		<title level="m" type="main">Going deeper with convolutions</title>
		<author>
			<persName xmlns="http://www.tei-c.org/ns/1.0"><forename type="first">C</forename><surname>Szegedy</surname></persName>
		</author>
		<author>
			<persName xmlns="http://www.tei-c.org/ns/1.0"><forename type="first">W</forename><surname>Liu</surname></persName>
		</author>
		<author>
			<persName xmlns="http://www.tei-c.org/ns/1.0"><forename type="first">Y</forename><surname>Jia</surname></persName>
		</author>
		<author>
			<persName xmlns="http://www.tei-c.org/ns/1.0"><forename type="first">P</forename><surname>Sermanet</surname></persName>
		</author>
		<author>
			<persName xmlns="http://www.tei-c.org/ns/1.0"><forename type="first">S</forename><surname>Reed</surname></persName>
		</author>
		<author>
			<persName xmlns="http://www.tei-c.org/ns/1.0"><forename type="first">D</forename><surname>Anguelov</surname></persName>
		</author>
		<author>
			<persName xmlns="http://www.tei-c.org/ns/1.0"><forename type="first">D</forename><surname>Erhan</surname></persName>
		</author>
		<author>
			<persName xmlns="http://www.tei-c.org/ns/1.0"><forename type="first">V</forename><surname>Vanhoucke</surname></persName>
		</author>
		<author>
			<persName xmlns="http://www.tei-c.org/ns/1.0"><forename type="first">A</forename><surname>Rabinovich</surname></persName>
		</author>
		<idno>abs/1409.4842</idno>
		<imprint>
			<date type="published" when="2014" />
			<publisher>CoRR</publisher>
		</imprint>
	</monogr>
</biblStruct>

<biblStruct xml:id="b19">
	<analytic>
		<title level="a" type="main">Yfcc100m: The new data in multimedia research</title>
		<author>
			<persName xmlns="http://www.tei-c.org/ns/1.0"><forename type="first">B</forename><surname>Thomee</surname></persName>
		</author>
		<author>
			<persName xmlns="http://www.tei-c.org/ns/1.0"><forename type="first">D</forename><forename type="middle">A</forename><surname>Shamma</surname></persName>
		</author>
		<author>
			<persName xmlns="http://www.tei-c.org/ns/1.0"><forename type="first">G</forename><surname>Friedland</surname></persName>
		</author>
		<author>
			<persName xmlns="http://www.tei-c.org/ns/1.0"><forename type="first">B</forename><surname>Elizalde</surname></persName>
		</author>
		<author>
			<persName xmlns="http://www.tei-c.org/ns/1.0"><forename type="first">K</forename><surname>Ni</surname></persName>
		</author>
		<author>
			<persName xmlns="http://www.tei-c.org/ns/1.0"><forename type="first">D</forename><surname>Poland</surname></persName>
		</author>
		<author>
			<persName xmlns="http://www.tei-c.org/ns/1.0"><forename type="first">D</forename><surname>Borth</surname></persName>
		</author>
		<author>
			<persName xmlns="http://www.tei-c.org/ns/1.0"><forename type="first">L.-J</forename><surname>Li</surname></persName>
		</author>
	</analytic>
	<monogr>
		<title level="j">Communications of the ACM</title>
		<imprint>
			<biblScope unit="volume">59</biblScope>
			<biblScope unit="issue">2</biblScope>
			<biblScope unit="page" from="64" to="73" />
			<date type="published" when="2016" />
		</imprint>
	</monogr>
</biblStruct>

				</listBibl>
			</div>
		</back>
	</text>
</TEI>
