<?xml version="1.0" encoding="UTF-8"?>
<TEI xml:space="preserve" xmlns="http://www.tei-c.org/ns/1.0" 
xmlns:xsi="http://www.w3.org/2001/XMLSchema-instance" 
xsi:schemaLocation="http://www.tei-c.org/ns/1.0 /Users/cindy/tmp/grobid-0.6.1/grobid-home/schemas/xsd/Grobid.xsd"
 xmlns:xlink="http://www.w3.org/1999/xlink">
	<teiHeader xml:lang="en">
		<fileDesc>
			<titleStmt>
				<title level="a" type="main">Under review as a conference paper at ICLR 2016 UNSUPERVISED REPRESENTATION LEARNING WITH DEEP CONVOLUTIONAL GENERATIVE ADVERSARIAL NETWORKS</title>
			</titleStmt>
			<publicationStmt>
				<publisher/>
				<availability status="unknown"><licence/></availability>
			</publicationStmt>
			<sourceDesc>
				<biblStruct>
					<analytic>
						<author>
							<persName xmlns="http://www.tei-c.org/ns/1.0"><forename type="first">Alec</forename><surname>Radford</surname></persName>
							<affiliation key="aff0">
								<orgName type="institution">indico Research Boston</orgName>
								<address>
									<region>MA</region>
								</address>
							</affiliation>
						</author>
						<author>
							<persName xmlns="http://www.tei-c.org/ns/1.0"><forename type="first">Luke</forename><surname>Metz</surname></persName>
							<affiliation key="aff0">
								<orgName type="institution">indico Research Boston</orgName>
								<address>
									<region>MA</region>
								</address>
							</affiliation>
						</author>
						<author role="corresp">
							<persName xmlns="http://www.tei-c.org/ns/1.0"><forename type="first">Soumith</forename><surname>Chintala</surname></persName>
							<email>soumith@fb.com</email>
							<affiliation key="aff1">
								<orgName type="department">Facebook AI Research</orgName>
								<address>
									<settlement>New York</settlement>
									<region>NY</region>
								</address>
							</affiliation>
						</author>
						<title level="a" type="main">Under review as a conference paper at ICLR 2016 UNSUPERVISED REPRESENTATION LEARNING WITH DEEP CONVOLUTIONAL GENERATIVE ADVERSARIAL NETWORKS</title>
					</analytic>
					<monogr>
						<imprint>
							<date/>
						</imprint>
					</monogr>
				</biblStruct>
			</sourceDesc>
		</fileDesc>
		<encodingDesc>
			<appInfo>
				<application version="0.6.1" ident="GROBID" when="2021-01-31T12:45+0000">
					<desc>GROBID - A machine learning software for extracting information from scholarly documents</desc>
					<ref target="https://github.com/kermitt2/grobid"/>
				</application>
			</appInfo>
		</encodingDesc>
		<profileDesc>
			<abstract>
				<p>In recent years, supervised learning with convolutional networks (CNNs) has seen huge adoption in computer vision applications. Comparatively, unsupervised learning with CNNs has received less attention. In this work we hope to help bridge the gap between the success of CNNs for supervised learning and unsupervised learning. We introduce a class of CNNs called deep convolutional generative adversarial networks (DCGANs), that have certain architectural constraints, and demonstrate that they are a strong candidate for unsupervised learning. Training on various image datasets, we show convincing evidence that our deep convolutional adversarial pair learns a hierarchy of representations from object parts to scenes in both the generator and discriminator. Additionally, we use the learned features for novel tasks-demonstrating their applicability as general image representations.</p>
			</abstract>
		</profileDesc>
	</teiHeader>
	<text xml:lang="en">
		<body>
<div xmlns="http://www.tei-c.org/ns/1.0"><head n="1">INTRODUCTION</head><p>Learning reusable feature representations from large unlabeled datasets has been an area of active research. In the context of computer vision, one can leverage the practically unlimited amount of unlabeled images and videos to learn good intermediate representations, which can then be used on a variety of supervised learning tasks such as image classification. We propose that one way to build good image representations is by training Generative Adversarial Networks (GANs) <ref type="bibr" target="#b10">(Goodfellow et al., 2014)</ref>, and later reusing parts of the generator and discriminator networks as feature extractors for supervised tasks. GANs provide an attractive alternative to maximum likelihood techniques. One can additionally argue that their learning process and the lack of a heuristic cost function (such as pixel-wise independent mean-square error) are attractive to representation learning. GANs have been known to be unstable to train, often resulting in generators that produce nonsensical outputs. There has been very limited published research in trying to understand and visualize what GANs learn, and the intermediate representations of multi-layer GANs.</p><p>In this paper, we make the following contributions</p><p>• We propose and evaluate a set of constraints on the architectural topology of Convolutional GANs that make them stable to train in most settings. We name this class of architectures Deep Convolutional GANs (DCGAN) • We use the trained discriminators for image classification tasks, showing competitive performance with other unsupervised algorithms. • We visualize the filters learnt by GANs and empirically show that specific filters have learned to draw specific objects. arXiv:1511.06434v2 <ref type="bibr">[cs.</ref>LG] 7 Jan 2016</p><p>• We show that the generators have interesting vector arithmetic properties allowing for easy manipulation of many semantic qualities of generated samples.</p></div>
<div xmlns="http://www.tei-c.org/ns/1.0"><head n="2">RELATED WORK</head><p>2.1 REPRESENTATION LEARNING FROM UNLABELED DATA Unsupervised representation learning is a fairly well studied problem in general computer vision research, as well as in the context of images. A classic approach to unsupervised representation learning is to do clustering on the data (for example using K-means), and leverage the clusters for improved classification scores. In the context of images, one can do hierarchical clustering of image patches <ref type="bibr" target="#b2">(Coates &amp; Ng, 2012)</ref> to learn powerful image representations. Another popular method is to train auto-encoders (convolutionally, stacked <ref type="bibr" target="#b32">(Vincent et al., 2010)</ref>, separating the what and where components of the code <ref type="bibr" target="#b36">(Zhao et al., 2015)</ref>, ladder structures <ref type="bibr" target="#b27">(Rasmus et al., 2015)</ref>) that encode an image into a compact code, and decode the code to reconstruct the image as accurately as possible. These methods have also been shown to learn good feature representations from image pixels. Deep belief networks <ref type="bibr" target="#b18">(Lee et al., 2009)</ref> have also been shown to work well in learning hierarchical representations.</p></div>
<div xmlns="http://www.tei-c.org/ns/1.0"><head n="2.2">GENERATING NATURAL IMAGES</head><p>Generative image models are well studied and fall into two categories: parametric and nonparametric.</p><p>The non-parametric models often do matching from a database of existing images, often matching patches of images, and have been used in texture synthesis <ref type="bibr" target="#b7">(Efros et al., 1999)</ref>, super-resolution <ref type="bibr" target="#b8">(Freeman et al., 2002)</ref> and in-painting <ref type="bibr" target="#b14">(Hays &amp; Efros, 2007)</ref>.</p><p>Parametric models for generating images has been explored extensively (for example on MNIST digits or for texture synthesis <ref type="bibr" target="#b26">(Portilla &amp; Simoncelli, 2000)</ref>). However, generating natural images of the real world have had not much success until recently. A variational sampling approach to generating images <ref type="bibr" target="#b17">(Kingma &amp; Welling, 2013)</ref> has had some success, but the samples often suffer from being blurry. Another approach generates images using an iterative forward diffusion process <ref type="bibr" target="#b28">(Sohl-Dickstein et al., 2015)</ref>. Generative Adversarial Networks <ref type="bibr" target="#b10">(Goodfellow et al., 2014</ref>) generated images suffering from being noisy and incomprehensible. A laplacian pyramid extension to this approach <ref type="bibr" target="#b4">(Denton et al., 2015)</ref> showed higher quality images, but they still suffered from the objects looking wobbly because of noise introduced in chaining multiple models. A recurrent network approach <ref type="bibr" target="#b11">(Gregor et al., 2015</ref>) and a deconvolution network approach <ref type="bibr" target="#b5">(Dosovitskiy et al., 2014)</ref> have also recently had some success with generating natural images. However, they have not leveraged the generators for supervised tasks.</p></div>
<div xmlns="http://www.tei-c.org/ns/1.0"><head n="2.3">VISUALIZING THE INTERNALS OF CNNS</head><p>One constant criticism of using neural networks has been that they are black-box methods, with little understanding of what the networks do in the form of a simple human-consumable algorithm. In the context of CNNs, Zeiler et. al. <ref type="bibr" target="#b35">(Zeiler &amp; Fergus, 2014)</ref> showed that by using deconvolutions and filtering the maximal activations, one can find the approximate purpose of each convolution filter in the network. Similarly, using a gradient descent on the inputs lets us inspect the ideal image that activates certain subsets of filters <ref type="bibr">(Mordvintsev et al.)</ref>.</p></div>
<div xmlns="http://www.tei-c.org/ns/1.0"><head n="3">APPROACH AND MODEL ARCHITECTURE</head><p>Historical attempts to scale up GANs using CNNs to model images have been unsuccessful. This motivated the authors of LAPGAN <ref type="bibr" target="#b4">(Denton et al., 2015)</ref> to develop an alternative approach to iteratively upscale low resolution generated images which can be modeled more reliably. We also encountered difficulties attempting to scale GANs using CNN architectures commonly used in the supervised literature. However, after extensive model exploration we identified a family of archi-tectures that resulted in stable training across a range of datasets and allowed for training higher resolution and deeper generative models.</p><p>Core to our approach is adopting and modifying three recently demonstrated changes to CNN architectures.</p><p>The first is the all convolutional net <ref type="bibr" target="#b29">(Springenberg et al., 2014)</ref> which replaces deterministic spatial pooling functions (such as maxpooling) with strided convolutions, allowing the network to learn its own spatial downsampling. We use this approach in our generator, allowing it to learn its own spatial upsampling, and discriminator.</p><p>Second is the trend towards eliminating fully connected layers on top of convolutional features. The strongest example of this is global average pooling which has been utilized in state of the art image classification models <ref type="bibr">(Mordvintsev et al.)</ref>. We found global average pooling increased model stability but hurt convergence speed. A middle ground of directly connecting the highest convolutional features to the input and output respectively of the generator and discriminator worked well. The first layer of the GAN, which takes a uniform noise distribution Z as input, could be called fully connected as it is just a matrix multiplication, but the result is reshaped into a 4-dimensional tensor and used as the start of the convolution stack. For the discriminator, the last convolution layer is flattened and then fed into a single sigmoid output. See <ref type="figure">Fig. 1</ref> for a visualization of an example model architecture.</p><p>Third is Batch Normalization <ref type="bibr" target="#b15">(Ioffe &amp; Szegedy, 2015)</ref> which stabilizes learning by normalizing the input to each unit to have zero mean and unit variance. This helps deal with training problems that arise due to poor initialization and helps gradient flow in deeper models. This proved critical to get deep generators to begin learning, preventing the generator from collapsing all samples to a single point which is a common failure mode observed in GANs. Directly applying batchnorm to all layers however, resulted in sample oscillation and model instability. This was avoided by not applying batchnorm to the generator output layer and the discriminator input layer.</p><p>The ReLU activation <ref type="bibr" target="#b23">(Nair &amp; Hinton, 2010)</ref> is used in the generator with the exception of the output layer which uses the Tanh function. We observed that using a bounded activation allowed the model to learn more quickly to saturate and cover the color space of the training distribution. Within the discriminator we found the leaky rectified activation <ref type="bibr" target="#b20">(Maas et al., 2013)</ref>  <ref type="bibr" target="#b33">(Xu et al., 2015)</ref> to work well, especially for higher resolution modeling. This is in contrast to the original GAN paper, which used the maxout activation <ref type="bibr" target="#b9">(Goodfellow et al., 2013)</ref>.</p></div>
<div xmlns="http://www.tei-c.org/ns/1.0"><head>Architecture guidelines for stable Deep Convolutional GANs</head><p>• Replace any pooling layers with strided convolutions (discriminator) and fractional-strided convolutions (generator). • Use batchnorm in both the generator and the discriminator.</p><p>• Remove fully connected hidden layers for deeper architectures.</p><p>• Use ReLU activation in generator for all layers except for the output, which uses Tanh.</p><p>• Use LeakyReLU activation in the discriminator for all layers.</p></div>
<div xmlns="http://www.tei-c.org/ns/1.0"><head n="4">DETAILS OF ADVERSARIAL TRAINING</head><p>We trained DCGANs on three datasets, Large-scale Scene Understanding (LSUN) <ref type="bibr" target="#b34">(Yu et al., 2015)</ref>, Imagenet-1k and a newly assembled Faces dataset. Details on the usage of each of these datasets are given below.</p><p>No pre-processing was applied to training images besides scaling to the range of the tanh activation function [-1, 1]. All models were trained with mini-batch stochastic gradient descent (SGD) with a mini-batch size of 128. All weights were initialized from a zero-centered Normal distribution with standard deviation 0.02. In the LeakyReLU, the slope of the leak was set to 0.2 in all models. While previous GAN work has used momentum to accelerate training, we used the Adam optimizer <ref type="bibr" target="#b16">(Kingma &amp; Ba, 2014)</ref> with tuned hyperparameters. We found the suggested learning rate of 0.001, to be too high, using 0.0002 instead. Additionally, we found leaving the momentum term β 1 at the <ref type="figure">Figure 1</ref>: DCGAN generator used for LSUN scene modeling. A 100 dimensional uniform distribution Z is projected to a small spatial extent convolutional representation with many feature maps. A series of four fractionally-strided convolutions (in some recent papers, these are wrongly called deconvolutions) then convert this high level representation into a × 64 pixel image. Notably, no fully connected or pooling layers are used.</p><p>suggested value of 0.9 resulted in training oscillation and instability while reducing it to 0.5 helped stabilize training.</p></div>
<div xmlns="http://www.tei-c.org/ns/1.0"><head n="4.1">LSUN</head><p>As visual quality of samples from generative image models has improved, concerns of over-fitting and memorization of training samples have risen. To demonstrate how our model scales with more data and higher resolution generation, we train a model on the LSUN bedrooms dataset containing a little over 3 million training examples. Recent analysis has shown that there is a direct link between how fast models learn and their generalization performance <ref type="bibr" target="#b12">(Hardt et al., 2015)</ref>. We show samples from one epoch of training ( <ref type="figure">Fig.2)</ref>, mimicking online learning, in addition to samples after convergence ( <ref type="figure" target="#fig_0">Fig.3)</ref>, as an opportunity to demonstrate that our model is not producing high quality samples via simply overfitting/memorizing training examples. No data augmentation was applied to the images.</p></div>
<div xmlns="http://www.tei-c.org/ns/1.0"><head n="4.1.1">DEDUPLICATION</head><p>To further decrease the likelihood of the generator memorizing input examples <ref type="figure">(Fig.2)</ref> we perform a simple image de-duplication process. We fit a 3072-128-3072 de-noising dropout regularized RELU autoencoder on 32x32 downsampled center-crops of training examples. The resulting code layer activations are then binarized via thresholding the ReLU activation which has been shown to be an effective information preserving technique <ref type="bibr" target="#b30">(Srivastava et al., 2014)</ref> and provides a convenient form of semantic-hashing, allowing for linear time de-duplication . Visual inspection of hash collisions showed high precision with an estimated false positive rate of less than 1 in 100. Additionally, the technique detected and removed approximately 275,000 near duplicates, suggesting a high recall.</p></div>
<div xmlns="http://www.tei-c.org/ns/1.0"><head n="4.2">FACES</head><p>We scraped images containing human faces from random web image queries of peoples names. The people names were acquired from dbpedia, with a criterion that they were born in the modern era. This dataset has 3M images from 10K people. We run an OpenCV face detector on these images, keeping the detections that are sufficiently high resolution, which gives us approximately 350,000 face boxes. We use these face boxes for training. No data augmentation was applied to the images. <ref type="figure">Figure 2</ref>: Generated bedrooms after one training pass through the dataset. Theoretically, the model could learn to memorize training examples, but this is experimentally unlikely as we train with a small learning rate and minibatch SGD. We are aware of no prior empirical evidence demonstrating memorization with SGD and a small learning rate. </p></div>
<div xmlns="http://www.tei-c.org/ns/1.0"><head n="4.3">IMAGENET-1K</head><p>We use Imagenet-1k <ref type="bibr" target="#b3">(Deng et al., 2009)</ref> as a source of natural images for unsupervised training. We train on 32 × 32 min-resized center crops. No data augmentation was applied to the images.</p></div>
<div xmlns="http://www.tei-c.org/ns/1.0"><head>EMPIRICAL VALIDATION OF DCGANS CAPABILITIES</head></div>
<div xmlns="http://www.tei-c.org/ns/1.0"><head n="5.1">CLASSIFYING CIFAR-10 USING GANS AS A FEATURE EXTRACTOR</head><p>One common technique for evaluating the quality of unsupervised representation learning algorithms is to apply them as a feature extractor on supervised datasets and evaluate the performance of linear models fitted on top of these features.</p><p>On the CIFAR-10 dataset, a very strong baseline performance has been demonstrated from a well tuned single layer feature extraction pipeline utilizing K-means as a feature learning algorithm. When using a very large amount of feature maps (4800) this technique achieves 80.6% accuracy. An unsupervised multi-layered extension of the base algorithm reaches 82.0% accuracy . To evaluate the quality of the representations learned by DCGANs for supervised tasks, we train on Imagenet-1k and then use the discriminator's convolutional features from all layers, maxpooling each layers representation to produce a 4 × 4 spatial grid. These features are then flattened and concatenated to form a 28672 dimensional vector and a regularized linear L2-SVM classifier is trained on top of them. This achieves 82.8% accuracy, out performing all K-means based approaches. Notably, the discriminator has many less feature maps (512 in the highest layer) compared to K-means based techniques, but does result in a larger total feature vector size due to the many layers of 4 × 4 spatial locations. The performance of DCGANs is still less than that of Exemplar CNNs <ref type="bibr" target="#b6">(Dosovitskiy et al., 2015)</ref>, a technique which trains normal discriminative CNNs in an unsupervised fashion to differentiate between specifically chosen, aggressively augmented, exemplar samples from the source dataset. Further improvements could be made by finetuning the discriminator's representations, but we leave this for future work. Additionally, since our DCGAN was never trained on CIFAR-10 this experiment also demonstrates the domain robustness of the learned features. <ref type="table">Table 1</ref>: CIFAR-10 classification results using our pre-trained model. Our DCGAN is not pretrained on CIFAR-10, but on Imagenet-1k, and the features are used to classify CIFAR-10 images.</p></div>
<div xmlns="http://www.tei-c.org/ns/1.0"><head>Model</head><p>Accuracy  <ref type="bibr" target="#b24">(Netzer et al., 2011)</ref>, we use the features of the discriminator of a DCGAN for supervised purposes when labeled data is scarce. Following similar dataset preparation rules as in the CIFAR-10 experiments, we split off a validation set of 10,000 examples from the non-extra set and use it for all hyperparameter and model selection. 1000 uniformly class distributed training examples are randomly selected and used to train a regularized linear L2-SVM classifier on top of the same feature extraction pipeline used for CIFAR-10. This achieves state of the art (for classification using 1000 labels) at 22.48% test error, improving upon another modifcation of CNNs designed to leverage unlabled data <ref type="bibr" target="#b36">(Zhao et al., 2015)</ref>. Additionally, we validate that the CNN architecture used in DCGAN is not the key contributing factor of the model's performance by training a purely supervised CNN with the same architecture on the same data and optimizing this model via random search over 64 hyperparameter trials <ref type="bibr" target="#b0">(Bergstra &amp; Bengio, 2012)</ref>. It achieves a signficantly higher 28.87% validation error.</p></div>
<div xmlns="http://www.tei-c.org/ns/1.0"><head>INVESTIGATING AND VISUALIZING THE INTERNALS OF THE NETWORKS</head><p>We investigate the trained generators and discriminators in a variety of ways. We do not do any kind of nearest neighbor search on the training set. Nearest neighbors in pixel or feature space are  <ref type="bibr" target="#b31">(Theis et al., 2015)</ref> by small image transforms. We also do not use log-likelihood metrics to quantitatively assess the model, as it is a poor <ref type="bibr" target="#b31">(Theis et al., 2015)</ref> metric.</p></div>
<div xmlns="http://www.tei-c.org/ns/1.0"><head n="6.1">WALKING IN THE LATENT SPACE</head><p>The first experiment we did was to understand the landscape of the latent space. Walking on the manifold that is learnt can usually tell us about signs of memorization (if there are sharp transitions) and about the way in which the space is hierarchically collapsed. If walking in this latent space results in semantic changes to the image generations (such as objects being added and removed), we can reason that the model has learned relevant and interesting representations. The results are shown in <ref type="figure" target="#fig_1">Fig.4</ref>.</p></div>
<div xmlns="http://www.tei-c.org/ns/1.0"><head n="6.2">VISUALIZING THE DISCRIMINATOR FEATURES</head><p>Previous work has demonstrated that supervised training of CNNs on large image datasets results in very powerful learned features <ref type="bibr" target="#b35">(Zeiler &amp; Fergus, 2014)</ref>. Additionally, supervised CNNs trained on scene classification learn object detectors <ref type="bibr" target="#b25">(Oquab et al., 2014)</ref>. We demonstrate that an unsupervised DCGAN trained on a large image dataset can also learn a hierarchy of features that are interesting. Using guided backpropagation as proposed by <ref type="bibr" target="#b29">(Springenberg et al., 2014)</ref>, we show in <ref type="figure">Fig.5</ref> that the features learnt by the discriminator activate on typical parts of a bedroom, like beds and windows. For comparison, in the same figure, we give a baseline for randomly initialized features that are not activated on anything that is semantically relevant or interesting.</p></div>
<div xmlns="http://www.tei-c.org/ns/1.0"><head n="6.3">MANIPULATING THE GENERATOR REPRESENTATION</head></div>
<div xmlns="http://www.tei-c.org/ns/1.0"><head n="6.3.1">FORGETTING TO DRAW CERTAIN OBJECTS</head><p>In addition to the representations learnt by a discriminator, there is the question of what representations the generator learns. The quality of samples suggest that the generator learns specific object representations for major scene components such as beds, windows, lamps, doors, and miscellaneous furniture. In order to explore the form that these representations take, we conducted an experiment to attempt to remove windows from the generator completely.</p><p>On 150 samples, 52 window bounding boxes were drawn manually. On the second highest convolution layer features, logistic regression was fit to predict whether a feature activation was on a window (or not), by using the criterion that activations inside the drawn bounding boxes are positives and random samples from the same images are negatives. Using this simple model, all feature maps with weights greater than zero ( 200 in total) were dropped from all spatial locations. Then, random new samples were generated with and without the feature map removal.</p><p>The generated images with and without the window dropout are shown in <ref type="figure">Fig.6</ref>, and interestingly, the network mostly forgets to draw windows in the bedrooms, replacing them with other objects. Interpolation between a series of 9 random points in Z show that the space learned has smooth transitions, with every image in the space plausibly looking like a bedroom. In the 6th row, you see a room without a window slowly transforming into a room with a giant window. In the 10th row, you see what appears to be a TV slowly being transformed into a window.</p></div>
<div xmlns="http://www.tei-c.org/ns/1.0"><head n="6.3.2">VECTOR ARITHMETIC ON FACE SAMPLES</head><p>In the context of evaluating learned representations of words <ref type="bibr" target="#b21">(Mikolov et al., 2013)</ref> demonstrated that simple arithmetic operations revealed rich linear structure in representation space. One canonical example demonstrated that the vector("King") -vector("Man") + vector("Woman") resulted in a vector whose nearest neighbor was the vector for Queen. We investigated whether similar structure emerges in the Z representation of our generators. We performed similar arithmetic on the Z vectors of sets of exemplar samples for visual concepts. Experiments working on only single samples per concept were unstable, but averaging the Z vector for three examplars showed consistent and stable generations that semantically obeyed the arithmetic. In addition to the object manipulation shown in <ref type="figure" target="#fig_2">(Fig. 7)</ref>, we demonstrate that face pose is also modeled linearly in Z space <ref type="figure">(Fig. 8</ref>).</p><p>These demonstrations suggest interesting applications can be developed using Z representations learned by our models. It has been previously demonstrated that conditional generative models can learn to convincingly model object attributes like scale, rotation, and position <ref type="bibr" target="#b5">(Dosovitskiy et al., 2014)</ref>. This is to our knowledge the first demonstration of this occurring in purely unsupervised <ref type="figure">Figure 5</ref>: On the right, guided backpropagation visualizations of maximal axis-aligned responses for the first 6 learned convolutional features from the last convolution layer in the discriminator. Notice a significant minority of features respond to beds -the central object in the LSUN bedrooms dataset. On the left is a random filter baseline. Comparing to the previous responses there is little to no discrimination and random structure. <ref type="figure">Figure 6</ref>: Top row: un-modified samples from model. Bottom row: the same samples generated with dropping out "window" filters. Some windows are removed, others are transformed into objects with similar visual appearance such as doors and mirrors. Although visual quality decreased, overall scene composition stayed similar, suggesting the generator has done a good job disentangling scene representation from object representation. Extended experiments could be done to remove other objects from the image and modify the objects the generator draws. models. Further exploring and developing the above mentioned vector arithmetic could dramatically reduce the amount of data needed for conditional generative modeling of complex image distributions.</p></div>
<div xmlns="http://www.tei-c.org/ns/1.0"><head n="7">CONCLUSION AND FUTURE WORK</head><p>We propose a more stable set of architectures for training generative adversarial networks and we give evidence that adversarial networks learn good representations of images for supervised learning and generative modeling. There are still some forms of model instability remaining -we noticed as models are trained longer they sometimes collapse a subset of filters to a single oscillating mode. : Vector arithmetic for visual concepts. For each column, the Z vectors of samples are averaged. Arithmetic was then performed on the mean vectors creating a new vector Y . The center sample on the right hand side is produce by feeding Y as input to the generator. To demonstrate the interpolation capabilities of the generator, uniform noise sampled with scale +-0.25 was added to Y to produce the 8 other samples. Applying arithmetic in the input space (bottom two examples) results in noisy overlap due to misalignment.</p><p>Further work is needed to tackle this from of instability. We think that extending this framework <ref type="figure">Figure 8</ref>: A "turn" vector was created from four averaged samples of faces looking left vs looking right. By adding interpolations along this axis to random samples we were able to reliably transform their pose.</p><p>to other domains such as video (for frame prediction) and audio (pre-trained features for speech synthesis) should be very interesting. Further investigations into the properties of the learnt latent space would be interesting as well.</p></div>
<div xmlns="http://www.tei-c.org/ns/1.0"><head n="8">SUPPLEMENTARY MATERIAL</head></div>
<div xmlns="http://www.tei-c.org/ns/1.0"><head n="8.1">EVALUATING DCGANS CAPABILITY TO CAPTURE DATA DISTRIBUTIONS</head><p>We propose to apply standard classification metrics to a conditional version of our model, evaluating the conditional distributions learned. We trained a DCGAN on MNIST (splitting off a 10K validation set) as well as a permutation invariant GAN baseline and evaluated the models using a nearest neighbor classifier comparing real data to a set of generated conditional samples. We found that removing the scale and bias parameters from batchnorm produced better results for both models. We speculate that the noise introduced by batchnorm helps the generative models to better explore and generate from the underlying data distribution. The results are shown in <ref type="table" target="#tab_2">Table 3</ref> which compares our models with other techniques. The DCGAN model achieves the same test error as a nearest neighbor classifier fitted on the training dataset -suggesting the DCGAN model has done a superb job at modeling the conditional distributions of this dataset. At one million samples per class, the DCGAN model outperforms InfiMNIST <ref type="bibr" target="#b19">(Loosli et al., 2007)</ref>, a hand developed data augmentation pipeline which uses translations and elastic deformations of training examples. The DCGAN is competitive with a probabilistic generative data augmentation technique utilizing learned per class transformations <ref type="bibr" target="#b13">(Hauberg et al., 2015)</ref> while being more general as it directly models the data instead of transformations of the data. 2.98% 1.48% <ref type="figure">Figure 9</ref>: Side-by-side illustration of (from left-to-right) the MNIST dataset, generations from a baseline GAN, and generations from our DCGAN . </p></div><figure xmlns="http://www.tei-c.org/ns/1.0" xml:id="fig_0"><head>Figure 3 :</head><label>3</label><figDesc>Generated bedrooms after five epochs of training. There appears to be evidence of visual under-fitting via repeated noise textures across multiple samples such as the base boards of some of the beds.</figDesc></figure>
<figure xmlns="http://www.tei-c.org/ns/1.0" xml:id="fig_1"><head>Figure 4 :</head><label>4</label><figDesc>Top rows:</figDesc></figure>
<figure xmlns="http://www.tei-c.org/ns/1.0" xml:id="fig_2"><head>Figure 7</head><label>7</label><figDesc>Figure 7: Vector arithmetic for visual concepts. For each column, the Z vectors of samples are averaged. Arithmetic was then performed on the mean vectors creating a new vector Y . The center sample on the right hand side is produce by feeding Y as input to the generator. To demonstrate the interpolation capabilities of the generator, uniform noise sampled with scale +-0.25 was added to Y to produce the 8 other samples. Applying arithmetic in the input space (bottom two examples) results in noisy overlap due to misalignment.</figDesc></figure>
<figure xmlns="http://www.tei-c.org/ns/1.0" xml:id="fig_3"><head>Figure 10 :</head><label>10</label><figDesc>More face generations from our Face DCGAN. Under review as a conference paper at ICLR 2016 Figure 11: Generations of a DCGAN that was trained on the Imagenet-1k dataset.</figDesc></figure>
<figure xmlns="http://www.tei-c.org/ns/1.0" type="table" xml:id="tab_1"><head>Table 2 :</head><label>2</label><figDesc>SVHN classification with 1000 labels</figDesc><table><row><cell>Model</cell><cell>error rate</cell></row><row><cell>KNN</cell><cell>77.93%</cell></row><row><cell>TSVM</cell><cell>66.55%</cell></row><row><cell>M1+KNN</cell><cell>65.63%</cell></row><row><cell>M1+TSVM</cell><cell>54.33%</cell></row><row><cell>M1+M2</cell><cell>36.02%</cell></row><row><cell>SWWAE without dropout</cell><cell>27.83%</cell></row><row><cell>SWWAE with dropout</cell><cell>23.56%</cell></row><row><cell>DCGAN (ours) + L2-SVM</cell><cell>22.48%</cell></row><row><cell cols="2">Supervised CNN with the same architecture 28.87% (validation)</cell></row><row><cell>trivially fooled</cell><cell></cell></row></table><note></note></figure>
<figure xmlns="http://www.tei-c.org/ns/1.0" type="table" xml:id="tab_2"><head>Table 3 :</head><label>3</label><figDesc>Nearest neighbor classification results.</figDesc><table><row><cell>Model</cell><cell cols="2">Test Error @50K samples Test Error @10M samples</cell></row><row><cell>AlignMNIST</cell><cell>-</cell><cell>1.4%</cell></row><row><cell>InfiMNIST</cell><cell>-</cell><cell>2.6%</cell></row><row><cell>Real Data</cell><cell>3.1%</cell><cell>-</cell></row><row><cell>GAN</cell><cell>6.28%</cell><cell>5.65%</cell></row><row><cell>DCGAN (ours)</cell><cell></cell><cell></cell></row></table><note></note></figure>
		</body>
		<back>

			<div type="acknowledgement">
<div xmlns="http://www.tei-c.org/ns/1.0"><head>ACKNOWLEDGMENTS</head><p>We are fortunate and thankful for all the advice and guidance we have received during this work, especially that of Ian Goodfellow, Tobias Springenberg, Arthur Szlam and Durk Kingma. Additionally we'd like to thank all of the folks at indico for providing support, resources, and conversations, especially the two other members of the indico research team, Dan Kuster and Nathan Lintz. Finally, we'd like to thank Nvidia for donating a Titan-X GPU used in this work.</p></div>
			</div>

			<div type="references">

				<listBibl>

<biblStruct xml:id="b0">
	<monogr>
		<title level="m" type="main">Random search for hyper-parameter optimization</title>
		<author>
			<persName xmlns="http://www.tei-c.org/ns/1.0"><forename type="first">James</forename><surname>Bergstra</surname></persName>
		</author>
		<author>
			<persName xmlns="http://www.tei-c.org/ns/1.0"><forename type="first">Yoshua</forename><surname>Bengio</surname></persName>
		</author>
		<imprint>
			<date type="published" when="2012" />
			<publisher>JMLR</publisher>
		</imprint>
	</monogr>
</biblStruct>

<biblStruct xml:id="b1">
	<monogr>
		<author>
			<persName xmlns="http://www.tei-c.org/ns/1.0"><forename type="first">Adam</forename><surname>Coates</surname></persName>
		</author>
		<author>
			<persName xmlns="http://www.tei-c.org/ns/1.0"><forename type="first">Andrew</forename><surname>Ng</surname></persName>
		</author>
		<title level="m">Selecting receptive fields in deep networks. NIPS</title>
		<imprint>
			<date type="published" when="2011" />
		</imprint>
	</monogr>
</biblStruct>

<biblStruct xml:id="b2">
	<analytic>
		<title level="a" type="main">Learning feature representations with k-means</title>
		<author>
			<persName xmlns="http://www.tei-c.org/ns/1.0"><forename type="first">Adam</forename><surname>Coates</surname></persName>
		</author>
		<author>
			<persName xmlns="http://www.tei-c.org/ns/1.0"><forename type="first">Andrew</forename><forename type="middle">Y</forename><surname>Ng</surname></persName>
		</author>
	</analytic>
	<monogr>
		<title level="m">Neural Networks: Tricks of the Trade</title>
		<imprint>
			<publisher>Springer</publisher>
			<date type="published" when="2012" />
			<biblScope unit="page" from="561" to="580" />
		</imprint>
	</monogr>
</biblStruct>

<biblStruct xml:id="b3">
	<analytic>
		<title level="a" type="main">Imagenet: A large-scale hierarchical image database</title>
		<author>
			<persName xmlns="http://www.tei-c.org/ns/1.0"><forename type="first">Jia</forename><surname>Deng</surname></persName>
		</author>
		<author>
			<persName xmlns="http://www.tei-c.org/ns/1.0"><surname>Dong</surname></persName>
		</author>
		<author>
			<persName xmlns="http://www.tei-c.org/ns/1.0"><surname>Wei</surname></persName>
		</author>
		<author>
			<persName xmlns="http://www.tei-c.org/ns/1.0"><surname>Socher</surname></persName>
		</author>
		<author>
			<persName xmlns="http://www.tei-c.org/ns/1.0"><surname>Richard</surname></persName>
		</author>
		<author>
			<persName xmlns="http://www.tei-c.org/ns/1.0"><surname>Li</surname></persName>
		</author>
		<author>
			<persName xmlns="http://www.tei-c.org/ns/1.0"><surname>Li-Jia</surname></persName>
		</author>
		<author>
			<persName xmlns="http://www.tei-c.org/ns/1.0"><forename type="first">Kai</forename><surname>Li</surname></persName>
		</author>
		<author>
			<persName xmlns="http://www.tei-c.org/ns/1.0"><forename type="first">Li</forename><surname>Fei-Fei</surname></persName>
		</author>
	</analytic>
	<monogr>
		<title level="m">Computer Vision and Pattern Recognition</title>
		<imprint>
			<publisher>IEEE</publisher>
			<date type="published" when="2009" />
			<biblScope unit="page" from="248" to="255" />
		</imprint>
	</monogr>
	<note>CVPR 2009. IEEE Conference on</note>
</biblStruct>

<biblStruct xml:id="b4">
	<monogr>
		<title level="m" type="main">Deep generative image models using a laplacian pyramid of adversarial networks</title>
		<author>
			<persName xmlns="http://www.tei-c.org/ns/1.0"><forename type="first">Emily</forename><surname>Denton</surname></persName>
		</author>
		<author>
			<persName xmlns="http://www.tei-c.org/ns/1.0"><surname>Chintala</surname></persName>
		</author>
		<author>
			<persName xmlns="http://www.tei-c.org/ns/1.0"><surname>Soumith</surname></persName>
		</author>
		<author>
			<persName xmlns="http://www.tei-c.org/ns/1.0"><forename type="first">Arthur</forename><surname>Szlam</surname></persName>
		</author>
		<author>
			<persName xmlns="http://www.tei-c.org/ns/1.0"><forename type="first">Rob</forename><surname>Fergus</surname></persName>
		</author>
		<idno type="arXiv">arXiv:1506.05751</idno>
		<imprint>
			<date type="published" when="2015" />
		</imprint>
	</monogr>
	<note type="report_type">arXiv preprint</note>
</biblStruct>

<biblStruct xml:id="b5">
	<monogr>
		<title level="m" type="main">Learning to generate chairs with convolutional neural networks</title>
		<author>
			<persName xmlns="http://www.tei-c.org/ns/1.0"><forename type="first">Alexey</forename><surname>Dosovitskiy</surname></persName>
		</author>
		<author>
			<persName xmlns="http://www.tei-c.org/ns/1.0"><forename type="first">Jost</forename><surname>Springenberg</surname></persName>
		</author>
		<author>
			<persName xmlns="http://www.tei-c.org/ns/1.0"><surname>Tobias</surname></persName>
		</author>
		<author>
			<persName xmlns="http://www.tei-c.org/ns/1.0"><forename type="first">Thomas</forename><surname>Brox</surname></persName>
		</author>
		<idno type="arXiv">arXiv:1411.5928</idno>
		<imprint>
			<date type="published" when="2014" />
		</imprint>
	</monogr>
	<note type="report_type">arXiv preprint</note>
</biblStruct>

<biblStruct xml:id="b6">
	<analytic>
		<title level="a" type="main">Discriminative unsupervised feature learning with exemplar convolutional neural networks</title>
		<author>
			<persName xmlns="http://www.tei-c.org/ns/1.0"><forename type="first">Alexey</forename><surname>Dosovitskiy</surname></persName>
		</author>
		<author>
			<persName xmlns="http://www.tei-c.org/ns/1.0"><surname>Fischer</surname></persName>
		</author>
		<author>
			<persName xmlns="http://www.tei-c.org/ns/1.0"><surname>Philipp</surname></persName>
		</author>
		<author>
			<persName xmlns="http://www.tei-c.org/ns/1.0"><forename type="first">Jost</forename><surname>Springenberg</surname></persName>
		</author>
		<author>
			<persName xmlns="http://www.tei-c.org/ns/1.0"><surname>Tobias</surname></persName>
		</author>
		<author>
			<persName xmlns="http://www.tei-c.org/ns/1.0"><forename type="first">Martin</forename><surname>Riedmiller</surname></persName>
		</author>
		<author>
			<persName xmlns="http://www.tei-c.org/ns/1.0"><forename type="first">Thomas</forename><surname>Brox</surname></persName>
		</author>
	</analytic>
	<monogr>
		<title level="m">Pattern Analysis and Machine Intelligence</title>
		<imprint>
			<publisher>IEEE</publisher>
			<date type="published" when="2015" />
			<biblScope unit="volume">99</biblScope>
		</imprint>
	</monogr>
</biblStruct>

<biblStruct xml:id="b7">
	<analytic>
		<title level="a" type="main">Texture synthesis by non-parametric sampling</title>
		<author>
			<persName xmlns="http://www.tei-c.org/ns/1.0"><forename type="first">Alexei</forename><surname>Efros</surname></persName>
		</author>
		<author>
			<persName xmlns="http://www.tei-c.org/ns/1.0"><surname>Leung</surname></persName>
		</author>
		<author>
			<persName xmlns="http://www.tei-c.org/ns/1.0"><forename type="first">K</forename><surname>Thomas</surname></persName>
		</author>
	</analytic>
	<monogr>
		<title level="m">The Proceedings of the Seventh IEEE International Conference on</title>
		<imprint>
			<publisher>IEEE</publisher>
			<date type="published" when="1999" />
			<biblScope unit="volume">2</biblScope>
			<biblScope unit="page" from="1033" to="1038" />
		</imprint>
	</monogr>
	<note>Computer Vision</note>
</biblStruct>

<biblStruct xml:id="b8">
	<analytic>
		<title level="a" type="main">Example-based super-resolution. Computer Graphics and Applications</title>
		<author>
			<persName xmlns="http://www.tei-c.org/ns/1.0"><forename type="first">William</forename><forename type="middle">T</forename><surname>Freeman</surname></persName>
		</author>
		<author>
			<persName xmlns="http://www.tei-c.org/ns/1.0"><surname>Jones</surname></persName>
		</author>
		<author>
			<persName xmlns="http://www.tei-c.org/ns/1.0"><forename type="first">R</forename><surname>Thouis</surname></persName>
		</author>
		<author>
			<persName xmlns="http://www.tei-c.org/ns/1.0"><forename type="first">Pasztor</forename><surname>Egon</surname></persName>
		</author>
		<author>
			<persName xmlns="http://www.tei-c.org/ns/1.0"><forename type="first">C</forename></persName>
		</author>
	</analytic>
	<monogr>
		<title level="j">IEEE</title>
		<imprint>
			<biblScope unit="volume">22</biblScope>
			<biblScope unit="issue">2</biblScope>
			<biblScope unit="page" from="56" to="65" />
			<date type="published" when="2002" />
		</imprint>
	</monogr>
</biblStruct>

<biblStruct xml:id="b9">
	<monogr>
		<title/>
		<author>
			<persName xmlns="http://www.tei-c.org/ns/1.0"><forename type="first">Ian</forename><forename type="middle">J</forename><surname>Goodfellow</surname></persName>
		</author>
		<author>
			<persName xmlns="http://www.tei-c.org/ns/1.0"><forename type="first">Warde</forename><forename type="middle">-</forename><surname>Farley</surname></persName>
		</author>
		<author>
			<persName xmlns="http://www.tei-c.org/ns/1.0"><surname>David</surname></persName>
		</author>
		<author>
			<persName xmlns="http://www.tei-c.org/ns/1.0"><surname>Mirza</surname></persName>
		</author>
		<author>
			<persName xmlns="http://www.tei-c.org/ns/1.0"><surname>Mehdi</surname></persName>
		</author>
		<author>
			<persName xmlns="http://www.tei-c.org/ns/1.0"><forename type="first">Aaron</forename><surname>Courville</surname></persName>
		</author>
		<author>
			<persName xmlns="http://www.tei-c.org/ns/1.0"><forename type="first">Bengio</forename></persName>
		</author>
		<idno type="arXiv">arXiv:1302.4389</idno>
		<imprint>
			<date type="published" when="2013" />
		</imprint>
	</monogr>
	<note type="report_type">Yoshua. Maxout networks. arXiv preprint</note>
</biblStruct>

<biblStruct xml:id="b10">
	<monogr>
		<author>
			<persName xmlns="http://www.tei-c.org/ns/1.0"><forename type="first">Ian</forename><forename type="middle">J</forename><surname>Goodfellow</surname></persName>
		</author>
		<author>
			<persName xmlns="http://www.tei-c.org/ns/1.0"><surname>Pouget-Abadie</surname></persName>
		</author>
		<author>
			<persName xmlns="http://www.tei-c.org/ns/1.0"><surname>Jean</surname></persName>
		</author>
		<author>
			<persName xmlns="http://www.tei-c.org/ns/1.0"><surname>Mirza</surname></persName>
		</author>
		<author>
			<persName xmlns="http://www.tei-c.org/ns/1.0"><surname>Mehdi</surname></persName>
		</author>
		<author>
			<persName xmlns="http://www.tei-c.org/ns/1.0"><surname>Xu</surname></persName>
		</author>
		<author>
			<persName xmlns="http://www.tei-c.org/ns/1.0"><forename type="first">Warde</forename><forename type="middle">-</forename><surname>Bing</surname></persName>
		</author>
		<author>
			<persName xmlns="http://www.tei-c.org/ns/1.0"><surname>Farley</surname></persName>
		</author>
		<author>
			<persName xmlns="http://www.tei-c.org/ns/1.0"><surname>David</surname></persName>
		</author>
		<author>
			<persName xmlns="http://www.tei-c.org/ns/1.0"><surname>Ozair</surname></persName>
		</author>
		<author>
			<persName xmlns="http://www.tei-c.org/ns/1.0"><surname>Sherjil</surname></persName>
		</author>
		<author>
			<persName xmlns="http://www.tei-c.org/ns/1.0"><forename type="first">Aaron</forename><forename type="middle">C</forename><surname>Courville</surname></persName>
		</author>
		<author>
			<persName xmlns="http://www.tei-c.org/ns/1.0"><forename type="first">Yoshua</forename><surname>Bengio</surname></persName>
		</author>
		<title level="m">Generative adversarial nets. NIPS</title>
		<imprint>
			<date type="published" when="2014" />
		</imprint>
	</monogr>
</biblStruct>

<biblStruct xml:id="b11">
	<monogr>
		<title level="m" type="main">Draw: A recurrent neural network for image generation</title>
		<author>
			<persName xmlns="http://www.tei-c.org/ns/1.0"><forename type="first">Karol</forename><surname>Gregor</surname></persName>
		</author>
		<author>
			<persName xmlns="http://www.tei-c.org/ns/1.0"><surname>Danihelka</surname></persName>
		</author>
		<author>
			<persName xmlns="http://www.tei-c.org/ns/1.0"><surname>Ivo</surname></persName>
		</author>
		<author>
			<persName xmlns="http://www.tei-c.org/ns/1.0"><forename type="first">Alex</forename><surname>Graves</surname></persName>
		</author>
		<author>
			<persName xmlns="http://www.tei-c.org/ns/1.0"><forename type="first">Daan</forename><surname>Wierstra</surname></persName>
		</author>
		<idno type="arXiv">arXiv:1502.04623</idno>
		<imprint>
			<date type="published" when="2015" />
		</imprint>
	</monogr>
	<note type="report_type">arXiv preprint</note>
</biblStruct>

<biblStruct xml:id="b12">
	<monogr>
		<title level="m" type="main">Train faster, generalize better: Stability of stochastic gradient descent</title>
		<author>
			<persName xmlns="http://www.tei-c.org/ns/1.0"><surname>Hardt</surname></persName>
		</author>
		<author>
			<persName xmlns="http://www.tei-c.org/ns/1.0"><surname>Moritz</surname></persName>
		</author>
		<author>
			<persName xmlns="http://www.tei-c.org/ns/1.0"><forename type="first">Benjamin</forename><surname>Recht</surname></persName>
		</author>
		<author>
			<persName xmlns="http://www.tei-c.org/ns/1.0"><forename type="first">Yoram</forename><surname>Singer</surname></persName>
		</author>
		<idno type="arXiv">arXiv:1509.01240</idno>
		<imprint>
			<date type="published" when="2015" />
		</imprint>
	</monogr>
	<note type="report_type">arXiv preprint</note>
</biblStruct>

<biblStruct xml:id="b13">
	<monogr>
		<title level="m" type="main">Dreaming more data: Class-dependent distributions over diffeomorphisms for learned data augmentation</title>
		<author>
			<persName xmlns="http://www.tei-c.org/ns/1.0"><surname>Hauberg</surname></persName>
		</author>
		<author>
			<persName xmlns="http://www.tei-c.org/ns/1.0"><surname>Sren</surname></persName>
		</author>
		<author>
			<persName xmlns="http://www.tei-c.org/ns/1.0"><surname>Freifeld</surname></persName>
		</author>
		<author>
			<persName xmlns="http://www.tei-c.org/ns/1.0"><surname>Oren</surname></persName>
		</author>
		<author>
			<persName xmlns="http://www.tei-c.org/ns/1.0"><forename type="first">Anders</forename><surname>Larsen</surname></persName>
		</author>
		<author>
			<persName xmlns="http://www.tei-c.org/ns/1.0"><surname>Boesen Lindbo</surname></persName>
		</author>
		<author>
			<persName xmlns="http://www.tei-c.org/ns/1.0"><forename type="first">Iii</forename><surname>Fisher</surname></persName>
		</author>
		<author>
			<persName xmlns="http://www.tei-c.org/ns/1.0"><forename type="first">John</forename><forename type="middle">W</forename><surname>Hansen</surname></persName>
		</author>
		<author>
			<persName xmlns="http://www.tei-c.org/ns/1.0"><forename type="first">Lars</forename><surname>Kair</surname></persName>
		</author>
		<idno type="arXiv">arXiv:1510.02795</idno>
		<imprint>
			<date type="published" when="2015" />
		</imprint>
	</monogr>
	<note type="report_type">arXiv preprint</note>
</biblStruct>

<biblStruct xml:id="b14">
	<analytic>
		<title level="a" type="main">Scene completion using millions of photographs</title>
		<author>
			<persName xmlns="http://www.tei-c.org/ns/1.0"><forename type="first">James</forename><surname>Hays</surname></persName>
		</author>
		<author>
			<persName xmlns="http://www.tei-c.org/ns/1.0"><forename type="first">Efros</forename></persName>
		</author>
		<author>
			<persName xmlns="http://www.tei-c.org/ns/1.0"><forename type="first">Alexei</forename><forename type="middle">A</forename></persName>
		</author>
	</analytic>
	<monogr>
		<title level="j">ACM Transactions on Graphics (TOG)</title>
		<imprint>
			<biblScope unit="volume">26</biblScope>
			<biblScope unit="issue">3</biblScope>
			<biblScope unit="page">4</biblScope>
			<date type="published" when="2007" />
		</imprint>
	</monogr>
</biblStruct>

<biblStruct xml:id="b15">
	<monogr>
		<title level="m" type="main">Batch normalization: Accelerating deep network training by reducing internal covariate shift</title>
		<author>
			<persName xmlns="http://www.tei-c.org/ns/1.0"><forename type="first">Sergey</forename><surname>Ioffe</surname></persName>
		</author>
		<author>
			<persName xmlns="http://www.tei-c.org/ns/1.0"><forename type="first">Christian</forename><surname>Szegedy</surname></persName>
		</author>
		<idno type="arXiv">arXiv:1502.03167</idno>
		<imprint>
			<date type="published" when="2015" />
		</imprint>
	</monogr>
	<note type="report_type">arXiv preprint</note>
</biblStruct>

<biblStruct xml:id="b16">
	<monogr>
		<title level="m" type="main">Adam: A method for stochastic optimization</title>
		<author>
			<persName xmlns="http://www.tei-c.org/ns/1.0"><forename type="first">Diederik</forename><forename type="middle">P</forename><surname>Kingma</surname></persName>
		</author>
		<author>
			<persName xmlns="http://www.tei-c.org/ns/1.0"><forename type="first">Jimmy</forename><surname>Ba</surname></persName>
		</author>
		<author>
			<persName xmlns="http://www.tei-c.org/ns/1.0"><surname>Lei</surname></persName>
		</author>
		<idno type="arXiv">arXiv:1412.6980</idno>
		<imprint>
			<date type="published" when="2014" />
		</imprint>
	</monogr>
	<note type="report_type">arXiv preprint</note>
</biblStruct>

<biblStruct xml:id="b17">
	<monogr>
		<author>
			<persName xmlns="http://www.tei-c.org/ns/1.0"><forename type="first">Diederik</forename><forename type="middle">P</forename><surname>Kingma</surname></persName>
		</author>
		<author>
			<persName xmlns="http://www.tei-c.org/ns/1.0"><forename type="first">Max</forename><surname>Welling</surname></persName>
		</author>
		<idno type="arXiv">arXiv:1312.6114</idno>
		<title level="m">Auto-encoding variational bayes</title>
		<imprint>
			<date type="published" when="2013" />
		</imprint>
	</monogr>
	<note type="report_type">arXiv preprint</note>
</biblStruct>

<biblStruct xml:id="b18">
	<analytic>
		<title level="a" type="main">Convolutional deep belief networks for scalable unsupervised learning of hierarchical representations</title>
		<author>
			<persName xmlns="http://www.tei-c.org/ns/1.0"><surname>Lee</surname></persName>
		</author>
		<author>
			<persName xmlns="http://www.tei-c.org/ns/1.0"><surname>Honglak</surname></persName>
		</author>
		<author>
			<persName xmlns="http://www.tei-c.org/ns/1.0"><surname>Grosse</surname></persName>
		</author>
		<author>
			<persName xmlns="http://www.tei-c.org/ns/1.0"><surname>Roger</surname></persName>
		</author>
		<author>
			<persName xmlns="http://www.tei-c.org/ns/1.0"><forename type="first">Rajesh</forename><surname>Ranganath</surname></persName>
		</author>
		<author>
			<persName xmlns="http://www.tei-c.org/ns/1.0"><forename type="first">Andrew</forename><forename type="middle">Y</forename><surname>Ng</surname></persName>
		</author>
	</analytic>
	<monogr>
		<title level="m">Proceedings of the 26th Annual International Conference on Machine Learning</title>
		<meeting>the 26th Annual International Conference on Machine Learning</meeting>
		<imprint>
			<publisher>ACM</publisher>
			<date type="published" when="2009" />
			<biblScope unit="page" from="609" to="616" />
		</imprint>
	</monogr>
</biblStruct>

<biblStruct xml:id="b19">
	<analytic>
		<title level="a" type="main">Training invariant support vector machines using selective sampling</title>
		<author>
			<persName xmlns="http://www.tei-c.org/ns/1.0"><forename type="first">Gaëlle</forename><surname>Loosli</surname></persName>
		</author>
		<author>
			<persName xmlns="http://www.tei-c.org/ns/1.0"><forename type="first">Stéphane</forename><surname>Canu</surname></persName>
		</author>
		<author>
			<persName xmlns="http://www.tei-c.org/ns/1.0"><forename type="first">Léon</forename><surname>Bottou</surname></persName>
		</author>
		<ptr target="http://leon.bottou.org/papers/loosli-canu-bottou-2006" />
	</analytic>
	<monogr>
		<title level="m">Large Scale Kernel Machines</title>
		<editor>Bottou, Léon, Chapelle, Olivier, DeCoste, Dennis, and Weston, Jason</editor>
		<meeting><address><addrLine>Cambridge, MA.</addrLine></address></meeting>
		<imprint>
			<publisher>MIT Press</publisher>
			<date type="published" when="2007" />
			<biblScope unit="page" from="301" to="320" />
		</imprint>
	</monogr>
</biblStruct>

<biblStruct xml:id="b20">
	<analytic>
		<title level="a" type="main">Rectifier nonlinearities improve neural network acoustic models</title>
		<author>
			<persName xmlns="http://www.tei-c.org/ns/1.0"><forename type="first">Andrew</forename><forename type="middle">L</forename><surname>Maas</surname></persName>
		</author>
		<author>
			<persName xmlns="http://www.tei-c.org/ns/1.0"><surname>Hannun</surname></persName>
		</author>
		<author>
			<persName xmlns="http://www.tei-c.org/ns/1.0"><forename type="first">Y</forename><surname>Awni</surname></persName>
		</author>
		<author>
			<persName xmlns="http://www.tei-c.org/ns/1.0"><forename type="first">Andrew</forename><forename type="middle">Y</forename><surname>Ng</surname></persName>
		</author>
	</analytic>
	<monogr>
		<title level="m">Proc. ICML</title>
		<meeting>ICML</meeting>
		<imprint>
			<date type="published" when="2013" />
			<biblScope unit="volume">30</biblScope>
		</imprint>
	</monogr>
</biblStruct>

<biblStruct xml:id="b21">
	<analytic>
		<title level="a" type="main">Distributed representations of words and phrases and their compositionality</title>
		<author>
			<persName xmlns="http://www.tei-c.org/ns/1.0"><forename type="first">Tomas</forename><surname>Mikolov</surname></persName>
		</author>
		<author>
			<persName xmlns="http://www.tei-c.org/ns/1.0"><surname>Sutskever</surname></persName>
		</author>
		<author>
			<persName xmlns="http://www.tei-c.org/ns/1.0"><surname>Ilya</surname></persName>
		</author>
		<author>
			<persName xmlns="http://www.tei-c.org/ns/1.0"><surname>Chen</surname></persName>
		</author>
		<author>
			<persName xmlns="http://www.tei-c.org/ns/1.0"><surname>Kai</surname></persName>
		</author>
		<author>
			<persName xmlns="http://www.tei-c.org/ns/1.0"><surname>Corrado</surname></persName>
		</author>
		<author>
			<persName xmlns="http://www.tei-c.org/ns/1.0"><forename type="first">S</forename><surname>Greg</surname></persName>
		</author>
		<author>
			<persName xmlns="http://www.tei-c.org/ns/1.0"><forename type="first">Jeff</forename><surname>Dean</surname></persName>
		</author>
	</analytic>
	<monogr>
		<title level="m">Advances in neural information processing systems</title>
		<imprint>
			<date type="published" when="2013" />
			<biblScope unit="page" from="3111" to="3119" />
		</imprint>
	</monogr>
</biblStruct>

<biblStruct xml:id="b22">
	<monogr>
		<title level="m" type="main">Inceptionism : Going deeper</title>
		<author>
			<persName xmlns="http://www.tei-c.org/ns/1.0"><forename type="first">Alexander</forename><surname>Mordvintsev</surname></persName>
		</author>
		<author>
			<persName xmlns="http://www.tei-c.org/ns/1.0"><forename type="first">Christopher</forename><surname>Olah</surname></persName>
		</author>
		<author>
			<persName xmlns="http://www.tei-c.org/ns/1.0"><forename type="first">Mike</forename><surname>Tyka</surname></persName>
		</author>
		<ptr target="http://googleresearch.blogspot.com/2015/06/inceptionism-going-deeper-into-neural.html" />
		<imprint>
			<biblScope unit="page" from="2015" to="2021" />
		</imprint>
	</monogr>
</biblStruct>

<biblStruct xml:id="b23">
	<analytic>
		<title level="a" type="main">Rectified linear units improve restricted boltzmann machines</title>
		<author>
			<persName xmlns="http://www.tei-c.org/ns/1.0"><forename type="first">Vinod</forename><surname>Nair</surname></persName>
		</author>
		<author>
			<persName xmlns="http://www.tei-c.org/ns/1.0"><forename type="first">Geoffrey</forename><forename type="middle">E</forename><surname>Hinton</surname></persName>
		</author>
	</analytic>
	<monogr>
		<title level="m">Proceedings of the 27th International Conference on Machine Learning (ICML-10)</title>
		<meeting>the 27th International Conference on Machine Learning (ICML-10)</meeting>
		<imprint>
			<date type="published" when="2010" />
			<biblScope unit="page" from="807" to="814" />
		</imprint>
	</monogr>
</biblStruct>

<biblStruct xml:id="b24">
	<analytic>
		<title level="a" type="main">Reading digits in natural images with unsupervised feature learning</title>
		<author>
			<persName xmlns="http://www.tei-c.org/ns/1.0"><forename type="first">Yuval</forename><surname>Netzer</surname></persName>
		</author>
		<author>
			<persName xmlns="http://www.tei-c.org/ns/1.0"><surname>Wang</surname></persName>
		</author>
		<author>
			<persName xmlns="http://www.tei-c.org/ns/1.0"><surname>Tao</surname></persName>
		</author>
		<author>
			<persName xmlns="http://www.tei-c.org/ns/1.0"><surname>Coates</surname></persName>
		</author>
		<author>
			<persName xmlns="http://www.tei-c.org/ns/1.0"><surname>Adam</surname></persName>
		</author>
		<author>
			<persName xmlns="http://www.tei-c.org/ns/1.0"><forename type="first">Alessandro</forename><surname>Bissacco</surname></persName>
		</author>
		<author>
			<persName xmlns="http://www.tei-c.org/ns/1.0"><forename type="first">Bo</forename><surname>Wu</surname></persName>
		</author>
		<author>
			<persName xmlns="http://www.tei-c.org/ns/1.0"><forename type="first">Andrew</forename><forename type="middle">Y</forename><surname>Ng</surname></persName>
		</author>
	</analytic>
	<monogr>
		<title level="m">NIPS workshop on deep learning and unsupervised feature learning</title>
		<meeting><address><addrLine>Granada, Spain</addrLine></address></meeting>
		<imprint>
			<date type="published" when="2011" />
			<biblScope unit="volume">2011</biblScope>
		</imprint>
	</monogr>
</biblStruct>

<biblStruct xml:id="b25">
	<analytic>
		<title level="a" type="main">Learning and transferring mid-level image representations using convolutional neural networks</title>
		<author>
			<persName xmlns="http://www.tei-c.org/ns/1.0"><forename type="first">M</forename><surname>Oquab</surname></persName>
		</author>
		<author>
			<persName xmlns="http://www.tei-c.org/ns/1.0"><forename type="first">L</forename><surname>Bottou</surname></persName>
		</author>
		<author>
			<persName xmlns="http://www.tei-c.org/ns/1.0"><forename type="first">I</forename><surname>Laptev</surname></persName>
		</author>
		<author>
			<persName xmlns="http://www.tei-c.org/ns/1.0"><forename type="first">J</forename><surname>Sivic</surname></persName>
		</author>
	</analytic>
	<monogr>
		<title level="m">CVPR</title>
		<imprint>
			<date type="published" when="2014" />
		</imprint>
	</monogr>
</biblStruct>

<biblStruct xml:id="b26">
	<analytic>
		<title level="a" type="main">A parametric texture model based on joint statistics of complex wavelet coefficients</title>
		<author>
			<persName xmlns="http://www.tei-c.org/ns/1.0"><forename type="first">Javier</forename><surname>Portilla</surname></persName>
		</author>
		<author>
			<persName xmlns="http://www.tei-c.org/ns/1.0"><surname>Simoncelli</surname></persName>
		</author>
		<author>
			<persName xmlns="http://www.tei-c.org/ns/1.0"><forename type="first">P</forename><surname>Eero</surname></persName>
		</author>
	</analytic>
	<monogr>
		<title level="j">International Journal of Computer Vision</title>
		<imprint>
			<biblScope unit="volume">40</biblScope>
			<biblScope unit="issue">1</biblScope>
			<biblScope unit="page" from="49" to="70" />
			<date type="published" when="2000" />
		</imprint>
	</monogr>
</biblStruct>

<biblStruct xml:id="b27">
	<monogr>
		<title level="m" type="main">Semisupervised learning with ladder network</title>
		<author>
			<persName xmlns="http://www.tei-c.org/ns/1.0"><forename type="first">Antti</forename><surname>Rasmus</surname></persName>
		</author>
		<author>
			<persName xmlns="http://www.tei-c.org/ns/1.0"><surname>Valpola</surname></persName>
		</author>
		<author>
			<persName xmlns="http://www.tei-c.org/ns/1.0"><surname>Harri</surname></persName>
		</author>
		<author>
			<persName xmlns="http://www.tei-c.org/ns/1.0"><surname>Honkala</surname></persName>
		</author>
		<author>
			<persName xmlns="http://www.tei-c.org/ns/1.0"><surname>Mikko</surname></persName>
		</author>
		<author>
			<persName xmlns="http://www.tei-c.org/ns/1.0"><forename type="first">Mathias</forename><surname>Berglund</surname></persName>
		</author>
		<author>
			<persName xmlns="http://www.tei-c.org/ns/1.0"><forename type="first">Tapani</forename><surname>Raiko</surname></persName>
		</author>
		<idno type="arXiv">arXiv:1507.02672</idno>
		<imprint>
			<date type="published" when="2015" />
		</imprint>
	</monogr>
	<note type="report_type">arXiv preprint</note>
</biblStruct>

<biblStruct xml:id="b28">
	<monogr>
		<author>
			<persName xmlns="http://www.tei-c.org/ns/1.0"><surname>Sohl-Dickstein</surname></persName>
		</author>
		<author>
			<persName xmlns="http://www.tei-c.org/ns/1.0"><surname>Jascha</surname></persName>
		</author>
		<author>
			<persName xmlns="http://www.tei-c.org/ns/1.0"><forename type="first">Eric</forename><forename type="middle">A</forename><surname>Weiss</surname></persName>
		</author>
		<author>
			<persName xmlns="http://www.tei-c.org/ns/1.0"><forename type="first">Niru</forename><surname>Maheswaranathan</surname></persName>
		</author>
		<author>
			<persName xmlns="http://www.tei-c.org/ns/1.0"><surname>Ganguli</surname></persName>
		</author>
		<author>
			<persName xmlns="http://www.tei-c.org/ns/1.0"><surname>Surya</surname></persName>
		</author>
		<idno type="arXiv">arXiv:1503.03585</idno>
		<title level="m">Deep unsupervised learning using nonequilibrium thermodynamics</title>
		<imprint>
			<date type="published" when="2015" />
		</imprint>
	</monogr>
	<note type="report_type">arXiv preprint</note>
</biblStruct>

<biblStruct xml:id="b29">
	<monogr>
		<title level="m" type="main">Striving for simplicity: The all convolutional net</title>
		<author>
			<persName xmlns="http://www.tei-c.org/ns/1.0"><forename type="first">Jost</forename><surname>Springenberg</surname></persName>
		</author>
		<author>
			<persName xmlns="http://www.tei-c.org/ns/1.0"><surname>Tobias</surname></persName>
		</author>
		<author>
			<persName xmlns="http://www.tei-c.org/ns/1.0"><forename type="first">Alexey</forename><surname>Dosovitskiy</surname></persName>
		</author>
		<author>
			<persName xmlns="http://www.tei-c.org/ns/1.0"><forename type="first">Thomas</forename><surname>Brox</surname></persName>
		</author>
		<author>
			<persName xmlns="http://www.tei-c.org/ns/1.0"><forename type="first">Martin</forename><surname>Riedmiller</surname></persName>
		</author>
		<idno type="arXiv">arXiv:1412.6806</idno>
		<imprint>
			<date type="published" when="2014" />
		</imprint>
	</monogr>
	<note type="report_type">arXiv preprint</note>
</biblStruct>

<biblStruct xml:id="b30">
	<monogr>
		<author>
			<persName xmlns="http://www.tei-c.org/ns/1.0"><forename type="first">Rupesh</forename><surname>Srivastava</surname></persName>
		</author>
		<author>
			<persName xmlns="http://www.tei-c.org/ns/1.0"><surname>Kumar</surname></persName>
		</author>
		<author>
			<persName xmlns="http://www.tei-c.org/ns/1.0"><forename type="first">Jonathan</forename><surname>Masci</surname></persName>
		</author>
		<author>
			<persName xmlns="http://www.tei-c.org/ns/1.0"><forename type="first">Faustino</forename><surname>Gomez</surname></persName>
		</author>
		<author>
			<persName xmlns="http://www.tei-c.org/ns/1.0"><forename type="first">Jürgen</forename><surname>Schmidhuber</surname></persName>
		</author>
		<idno type="arXiv">arXiv:1410.1165</idno>
		<title level="m">Understanding locally competitive networks</title>
		<imprint>
			<date type="published" when="2014" />
		</imprint>
	</monogr>
	<note type="report_type">arXiv preprint</note>
</biblStruct>

<biblStruct xml:id="b31">
	<monogr>
		<title level="m" type="main">A note on the evaluation of generative models</title>
		<author>
			<persName xmlns="http://www.tei-c.org/ns/1.0"><forename type="first">L</forename><surname>Theis</surname></persName>
		</author>
		<author>
			<persName xmlns="http://www.tei-c.org/ns/1.0"><forename type="first">A</forename><surname>Van Den Oord</surname></persName>
		</author>
		<author>
			<persName xmlns="http://www.tei-c.org/ns/1.0"><forename type="first">M</forename><surname>Bethge</surname></persName>
		</author>
		<idno type="arXiv">arXiv:1511.01844</idno>
		<ptr target="http://arxiv.org/abs/1511.01844" />
		<imprint>
			<date type="published" when="2015-11" />
		</imprint>
	</monogr>
</biblStruct>

<biblStruct xml:id="b32">
	<analytic>
		<title level="a" type="main">Stacked denoising autoencoders: Learning useful representations in a deep network with a local denoising criterion</title>
		<author>
			<persName xmlns="http://www.tei-c.org/ns/1.0"><forename type="first">Pascal</forename><surname>Vincent</surname></persName>
		</author>
		<author>
			<persName xmlns="http://www.tei-c.org/ns/1.0"><surname>Larochelle</surname></persName>
		</author>
		<author>
			<persName xmlns="http://www.tei-c.org/ns/1.0"><surname>Hugo</surname></persName>
		</author>
		<author>
			<persName xmlns="http://www.tei-c.org/ns/1.0"><surname>Lajoie</surname></persName>
		</author>
		<author>
			<persName xmlns="http://www.tei-c.org/ns/1.0"><surname>Isabelle</surname></persName>
		</author>
		<author>
			<persName xmlns="http://www.tei-c.org/ns/1.0"><forename type="first">Yoshua</forename><surname>Bengio</surname></persName>
		</author>
		<author>
			<persName xmlns="http://www.tei-c.org/ns/1.0"><forename type="first">Pierre-Antoine</forename><surname>Manzagol</surname></persName>
		</author>
	</analytic>
	<monogr>
		<title level="j">The Journal of Machine Learning Research</title>
		<imprint>
			<biblScope unit="volume">11</biblScope>
			<biblScope unit="page" from="3371" to="3408" />
			<date type="published" when="2010" />
		</imprint>
	</monogr>
</biblStruct>

<biblStruct xml:id="b33">
	<monogr>
		<title level="m" type="main">Empirical evaluation of rectified activations in convolutional network</title>
		<author>
			<persName xmlns="http://www.tei-c.org/ns/1.0"><forename type="first">Bing</forename><surname>Xu</surname></persName>
		</author>
		<author>
			<persName xmlns="http://www.tei-c.org/ns/1.0"><surname>Wang</surname></persName>
		</author>
		<author>
			<persName xmlns="http://www.tei-c.org/ns/1.0"><surname>Naiyan</surname></persName>
		</author>
		<author>
			<persName xmlns="http://www.tei-c.org/ns/1.0"><forename type="first">Tianqi</forename><surname>Chen</surname></persName>
		</author>
		<author>
			<persName xmlns="http://www.tei-c.org/ns/1.0"><forename type="first">Mu</forename><surname>Li</surname></persName>
		</author>
		<idno type="arXiv">arXiv:1505.00853</idno>
		<imprint>
			<date type="published" when="2015" />
		</imprint>
	</monogr>
	<note type="report_type">arXiv preprint</note>
</biblStruct>

<biblStruct xml:id="b34">
	<monogr>
		<title level="m" type="main">Construction of a large-scale image dataset using deep learning with humans in the loop</title>
		<author>
			<persName xmlns="http://www.tei-c.org/ns/1.0"><surname>Yu</surname></persName>
		</author>
		<author>
			<persName xmlns="http://www.tei-c.org/ns/1.0"><surname>Fisher</surname></persName>
		</author>
		<author>
			<persName xmlns="http://www.tei-c.org/ns/1.0"><surname>Zhang</surname></persName>
		</author>
		<author>
			<persName xmlns="http://www.tei-c.org/ns/1.0"><surname>Yinda</surname></persName>
		</author>
		<author>
			<persName xmlns="http://www.tei-c.org/ns/1.0"><surname>Song</surname></persName>
		</author>
		<author>
			<persName xmlns="http://www.tei-c.org/ns/1.0"><surname>Shuran</surname></persName>
		</author>
		<author>
			<persName xmlns="http://www.tei-c.org/ns/1.0"><forename type="first">Ari</forename><surname>Seff</surname></persName>
		</author>
		<author>
			<persName xmlns="http://www.tei-c.org/ns/1.0"><forename type="first">Jianxiong</forename><surname>Xiao</surname></persName>
		</author>
		<idno type="arXiv">arXiv:1506.03365</idno>
		<imprint>
			<date type="published" when="2015" />
		</imprint>
	</monogr>
	<note type="report_type">arXiv preprint</note>
</biblStruct>

<biblStruct xml:id="b35">
	<analytic>
		<title level="a" type="main">Visualizing and understanding convolutional networks</title>
		<author>
			<persName xmlns="http://www.tei-c.org/ns/1.0"><forename type="first">Matthew</forename><forename type="middle">D</forename><surname>Zeiler</surname></persName>
		</author>
		<author>
			<persName xmlns="http://www.tei-c.org/ns/1.0"><forename type="first">Rob</forename><surname>Fergus</surname></persName>
		</author>
	</analytic>
	<monogr>
		<title level="m">Computer Vision-ECCV 2014</title>
		<imprint>
			<publisher>Springer</publisher>
			<date type="published" when="2014" />
			<biblScope unit="page" from="818" to="833" />
		</imprint>
	</monogr>
</biblStruct>

<biblStruct xml:id="b36">
	<monogr>
		<title level="m" type="main">Stacked what-where autoencoders</title>
		<author>
			<persName xmlns="http://www.tei-c.org/ns/1.0"><forename type="first">Junbo</forename><surname>Zhao</surname></persName>
		</author>
		<author>
			<persName xmlns="http://www.tei-c.org/ns/1.0"><surname>Mathieu</surname></persName>
		</author>
		<author>
			<persName xmlns="http://www.tei-c.org/ns/1.0"><surname>Michael</surname></persName>
		</author>
		<author>
			<persName xmlns="http://www.tei-c.org/ns/1.0"><forename type="first">Ross</forename><surname>Goroshin</surname></persName>
		</author>
		<author>
			<persName xmlns="http://www.tei-c.org/ns/1.0"><forename type="first">Yann</forename><surname>Lecun</surname></persName>
		</author>
		<idno type="arXiv">arXiv:1506.02351</idno>
		<imprint>
			<date type="published" when="2015" />
		</imprint>
	</monogr>
	<note type="report_type">arXiv preprint</note>
</biblStruct>

				</listBibl>
			</div>
		</back>
	</text>
</TEI>
