<?xml version="1.0" encoding="UTF-8"?>
<TEI xml:space="preserve" xmlns="http://www.tei-c.org/ns/1.0" 
xmlns:xsi="http://www.w3.org/2001/XMLSchema-instance" 
xsi:schemaLocation="http://www.tei-c.org/ns/1.0 /Users/cindy/tmp/grobid-0.6.1/grobid-home/schemas/xsd/Grobid.xsd"
 xmlns:xlink="http://www.w3.org/1999/xlink">
	<teiHeader xml:lang="en">
		<fileDesc>
			<titleStmt>
				<title level="a" type="main">Detecting Linguistic Characteristics of Alzheimer&apos;s Dementia by Interpreting Neural Models</title>
			</titleStmt>
			<publicationStmt>
				<publisher/>
				<availability status="unknown"><licence/></availability>
			</publicationStmt>
			<sourceDesc>
				<biblStruct>
					<analytic>
						<author>
							<persName xmlns="http://www.tei-c.org/ns/1.0"><forename type="first">Sweta</forename><surname>Karlekar</surname></persName>
							<email>swetakar@cs.unc.edu</email>
							<affiliation key="aff0">
								<orgName type="institution">UNC Chapel Hill</orgName>
							</affiliation>
						</author>
						<author>
							<persName xmlns="http://www.tei-c.org/ns/1.0"><forename type="first">Tong</forename><surname>Niu</surname></persName>
							<email>tongn@cs.unc.edu</email>
							<affiliation key="aff0">
								<orgName type="institution">UNC Chapel Hill</orgName>
							</affiliation>
						</author>
						<author>
							<persName xmlns="http://www.tei-c.org/ns/1.0"><forename type="first">Mohit</forename><surname>Bansal</surname></persName>
							<email>mbansal@cs.unc.edu</email>
							<affiliation key="aff0">
								<orgName type="institution">UNC Chapel Hill</orgName>
							</affiliation>
						</author>
						<title level="a" type="main">Detecting Linguistic Characteristics of Alzheimer&apos;s Dementia by Interpreting Neural Models</title>
					</analytic>
					<monogr>
						<imprint>
							<date/>
						</imprint>
					</monogr>
				</biblStruct>
			</sourceDesc>
		</fileDesc>
		<encodingDesc>
			<appInfo>
				<application version="0.6.1" ident="GROBID" when="2021-01-31T12:44+0000">
					<desc>GROBID - A machine learning software for extracting information from scholarly documents</desc>
					<ref target="https://github.com/kermitt2/grobid"/>
				</application>
			</appInfo>
		</encodingDesc>
		<profileDesc>
			<abstract>
				<p>Alzheimer&apos;s disease (AD) is an irreversible and progressive brain disease that can be stopped or slowed down with medical treatment. Language changes serve as a sign that a patient&apos;s cognitive functions have been impacted, potentially leading to early diagnosis. In this work, we use NLP techniques to classify and analyze the linguistic characteristics of AD patients using the DementiaBank dataset. We apply three neural models based on CNNs, LSTM-RNNs, and their combination, to distinguish between language samples from AD and control patients. We achieve a new independent benchmark accuracy for the AD classification task. More importantly, we next interpret what these neural models have learned about the linguistic characteristics of AD patients, via analysis based on activation clustering and first-derivative saliency techniques. We then perform novel automatic pattern discovery inside activation clusters, and consolidate AD patients&apos; distinctive grammar patterns. Additionally, we show that first derivative saliency can not only rediscover previous language patterns of AD patients, but also shed light on the limitations of neural models. Lastly, we also include analysis of gender-separated AD data.</p>
			</abstract>
		</profileDesc>
	</teiHeader>
	<text xml:lang="en">
		<body>
<div xmlns="http://www.tei-c.org/ns/1.0"><head n="1">Introduction</head><p>Alzheimer's dementia is the most common form of dementia, caused by Alzheimer's disease (AD). AD cannot be cured or reversed <ref type="bibr" target="#b9">(Glenner, 1990)</ref>. However, medication can be used to slow or halt degeneration especially when detected at an early stage. Current diagnoses often involve lengthy medical evaluations. One of the early symptoms of AD, cognitive impairment-which can be evidenced by issues with word-finding, impaired reasoning or judgment, and changes in language <ref type="bibr" target="#b22">(McKhann et al., 1984)</ref>-is motivating lin-guists and computer scientists to help quickly diagnose people afflicted by this disease.</p><p>This task is challenging because it requires diverse linguistic and world knowledge. For example, the sentence "Well...there's a mother standing there uh uh washing the dishes and the sink is overspilling...overflowing" is AD-positive. To distinguish this from a control sample, one needs to know that the word "overspill" is not common in American English <ref type="bibr" target="#b5">(Davies, 2009)</ref>, and the speaker is correcting themselves by saying "overspilling...overflowing", which hints on signs of confusion and memory loss <ref type="bibr" target="#b6">(Duke et al., 2002)</ref>. Moreover, different grammar patterns emerge based on the scenario at hand. In addition, the characteristics of AD-affected speech vary between stages of disease progression <ref type="bibr" target="#b18">(König et al., 2015)</ref>, making it harder for feature-based approaches to adapt.</p><p>Motivated by the shortcomings of manual feature-engineering for such a diverse and complex task, we first present three end-to-end neural models to address it. The first two are the widely adopted CNN and LSTM-RNN models, and the third is a stronger joint CNN-LSTM architecture. Our best-performing model requires only minimal feature engineering (namely automatic, commonly-used POS tags that are already present in the dataset) and establishes a new independent benchmark that outperforms previous AD classification scores.</p><p>More importantly, we next present interpretation results to explain what AD-relevant linguistic features these neural models are learning, via two visualization techniques: Activation Clustering <ref type="bibr" target="#b8">(Girshick et al., 2014)</ref> and First Derivative Saliency <ref type="bibr" target="#b32">(Simonyan et al., 2013)</ref>, plus our novel approach of automatically discovering grammatical patterns common in different activation clusters. Furthermore, we split our dataset by gen- der and analyze the performance of our model on each subsample of the data to illustrate that the features we find are not gender-specific. These methods not only help rediscover AD linguistic features that have been found by previous worksincluding short answers, bursts of speech, repeated requests for clarification, and starting with interjections-but also lead to new insights in AD characteristics via our automatic speech pattern extraction method. These findings could potentially help improve the accuracy and speed of medical diagnoses.</p></div>
<div xmlns="http://www.tei-c.org/ns/1.0"><head n="2">Related Works</head><p>Language-based Alzheimer's Detection: Previous works using language to detect AD relied mainly on hand-crafted features from transcripts <ref type="bibr" target="#b24">(Orimaye et al., 2017</ref><ref type="bibr" target="#b25">(Orimaye et al., , 2015</ref>, occasionally using acoustic data <ref type="bibr" target="#b18">(König et al., 2015;</ref><ref type="bibr" target="#b30">Rudzicz et al., 2014)</ref>. The challenge with feature-based approaches is that they rely heavily on the researchers' linguistics and medical expertise, and are also hard to generalize to other progression stages and disease types, which may correspond to different linguistic features. Hand-picked features may also become outdated as language and culture evolves. Moreover, some features may be too nuanced for humans to detect, especially at early stages of AD. In order to address these issues, Orimaye et al. (2016) adopted a deep neural network language model. However, a neural approach is usually a black-box and it is hard to interpret its reasoning for the final classification decisions. To make our approaches more interpretable while harvesting the benefits of neural approaches, we present three accurate neural models and include multiple visualization techniques to illustrate both their effectiveness and limitations. CNN-LSTM on NL Classification: CNN and LSTM <ref type="bibr" target="#b15">(Hochreiter and Schmidhuber, 1997)</ref> have both been leveraged extensively for extracting features in natural language. Our best performing model CNN-LSTM is closely related to C-LSTM by <ref type="bibr" target="#b36">Zhou et al. (2015)</ref>, where an LSTM is laid on top of a CNN model. This model has been shown to perform better at sentiment classification than either of its integral parts alone. Visualization Techniques for Neural Models: There have been various visualization techniques proposed for neural networks in both Computer Vision <ref type="bibr" target="#b19">(Krizhevsky et al., 2012;</ref><ref type="bibr" target="#b32">Simonyan et al., 2013;</ref><ref type="bibr" target="#b35">Zeiler and Fergus, 2014;</ref><ref type="bibr" target="#b31">Samek et al., 2017;</ref><ref type="bibr" target="#b21">Mahendran and Vedaldi, 2015)</ref> and NLP <ref type="bibr" target="#b20">(Li et al., 2015;</ref><ref type="bibr" target="#b16">Kádár et al., 2017)</ref>. In this work, we adopt two visualization techniques: Activation Clustering <ref type="bibr" target="#b8">(Girshick et al., 2014)</ref> following the politeness interpretation work of <ref type="bibr" target="#b0">Aubakirova and Bansal (2016)</ref>, which leads to insight on sentencelevel patterns, and First Derivative Saliency (Simonyan et al., 2013) following <ref type="bibr" target="#b20">Li et al. (2015)</ref> and <ref type="bibr" target="#b0">Aubakirova and Bansal (2016)</ref>, which provides insight to the importance of each word in deciding the final classification label.</p></div>
<div xmlns="http://www.tei-c.org/ns/1.0"><head n="3">Classification Models</head><p>CNN: For each sentence, we apply an embedding and a convolutional layer, followed by a maxpooling layer <ref type="bibr" target="#b4">(Collobert et al., 2011)</ref>. The convolution features are obtained by applying filters of varying window sizes to each window of words. The result is then passed to a softmax layer that outputs probabilities over two classes. LSTM-RNN: CNNs are not specialized for capturing long-range sequential correlations <ref type="bibr" target="#b27">(Pascanu et al., 2013a)</ref>. We thus also experimented with an LSTM-RNN model, which consists of an embedding layer followed by an LSTM layer. The final state, containing information from the entire sentence, is fed to a fully-connected layer followed by a softmax layer to obtain the output probabilities. CNN-LSTM: Observing that both models achieve results comparable to previous best performing approach, and considering that they each have their own complementary strengths, we experimented with a combined architecture, laying an LSTM layer on top of CNN (See <ref type="figure" target="#fig_0">Figure 1</ref>). This CNN layer is identical to the vanilla CNN before the max-pooling layer, and the LSTM layer is identical to the vanilla LSTM-RNN after the embedding layer. More details are provided in the appendix.</p></div>
<div xmlns="http://www.tei-c.org/ns/1.0"><head n="4">Experimental Setup</head><p>Dataset This study utilizes Dementia-Bank <ref type="bibr" target="#b2">(Boller and Becker, 2005)</ref>, the largest publicly available dataset of transcripts and audio recordings of AD (and control) patient interviews. <ref type="bibr">1</ref> Patients were asked to perform various tasks; for example, in the "Boston Cookie Theft" description task, patients were shown an image and asked to describe what they see (See <ref type="figure" target="#fig_1">Figure 2</ref>). Other tasks include the 'Recall Test' in which patients were asked to recall attributes of a story they had been told previously. Each transcript in DementiaBank comes with automatic morphosyntactic analysis, such as standard part-of-speech tagging, description of tense, and repetition markers. 2 Note that these features are generic, automatically-extracted linguistic properties and are not AD-specific. We broke each transcript into individual utterances to use as data samples. Note that we also removed utterances that did not have accompanying POS tags. This balancing reduced the amount of data but ensured fair comparison between models with tagged and untagged setups.</p><p>Training Details Our CNN model was a 2-D convolutional neural network. Filter sizes of [3, 4, 5] were used. Our LSTM-RNN had 2 layers. The CNN-LSTM model had filter sizes [3, 4, 5, 6] and 1 LSTM hidden layer. For each model, all hyperparameters were tuned using the dev set.</p><p>See appendix for dataset and training details.  Hence, most previous works on this topic are not directly comparable to our work, but we aim to establish a new independent, strong neural benchmark and then more importantly focus on visualization and interpretability of neural models. Based on error analysis of the POS-based CNN/RNN model's classification result, we found that almost all AD-positive results are classified correctly as AD-positive. However, there is more error in classifying non-AD samples, which could be due to the fact that DementiaBank includes patients with probable and possible AD, each exhibiting various degrees of symptoms. Patients who are AD-positive may still have partially unaffected speech (similar to non-AD control patients' speech). However, because all utterances from AD-positive interviews are tagged as ADpositive, these seemingly unaffected utterances are still tagged AD-positive. To further understand the errors of our model, 10% of the wrongly classified non-AD examples were randomly selected and analyzed. Of this smaller sample, 36.3% were short utterances such as "okay", "alright", "oh my", etc. These forms of speech are utterances that are present in both classes, but more commonly found in AD-positive cases. The remaining 63.7% were examples of speech that could be classified either way without surrounding context, such as "she's</p></div>
<div xmlns="http://www.tei-c.org/ns/1.0"><head n="5">Results</head><p>We also tried using a bidirectional RNN, which gave 84.7%, 86.2% and 91.1% accuracies for our LSTM-RNN, CNN-RNN, and CNN-RNN-tagged models, respectively. Non-AD Clusters -Cookie Task POS Freq POS Freq POS Freq n 0.15 n 0.13 n 0.15 det 0.13 det 0.13 det 0.13 presp 0.07 part 0.09 part 0.10 part 0.05 presp 0.09 presp 0.10 <ref type="table">Table 2</ref>: Top POS tags and frequencies for three non-AD clusters for the Cookie task.</p><p>drying dishes" and "stool's tipping over". Hence, future work could incorporate context from surrounding samples in each interview to help distinguish between temporarily unaffected speech patterns in AD-positive patients and the continually unaffected speech of non-AD control patients.</p></div>
<div xmlns="http://www.tei-c.org/ns/1.0"><head n="6">Analysis and Visualization</head><p>We first present gender analysis of our results and then present interpretation of the linguistic cues our CNN-LSTM model identified via two visualization strategies: activation clustering <ref type="bibr" target="#b8">(Girshick et al., 2014)</ref> and first-derivative saliency heat maps <ref type="bibr" target="#b32">(Simonyan et al., 2013)</ref>.</p></div>
<div xmlns="http://www.tei-c.org/ns/1.0"><head n="6.1">Gender Differences</head><p>Many previous works have debated on the difference in language for male versus female patients with Alzheimer's <ref type="bibr" target="#b1">(Bayles et al., 1999;</ref><ref type="bibr" target="#b23">McPherson et al., 1999;</ref><ref type="bibr" target="#b3">Buckwalter et al., 1996;</ref><ref type="bibr" target="#b29">Ripich et al., 1995;</ref><ref type="bibr" target="#b12">Hebert et al., 2000;</ref><ref type="bibr" target="#b14">Heun and Kockler, 2002)</ref>. In agreement with some of these previous works, we found that the sets of the top ten most common POS-tags for both AD-positive men and women are the same, i.e., we did not detect a significant difference in the language complexity or syntax of male and female patients with AD in our dataset. Moreover, our best performing model achieved 86.6% classification accuracy on solely the male data and 86.2% accuracy on solely the female data, demonstrating that it found no statistically significant difference between the ADpositive language of men versus women.</p></div>
<div xmlns="http://www.tei-c.org/ns/1.0"><head n="6.2">Activation Clusters</head><p>Activation clustering <ref type="bibr" target="#b8">(Girshick et al., 2014)</ref> treats the activation values of n neurons per input as coordinates in an n-dimensional space. K-means clustering is then performed to group together inputs that maximally activate similar neurons.</p><p>Statistical insignificance calculated using the bootstrap test <ref type="bibr">(Noreen, 1989;</ref><ref type="bibr">Efron and Tibshirani, 1994)</ref>. We split our dataset based on gender and down-sampled the female data subset such that it had the same data-size and non-AD to AD data-ratio as the male data subset.</p></div>
<div xmlns="http://www.tei-c.org/ns/1.0"><head>AD</head><p>Non-AD POS Frequency POS Frequency n 0.20 n 0.15 det 0.14 det 0.13 adj 0.05 presp 0.07 adv 0.04 part 0.05 <ref type="table">Table 3</ref>: Top POS tags in AD cluster and non-AD cluster for Cookie task.</p></div>
<div xmlns="http://www.tei-c.org/ns/1.0"><head n="6.2.1">Rediscovering Existing Strategies</head><p>Our activation clusters corroborated previous studies, forming clusters around known linguistic characteristics of Alzheimer's disease <ref type="bibr" target="#b34">(Watson, 1999;</ref><ref type="bibr" target="#b30">Rudzicz et al., 2014)</ref>. Short Answers and Bursts of Speech Clusters formed around short answers, which have been split up by natural pauses in speech. {'okay', 'and', 'yes', 'oh !', 'yes', 'fine'} Repeated Requests for Clarification Another cluster formed around clarification questions and confusion about the task, specifically in the past tense. {'Did I say facts ?', 'Did I get any ?', 'Did I say elephant ?'} Starting with Interjections Many clusters contain utterances that start with interjections such as "oh", "well", "so", and "right". {'Well I gotta see it', 'Oh I just see a lot of uh...', 'So all the words that you can...'}</p></div>
<div xmlns="http://www.tei-c.org/ns/1.0"><head n="6.2.2">Automatic Cluster Pattern Analysis</head><p>Next, we extend activation clustering to perform novel automatic pattern discovery inside different clusters, as opposed to manually looking for patterns as in <ref type="bibr" target="#b0">Aubakirova and Bansal (2016)</ref>. Finding the most common POS tags in each cluster allows us to better understand which grammatical structures are favored. No two clusters had exactly the same most-common POS tags, but many clusters shared similar top POS-tags on the same task.</p><p>Control Clusters An example unaffected speech cluster for the Cookie task has the following as the most common POS tags:</p><formula xml:id="formula_0">[('n', .15), ('det', .13), ('presp', .07), ('part', .05)]. 5</formula><p>This pattern follows other clusters of unaffected speech, with nouns, determiners, and participles always found in the most-used POS tags. To illustrate this, two other control clusters found for the Cookie task have very similar top POS tags and frequencies: [('n', .13), ('det', .13),</p><p>POS tags used in this paper: v=verb, n=noun, pro=pronoun, adv=adverb, det=determiner, aux=auxiliary verb, prep=preposition, co=interjection, part=participle, presp=present participle. The frequencies of each POS tag are scaled based on the total number of tags in each cluster.  <ref type="table">Table 2</ref> for side-by-side comparison of these clusters). For the same task, non-AD clusters contain the same top four POS tags.</p><p>AD Clusters For the Recall task, one cluster of AD patients' speech shows that the most common POS tags are <ref type="bibr">[('n', .15), ('co', .15), ('v', .06), ('pro', .06)]</ref>. Across samples from the Recall task, AD-marked clusters contained frequent interjections and verbs. On the other hand, in regards to the Cookie task, the most common POS tags for the AD cluster found are <ref type="bibr">[('n', .20), ('det', .14)</ref>, ('adj', .05), ('adv', .04)], i.e., more adjectives and adverbs. Hence, between different tasks such as Cookie and Recall, the most commonly used POS tags for AD clusters are distinct. Moreover, qualitative analysis shows dissimilarities in the most common POS tags between the Cookie task's AD and non-AD cluster(s). <ref type="table">Table  shows</ref> the comparison between representative AD and non-AD clusters for the Cookie task. The ADpositive cluster has only 2 most-used POS tags in common with the non-AD cluster. In fact, none of the 3 non-AD clusters found in <ref type="table">Table 2</ref> have adjectives or adverbs in their most-used POS tags list, unlike the AD cluster in <ref type="table">Table 3</ref>.</p></div>
<div xmlns="http://www.tei-c.org/ns/1.0"><head n="6.3">First Derivative Saliency Heat Maps</head><p>Saliency heat maps <ref type="bibr" target="#b32">(Simonyan et al., 2013)</ref> illustrate which words in an input had the biggest impact on the classification of the whole sentence. This is done by taking the gradient of the final scores w.r.t. the word embeddings of the inputs.</p><p>Heat Map Analysis The filler words "uh" and "um" are emphasized in <ref type="figure" target="#fig_2">Figure 3 (left)</ref>, showing that they have a lot of influence on classification. The initial "and" is highlighted as well, corroborating the results of the activation clusters in that starting with a coordinating conjunction is a trait of Alzheimer's speech. However, in <ref type="figure">Figure  (</ref>middle), the "uh" filler word is not highlighted, showing that most control patients do not use filler words as heavily as Alzheimer's patients. Instead, words that give structure to a sentence have the biggest impact on classification, such as definite articles and determiners (e.g., "the" and "that"). <ref type="figure" target="#fig_2">Figure 3 (middle)</ref> shows that the most highlighted words are "the", "that" and "is".</p><p>Visualizing Limitations Furthermore, by visualizing an incorrectly classified example, we can learn about the limitations of our neural network. <ref type="figure" target="#fig_2">Figure 3</ref> (right) illustrates a map of an incorrectly predicted sample. The model misclassified it due to the length of the utterance (activation clustering showed that AD patients tend to have short bursts of speech, see Section 6.2.1) and the heavy use of determiners. However, the repeated "um"s and starting with a coordinating conjunction strongly indicated AD, which confused our model. From <ref type="figure" target="#fig_2">Figure 3</ref>, the repeated use of filler words (i.e. "uh") had the second most influence on classification. In future work, with more context data and advanced neural methods, our model's next steps will be to learn how to better classify samples that strongly exhibit both AD and control features.</p></div>
<div xmlns="http://www.tei-c.org/ns/1.0"><head n="7">Conclusion</head><p>We applied three models to the AD classification task, and our CNN-LSTM model achieves a new benchmark accuracy in classifying AD using neural models. We illustrate with two visualization techniques how these models capture unique linguistic features present in AD patients. We also discussed gender analysis. Potential future work includes using more conversational context and implementing multi-class classification to differentiate among stages of AD. We also plan to apply this generalizable model to other similar neurological diseases, such as Diffuse Lewy Body disease and Huntington's disease <ref type="bibr" target="#b13">(Heindel et al., 1989)</ref>.</p></div><figure xmlns="http://www.tei-c.org/ns/1.0" xml:id="fig_0"><head>Figure 1 :</head><label>1</label><figDesc>Our CNN-LSTM hybrid neural network.</figDesc></figure>
<figure xmlns="http://www.tei-c.org/ns/1.0" xml:id="fig_1"><head>Figure 2 :</head><label>2</label><figDesc>Boston cookie theft description task. Participants were asked to describe all events in the image.</figDesc></figure>
<figure xmlns="http://www.tei-c.org/ns/1.0" xml:id="fig_2"><head>Figure 3 :</head><label>3</label><figDesc>Left + Middle: first derivative saliency heat maps for correctly classified Alzheimer's and control examples. Right: first derivative heat saliency maps for incorrectly classified Alzheimer's example. ('part', .09), ('presp', .09)] and [('n', .15), ('det', .13), ('part', .10), ('presp', .10)] (see</figDesc></figure>
<figure xmlns="http://www.tei-c.org/ns/1.0" type="table" xml:id="tab_0"><head></head><label></label><figDesc>With untagged data, our CNN, LSTM and CNN-LSTM models achieved an accuracy of 82.8%, 83.7% and 84.9%, respectively. When fed with the given POS-tagged data, our best-performing CNN-LSTM model achieved 91.1% in accuracy, setting a new benchmark accuracy for this task</figDesc><table><row><cell>Model 2D-CNN Non-Tagged Utterances 82.8 Details Accuracy LSTM Non-Tagged Utterances 83.7 CNN-RNN Non-Tagged Utterances 84.9 CNN-RNN POS-tagged Utterances 91.1</cell></row></table><note></note></figure>
<figure xmlns="http://www.tei-c.org/ns/1.0" type="table" xml:id="tab_1"><head>Table 1 :</head><label>1</label><figDesc>Accuracy results of models. Note that we downsampled the data to remove utterances that did not have accompanying POS tags, so as to allow fair comparison between the tagged and untagged models.(seeTable 1for more details).3  Compared to other related works, Orimaye et al.(2015, 2017)used AUC instead of accuracy, and<ref type="bibr" target="#b18">König et al. (2015)</ref> did not use DementiaBank data.<ref type="bibr" target="#b30">Rudzicz et al. (2014)</ref> achieved an accuracy of 67.0% on the De-mentiaBank dataset using audio features as well as transcripts.<ref type="bibr" target="#b26">Orimaye et al. (2016)</ref> achieved an accuracy of 87.5% but only used 36 transcripts.</figDesc><table /><note>Their test set is thus different from ours, lead- ing to very little data and high variance. To the best of our knowledge, Orimaye et al. (2016) used the original transcripts, which include POS tags.</note></figure>
			<note xmlns="http://www.tei-c.org/ns/1.0" place="foot" n="1">http://dementia.talkbank.org 2 http://talkbank.org/manuals/CHAT.docx</note>
		</body>
		<back>

			<div type="acknowledgement">
<div xmlns="http://www.tei-c.org/ns/1.0"><head>Acknowledgments</head><p>We thank the anonymous reviewers for their helpful comments. This work was supported by a Google Faculty Research Award, a Bloomberg Data Science Research Grant, an IBM Faculty Award, and NVidia GPU awards.</p></div>
			</div>

			<div type="annex">
<div xmlns="http://www.tei-c.org/ns/1.0"><head>A Supplementary Materials</head></div>
<div xmlns="http://www.tei-c.org/ns/1.0"><head>A.1 Training Details</head><p>All models had a vocabulary size of 2396, and used an Adam optimizer <ref type="bibr" target="#b17">(Kingma and Ba, 2014)</ref> with a learning rate of 1e −4 . All gradient norms were clipped to 2.0 <ref type="bibr" target="#b28">(Pascanu et al., 2013b;</ref><ref type="bibr" target="#b11">Graves, 2013)</ref>. For each model, the hyperparameters were tuned using the development set.</p></div>
<div xmlns="http://www.tei-c.org/ns/1.0"><head>CNN</head><p>We used a 2-D CNN. Filter sizes of <ref type="bibr">[3,</ref><ref type="bibr">4,</ref><ref type="bibr">5]</ref> were used with 128 filters per filter size. Batch size was set to 128, and a dropout <ref type="bibr" target="#b33">(Srivastava et al., 2014)</ref> of 0.80 was applied.</p><p>LSTM Our LSTM had 2 layers with 128 hidden units. Batch size was 32, and a dropout of 0.70 was used.</p></div>
<div xmlns="http://www.tei-c.org/ns/1.0"><head>CNN-LSTM</head><p>Our CNN-LSTM model consisted of an LSTM on top of a CNN. The CNN had 100 filters per filter size of <ref type="bibr">[3,</ref><ref type="bibr">4,</ref><ref type="bibr">5,</ref><ref type="bibr">6]</ref>. Embedding dimensions of 300 were used. An LSTM with 300 hidden units was used. Both dropout on the CNN and recurrent dropout <ref type="bibr" target="#b7">(Gal and Ghahramani, 2016)</ref> on the LSTM used a dropout rate of 0.65.</p></div>
<div xmlns="http://www.tei-c.org/ns/1.0"><head>A.2 Dataset Details</head><p>Each transcript in DementiaBank comes with automatic morphosyntactic analysis, such as standard part-of-speech tagging, description of tense, and markers for repetitions. This automatic tagging is identical to that done on other datasets, such as the CHILDES TalkBank, and is thus not specific to DementiaBank. This dataset features transcripts of 104 different control patients, and 208 different diagnosed dementia patients. There is a total of 1017 Alzheimer's transcripts and 243 control transcripts. Each of these transcripts were then broken down by sentences and interruptions by the interviewer. We used each utterance by the patient as a data sample. Within the 14362 utterance samples, 11458 come from transcripts of Alzheimer's-diagnosed interviewees and 2904 from those of control patients. Therefore, a majority-baseline classifier that always guesses AD-positive will achieve an accuracy of 79.8% in our dataset. Each utterance has a POStagged counterpart in the dataset. A 80/10/10 train/dev/test split was used for each setting.</p></div>			</div>
			<div type="references">

				<listBibl>

<biblStruct xml:id="b0">
	<analytic>
		<title level="a" type="main">Interpreting neural networks to improve politeness comprehension</title>
		<author>
			<persName xmlns="http://www.tei-c.org/ns/1.0"><forename type="first">Malika</forename><surname>Aubakirova</surname></persName>
		</author>
		<author>
			<persName xmlns="http://www.tei-c.org/ns/1.0"><forename type="first">Mohit</forename><surname>Bansal</surname></persName>
		</author>
	</analytic>
	<monogr>
		<title level="m">Proceedings of EMNLP</title>
		<meeting>EMNLP</meeting>
		<imprint>
			<date type="published" when="2016" />
		</imprint>
	</monogr>
</biblStruct>

<biblStruct xml:id="b1">
	<monogr>
		<title level="m" type="main">Gender differences in language of alzheimer disease patients revisited</title>
		<author>
			<persName xmlns="http://www.tei-c.org/ns/1.0"><forename type="first">A</forename><surname>Kathryn</surname></persName>
		</author>
		<author>
			<persName xmlns="http://www.tei-c.org/ns/1.0"><forename type="first">T</forename><surname>Bayles</surname></persName>
		</author>
		<author>
			<persName xmlns="http://www.tei-c.org/ns/1.0"><surname>Azuma</surname></persName>
		</author>
		<author>
			<persName xmlns="http://www.tei-c.org/ns/1.0"><surname>Cruz</surname></persName>
		</author>
		<author>
			<persName xmlns="http://www.tei-c.org/ns/1.0"><forename type="first">J</forename><forename type="middle">A</forename><surname>Tomoeda</surname></persName>
		</author>
		<author>
			<persName xmlns="http://www.tei-c.org/ns/1.0"><forename type="first">Jr Eb</forename><surname>Wood</surname></persName>
		</author>
		<author>
			<persName xmlns="http://www.tei-c.org/ns/1.0"><surname>Montgomery</surname></persName>
		</author>
		<imprint>
			<date type="published" when="1999" />
			<biblScope unit="volume">13</biblScope>
			<biblScope unit="page" from="138" to="146" />
		</imprint>
	</monogr>
	<note>Alzheimer disease and associated disorders</note>
</biblStruct>

<biblStruct xml:id="b2">
	<monogr>
		<title level="m" type="main">Dementiabank database guide</title>
		<author>
			<persName xmlns="http://www.tei-c.org/ns/1.0"><forename type="first">Francois</forename><surname>Boller</surname></persName>
		</author>
		<author>
			<persName xmlns="http://www.tei-c.org/ns/1.0"><forename type="first">James</forename><surname>Becker</surname></persName>
		</author>
		<imprint>
			<date type="published" when="2005" />
		</imprint>
		<respStmt>
			<orgName>University of Pittsburgh</orgName>
		</respStmt>
	</monogr>
</biblStruct>

<biblStruct xml:id="b3">
	<analytic>
		<title level="a" type="main">Gender comparisons of cognitive performances among vascular dementia, alzheimer disease, and older adults without dementia</title>
		<author>
			<persName xmlns="http://www.tei-c.org/ns/1.0"><forename type="first">Galen</forename><surname>Buckwalter</surname></persName>
		</author>
		<author>
			<persName xmlns="http://www.tei-c.org/ns/1.0"><forename type="first">Albert</forename><forename type="middle">A</forename><surname>Rizzo</surname></persName>
		</author>
		<author>
			<persName xmlns="http://www.tei-c.org/ns/1.0"><forename type="first">Richard</forename><surname>Mc-Cleary</surname></persName>
		</author>
		<author>
			<persName xmlns="http://www.tei-c.org/ns/1.0"><forename type="first">Rodman</forename><surname>Shankle</surname></persName>
		</author>
		<author>
			<persName xmlns="http://www.tei-c.org/ns/1.0"><forename type="first">Malcolm</forename><surname>Dick</surname></persName>
		</author>
		<author>
			<persName xmlns="http://www.tei-c.org/ns/1.0"><forename type="first">Victor W</forename><surname>Henderson</surname></persName>
		</author>
	</analytic>
	<monogr>
		<title level="j">Archives of Neurology</title>
		<imprint>
			<biblScope unit="volume">53</biblScope>
			<biblScope unit="issue">5</biblScope>
			<biblScope unit="page" from="436" to="439" />
			<date type="published" when="1996" />
		</imprint>
	</monogr>
</biblStruct>

<biblStruct xml:id="b4">
	<analytic>
		<title level="a" type="main">Natural language processing (almost) from scratch</title>
		<author>
			<persName xmlns="http://www.tei-c.org/ns/1.0"><forename type="first">Ronan</forename><surname>Collobert</surname></persName>
		</author>
		<author>
			<persName xmlns="http://www.tei-c.org/ns/1.0"><forename type="first">Jason</forename><surname>Weston</surname></persName>
		</author>
		<author>
			<persName xmlns="http://www.tei-c.org/ns/1.0"><forename type="first">Léon</forename><surname>Bottou</surname></persName>
		</author>
		<author>
			<persName xmlns="http://www.tei-c.org/ns/1.0"><forename type="first">Michael</forename><surname>Karlen</surname></persName>
		</author>
		<author>
			<persName xmlns="http://www.tei-c.org/ns/1.0"><forename type="first">Koray</forename><surname>Kavukcuoglu</surname></persName>
		</author>
		<author>
			<persName xmlns="http://www.tei-c.org/ns/1.0"><forename type="first">Pavel</forename><surname>Kuksa</surname></persName>
		</author>
	</analytic>
	<monogr>
		<title level="j">Journal of Machine Learning Research</title>
		<imprint>
			<biblScope unit="volume">12</biblScope>
			<biblScope unit="page" from="2493" to="2537" />
			<date type="published" when="2011-08" />
		</imprint>
	</monogr>
</biblStruct>

<biblStruct xml:id="b5">
	<analytic>
		<title level="a" type="main">The 385+ million word corpus of contemporary american english (1990-2008+): Design, architecture, and linguistic insights</title>
		<author>
			<persName xmlns="http://www.tei-c.org/ns/1.0"><forename type="first">Mark</forename><surname>Davies</surname></persName>
		</author>
	</analytic>
	<monogr>
		<title level="j">International journal of corpus linguistics</title>
		<imprint>
			<biblScope unit="volume">14</biblScope>
			<biblScope unit="issue">2</biblScope>
			<biblScope unit="page" from="159" to="190" />
			<date type="published" when="2009" />
		</imprint>
	</monogr>
</biblStruct>

<biblStruct xml:id="b6">
	<analytic>
		<title level="a" type="main">Cognitive components of deficit awareness in alzheimer&apos;s disease</title>
		<author>
			<persName xmlns="http://www.tei-c.org/ns/1.0"><forename type="first">M</forename><surname>Lisa</surname></persName>
		</author>
		<author>
			<persName xmlns="http://www.tei-c.org/ns/1.0"><forename type="first">Ben</forename><surname>Duke</surname></persName>
		</author>
		<author>
			<persName xmlns="http://www.tei-c.org/ns/1.0"><forename type="first">Jennifer</forename><forename type="middle">E</forename><surname>Seltzer</surname></persName>
		</author>
		<author>
			<persName xmlns="http://www.tei-c.org/ns/1.0"><forename type="first">Jennifer</forename><forename type="middle">J</forename><surname>Seltzer</surname></persName>
		</author>
		<author>
			<persName xmlns="http://www.tei-c.org/ns/1.0"><surname>Vasterling</surname></persName>
		</author>
	</analytic>
	<monogr>
		<title level="j">Neuropsychology</title>
		<imprint>
			<biblScope unit="volume">16</biblScope>
			<biblScope unit="issue">3</biblScope>
			<biblScope unit="page">359</biblScope>
			<date type="published" when="2002" />
		</imprint>
	</monogr>
</biblStruct>

<biblStruct xml:id="b7">
	<analytic>
		<title level="a" type="main">A theoretically grounded application of dropout in recurrent neural networks</title>
		<author>
			<persName xmlns="http://www.tei-c.org/ns/1.0"><forename type="first">Yarin</forename><surname>Gal</surname></persName>
		</author>
		<author>
			<persName xmlns="http://www.tei-c.org/ns/1.0"><forename type="first">Zoubin</forename><surname>Ghahramani</surname></persName>
		</author>
	</analytic>
	<monogr>
		<title level="m">Advances in neural information processing systems</title>
		<imprint>
			<date type="published" when="2016" />
			<biblScope unit="page" from="1019" to="1027" />
		</imprint>
	</monogr>
</biblStruct>

<biblStruct xml:id="b8">
	<analytic>
		<title level="a" type="main">Rich feature hierarchies for accurate object detection and semantic segmentation</title>
		<author>
			<persName xmlns="http://www.tei-c.org/ns/1.0"><forename type="first">Ross</forename><surname>Girshick</surname></persName>
		</author>
		<author>
			<persName xmlns="http://www.tei-c.org/ns/1.0"><forename type="first">Jeff</forename><surname>Donahue</surname></persName>
		</author>
		<author>
			<persName xmlns="http://www.tei-c.org/ns/1.0"><forename type="first">Trevor</forename><surname>Darrell</surname></persName>
		</author>
		<author>
			<persName xmlns="http://www.tei-c.org/ns/1.0"><forename type="first">Jitendra</forename><surname>Malik</surname></persName>
		</author>
	</analytic>
	<monogr>
		<title level="m">Proceedings of the IEEE conference on computer vision and pattern recognition</title>
		<meeting>the IEEE conference on computer vision and pattern recognition</meeting>
		<imprint>
			<date type="published" when="2014" />
			<biblScope unit="page" from="580" to="587" />
		</imprint>
	</monogr>
</biblStruct>

<biblStruct xml:id="b9">
	<monogr>
		<title level="m" type="main">Alzheimers disease</title>
		<author>
			<persName xmlns="http://www.tei-c.org/ns/1.0"><forename type="first">G</forename><surname>George</surname></persName>
		</author>
		<author>
			<persName xmlns="http://www.tei-c.org/ns/1.0"><surname>Glenner</surname></persName>
		</author>
		<imprint>
			<date type="published" when="1990" />
		</imprint>
	</monogr>
</biblStruct>

<biblStruct xml:id="b10">
	<analytic>
		<title/>
	</analytic>
	<monogr>
		<title level="j">In Biomedical Advances in Aging</title>
		<imprint>
			<biblScope unit="page" from="51" to="62" />
			<publisher>Springer</publisher>
		</imprint>
	</monogr>
</biblStruct>

<biblStruct xml:id="b11">
	<monogr>
		<author>
			<persName xmlns="http://www.tei-c.org/ns/1.0"><forename type="first">Alex</forename><surname>Graves</surname></persName>
		</author>
		<idno type="arXiv">arXiv:1308.0850</idno>
		<title level="m">Generating sequences with recurrent neural networks</title>
		<imprint>
			<date type="published" when="2013" />
		</imprint>
	</monogr>
	<note type="report_type">arXiv preprint</note>
</biblStruct>

<biblStruct xml:id="b12">
	<analytic>
		<title level="a" type="main">Decline of language among women and men with alzheimer&apos;s disease</title>
		<author>
			<persName xmlns="http://www.tei-c.org/ns/1.0"><forename type="first">E</forename><surname>Liesi</surname></persName>
		</author>
		<author>
			<persName xmlns="http://www.tei-c.org/ns/1.0"><forename type="first">Robert</forename><forename type="middle">S</forename><surname>Hebert</surname></persName>
		</author>
		<author>
			<persName xmlns="http://www.tei-c.org/ns/1.0"><forename type="first">David</forename><forename type="middle">W</forename><surname>Wilson</surname></persName>
		</author>
		<author>
			<persName xmlns="http://www.tei-c.org/ns/1.0"><forename type="first">Laurel</forename><forename type="middle">A</forename><surname>Gilley</surname></persName>
		</author>
		<author>
			<persName xmlns="http://www.tei-c.org/ns/1.0"><forename type="first">Paul</forename><forename type="middle">A</forename><surname>Beckett</surname></persName>
		</author>
		<author>
			<persName xmlns="http://www.tei-c.org/ns/1.0"><surname>Scherr</surname></persName>
		</author>
		<author>
			<persName xmlns="http://www.tei-c.org/ns/1.0"><forename type="first">A</forename><surname>David</surname></persName>
		</author>
		<author>
			<persName xmlns="http://www.tei-c.org/ns/1.0"><forename type="first">Denis A</forename><surname>Bennett</surname></persName>
		</author>
		<author>
			<persName xmlns="http://www.tei-c.org/ns/1.0"><surname>Evans</surname></persName>
		</author>
	</analytic>
	<monogr>
		<title level="j">The Journals of Gerontology Series B: Psychological Sciences and Social Sciences</title>
		<imprint>
			<biblScope unit="volume">55</biblScope>
			<biblScope unit="issue">6</biblScope>
			<biblScope unit="page" from="354" to="361" />
			<date type="published" when="2000" />
		</imprint>
	</monogr>
</biblStruct>

<biblStruct xml:id="b13">
	<analytic>
		<title level="a" type="main">Neuropsychological evidence for multiple implicit memory systems: A comparison of alzheimer&apos;s, huntington&apos;s, and parkinson&apos;s disease patients</title>
		<author>
			<persName xmlns="http://www.tei-c.org/ns/1.0"><forename type="first">C</forename><surname>William</surname></persName>
		</author>
		<author>
			<persName xmlns="http://www.tei-c.org/ns/1.0"><surname>Heindel</surname></persName>
		</author>
		<author>
			<persName xmlns="http://www.tei-c.org/ns/1.0"><forename type="first">P</forename><surname>David</surname></persName>
		</author>
		<author>
			<persName xmlns="http://www.tei-c.org/ns/1.0"><forename type="first">Clifford</forename><forename type="middle">W</forename><surname>Salmon</surname></persName>
		</author>
		<author>
			<persName xmlns="http://www.tei-c.org/ns/1.0"><forename type="first">Patricia</forename><forename type="middle">A</forename><surname>Shults</surname></persName>
		</author>
		<author>
			<persName xmlns="http://www.tei-c.org/ns/1.0"><forename type="first">Nelson</forename><surname>Walicke</surname></persName>
		</author>
		<author>
			<persName xmlns="http://www.tei-c.org/ns/1.0"><surname>Butters</surname></persName>
		</author>
	</analytic>
	<monogr>
		<title level="j">Journal of Neuroscience</title>
		<imprint>
			<biblScope unit="volume">9</biblScope>
			<biblScope unit="issue">2</biblScope>
			<biblScope unit="page" from="582" to="587" />
			<date type="published" when="1989" />
		</imprint>
	</monogr>
</biblStruct>

<biblStruct xml:id="b14">
	<analytic>
		<title level="a" type="main">Gender differences in the cognitive impairment in alzheimer&apos;s disease</title>
		<author>
			<persName xmlns="http://www.tei-c.org/ns/1.0"><forename type="first">R</forename><surname>Heun</surname></persName>
		</author>
		<author>
			<persName xmlns="http://www.tei-c.org/ns/1.0"><surname>Kockler</surname></persName>
		</author>
	</analytic>
	<monogr>
		<title level="j">Archives of Women&apos;s Mental Health</title>
		<imprint>
			<biblScope unit="volume">4</biblScope>
			<biblScope unit="issue">4</biblScope>
			<biblScope unit="page" from="129" to="137" />
			<date type="published" when="2002" />
		</imprint>
	</monogr>
</biblStruct>

<biblStruct xml:id="b15">
	<analytic>
		<title level="a" type="main">Long short-term memory</title>
		<author>
			<persName xmlns="http://www.tei-c.org/ns/1.0"><forename type="first">Sepp</forename><surname>Hochreiter</surname></persName>
		</author>
		<author>
			<persName xmlns="http://www.tei-c.org/ns/1.0"><forename type="first">Jürgen</forename><surname>Schmidhuber</surname></persName>
		</author>
	</analytic>
	<monogr>
		<title level="j">Neural computation</title>
		<imprint>
			<biblScope unit="volume">9</biblScope>
			<biblScope unit="issue">8</biblScope>
			<biblScope unit="page" from="1735" to="1780" />
			<date type="published" when="1997" />
		</imprint>
	</monogr>
</biblStruct>

<biblStruct xml:id="b16">
	<analytic>
		<title level="a" type="main">Representation of linguistic form and function in recurrent neural networks</title>
		<author>
			<persName xmlns="http://www.tei-c.org/ns/1.0"><forename type="first">Akos</forename><surname>Kádár</surname></persName>
		</author>
		<author>
			<persName xmlns="http://www.tei-c.org/ns/1.0"><forename type="first">Grzegorz</forename><surname>Chrupała</surname></persName>
		</author>
		<author>
			<persName xmlns="http://www.tei-c.org/ns/1.0"><forename type="first">Afra</forename><surname>Alishahi</surname></persName>
		</author>
	</analytic>
	<monogr>
		<title level="j">Computational Linguistics</title>
		<imprint>
			<biblScope unit="volume">43</biblScope>
			<biblScope unit="issue">4</biblScope>
			<biblScope unit="page" from="761" to="780" />
			<date type="published" when="2017" />
		</imprint>
	</monogr>
</biblStruct>

<biblStruct xml:id="b17">
	<monogr>
		<title level="m" type="main">Adam: A method for stochastic optimization</title>
		<author>
			<persName xmlns="http://www.tei-c.org/ns/1.0"><forename type="first">Diederik</forename><surname>Kingma</surname></persName>
		</author>
		<author>
			<persName xmlns="http://www.tei-c.org/ns/1.0"><forename type="first">Jimmy</forename><surname>Ba</surname></persName>
		</author>
		<idno type="arXiv">arXiv:1412.6980</idno>
		<imprint>
			<date type="published" when="2014" />
		</imprint>
	</monogr>
	<note type="report_type">arXiv preprint</note>
</biblStruct>

<biblStruct xml:id="b18">
	<analytic>
		<title level="a" type="main">Automatic speech analysis for the assessment of patients with predementia and alzheimer&apos;s disease</title>
		<author>
			<persName xmlns="http://www.tei-c.org/ns/1.0"><forename type="first">Alexandra</forename><surname>König</surname></persName>
		</author>
		<author>
			<persName xmlns="http://www.tei-c.org/ns/1.0"><forename type="first">Aharon</forename><surname>Satt</surname></persName>
		</author>
		<author>
			<persName xmlns="http://www.tei-c.org/ns/1.0"><forename type="first">Alexander</forename><surname>Sorin</surname></persName>
		</author>
		<author>
			<persName xmlns="http://www.tei-c.org/ns/1.0"><forename type="first">Ron</forename><surname>Hoory</surname></persName>
		</author>
		<author>
			<persName xmlns="http://www.tei-c.org/ns/1.0"><forename type="first">Orith</forename><surname>Toledo-Ronen</surname></persName>
		</author>
		<author>
			<persName xmlns="http://www.tei-c.org/ns/1.0"><forename type="first">Alexandre</forename><surname>Derreumaux</surname></persName>
		</author>
		<author>
			<persName xmlns="http://www.tei-c.org/ns/1.0"><forename type="first">Valeria</forename><surname>Manera</surname></persName>
		</author>
		<author>
			<persName xmlns="http://www.tei-c.org/ns/1.0"><forename type="first">Frans</forename><surname>Verhey</surname></persName>
		</author>
		<author>
			<persName xmlns="http://www.tei-c.org/ns/1.0"><forename type="first">Pauline</forename><surname>Aalten</surname></persName>
		</author>
		<author>
			<persName xmlns="http://www.tei-c.org/ns/1.0"><forename type="first">Phillipe</forename><forename type="middle">H</forename><surname>Robert</surname></persName>
		</author>
	</analytic>
	<monogr>
		<title level="j">Assessment &amp; Disease Monitoring</title>
		<imprint>
			<biblScope unit="volume">1</biblScope>
			<biblScope unit="issue">1</biblScope>
			<biblScope unit="page" from="112" to="124" />
			<date type="published" when="2015" />
		</imprint>
	</monogr>
	<note>Alzheimer&apos;s &amp; Dementia: Diagnosis</note>
</biblStruct>

<biblStruct xml:id="b19">
	<analytic>
		<title level="a" type="main">Imagenet classification with deep convolutional neural networks</title>
		<author>
			<persName xmlns="http://www.tei-c.org/ns/1.0"><forename type="first">Alex</forename><surname>Krizhevsky</surname></persName>
		</author>
		<author>
			<persName xmlns="http://www.tei-c.org/ns/1.0"><forename type="first">Ilya</forename><surname>Sutskever</surname></persName>
		</author>
		<author>
			<persName xmlns="http://www.tei-c.org/ns/1.0"><forename type="first">Geoffrey</forename><forename type="middle">E</forename><surname>Hinton</surname></persName>
		</author>
	</analytic>
	<monogr>
		<title level="m">Advances in neural information processing systems</title>
		<imprint>
			<date type="published" when="2012" />
			<biblScope unit="page" from="1097" to="1105" />
		</imprint>
	</monogr>
</biblStruct>

<biblStruct xml:id="b20">
	<monogr>
		<author>
			<persName xmlns="http://www.tei-c.org/ns/1.0"><forename type="first">Jiwei</forename><surname>Li</surname></persName>
		</author>
		<author>
			<persName xmlns="http://www.tei-c.org/ns/1.0"><forename type="first">Xinlei</forename><surname>Chen</surname></persName>
		</author>
		<author>
			<persName xmlns="http://www.tei-c.org/ns/1.0"><forename type="first">Eduard</forename><surname>Hovy</surname></persName>
		</author>
		<author>
			<persName xmlns="http://www.tei-c.org/ns/1.0"><forename type="first">Dan</forename><surname>Jurafsky</surname></persName>
		</author>
		<idno type="arXiv">arXiv:1506.01066</idno>
		<title level="m">Visualizing and understanding neural models in nlp</title>
		<imprint>
			<date type="published" when="2015" />
		</imprint>
	</monogr>
	<note type="report_type">arXiv preprint</note>
</biblStruct>

<biblStruct xml:id="b21">
	<analytic>
		<title level="a" type="main">Understanding deep image representations by inverting them</title>
		<author>
			<persName xmlns="http://www.tei-c.org/ns/1.0"><forename type="first">Aravindh</forename><surname>Mahendran</surname></persName>
		</author>
		<author>
			<persName xmlns="http://www.tei-c.org/ns/1.0"><forename type="first">Andrea</forename><surname>Vedaldi</surname></persName>
		</author>
	</analytic>
	<monogr>
		<title level="m">Proceedings of the IEEE conference on computer vision and pattern recognition</title>
		<meeting>the IEEE conference on computer vision and pattern recognition</meeting>
		<imprint>
			<date type="published" when="2015" />
			<biblScope unit="page" from="5188" to="5196" />
		</imprint>
	</monogr>
</biblStruct>

<biblStruct xml:id="b22">
	<analytic>
		<title level="a" type="main">Clinical diagnosis of alzheimer&apos;s disease report of the nincds-adrda work group* under the auspices of department of health and human services task force on alzheimer&apos;s disease</title>
		<author>
			<persName xmlns="http://www.tei-c.org/ns/1.0"><forename type="first">Guy</forename><surname>Mckhann</surname></persName>
		</author>
		<author>
			<persName xmlns="http://www.tei-c.org/ns/1.0"><forename type="first">David</forename><surname>Drachman</surname></persName>
		</author>
		<author>
			<persName xmlns="http://www.tei-c.org/ns/1.0"><forename type="first">Marshall</forename><surname>Folstein</surname></persName>
		</author>
		<author>
			<persName xmlns="http://www.tei-c.org/ns/1.0"><forename type="first">Robert</forename><surname>Katzman</surname></persName>
		</author>
		<author>
			<persName xmlns="http://www.tei-c.org/ns/1.0"><forename type="first">Donald</forename><surname>Price</surname></persName>
		</author>
		<author>
			<persName xmlns="http://www.tei-c.org/ns/1.0"><forename type="first">Emanuel</forename><forename type="middle">M</forename><surname>Stadlan</surname></persName>
		</author>
	</analytic>
	<monogr>
		<title level="j">Neurology</title>
		<imprint>
			<biblScope unit="volume">34</biblScope>
			<biblScope unit="issue">7</biblScope>
			<biblScope unit="page" from="939" to="939" />
			<date type="published" when="1984" />
		</imprint>
	</monogr>
</biblStruct>

<biblStruct xml:id="b23">
	<analytic>
		<title level="a" type="main">Gender-related cognitive deficits in alzheimer&apos;s disease</title>
		<author>
			<persName xmlns="http://www.tei-c.org/ns/1.0"><forename type="first">Susan</forename><surname>Mcpherson</surname></persName>
		</author>
		<author>
			<persName xmlns="http://www.tei-c.org/ns/1.0"><forename type="first">Carla</forename><surname>Back</surname></persName>
		</author>
		<author>
			<persName xmlns="http://www.tei-c.org/ns/1.0"><forename type="first">Galen</forename><surname>Buckwalter</surname></persName>
		</author>
		<author>
			<persName xmlns="http://www.tei-c.org/ns/1.0"><forename type="first">Jeffrey L</forename><surname>Cummings</surname></persName>
		</author>
	</analytic>
	<monogr>
		<title level="j">International Psychogeriatrics</title>
		<imprint>
			<biblScope unit="volume">11</biblScope>
			<biblScope unit="issue">2</biblScope>
			<biblScope unit="page" from="117" to="122" />
			<date type="published" when="1999" />
		</imprint>
	</monogr>
</biblStruct>

<biblStruct xml:id="b24">
	<analytic>
		<title level="a" type="main">Predicting probable alzheimers disease using linguistic deficits and biomarkers</title>
		<author>
			<persName xmlns="http://www.tei-c.org/ns/1.0"><surname>Sylvester O Orimaye</surname></persName>
		</author>
		<author>
			<persName xmlns="http://www.tei-c.org/ns/1.0"><forename type="first">S</forename><forename type="middle">M</forename><surname>Jojo</surname></persName>
		</author>
		<author>
			<persName xmlns="http://www.tei-c.org/ns/1.0"><forename type="first">Karen</forename><forename type="middle">J</forename><surname>Wong</surname></persName>
		</author>
		<author>
			<persName xmlns="http://www.tei-c.org/ns/1.0"><surname>Golden</surname></persName>
		</author>
		<author>
			<persName xmlns="http://www.tei-c.org/ns/1.0"><forename type="first">P</forename><surname>Chee</surname></persName>
		</author>
		<author>
			<persName xmlns="http://www.tei-c.org/ns/1.0"><surname>Wong</surname></persName>
		</author>
		<author>
			<persName xmlns="http://www.tei-c.org/ns/1.0"><surname>Soyiri</surname></persName>
		</author>
	</analytic>
	<monogr>
		<title level="j">BMC bioinformatics</title>
		<imprint>
			<biblScope unit="volume">18</biblScope>
			<biblScope unit="issue">1</biblScope>
			<biblScope unit="page">34</biblScope>
			<date type="published" when="2017" />
		</imprint>
	</monogr>
</biblStruct>

<biblStruct xml:id="b25">
	<monogr>
		<author>
			<persName xmlns="http://www.tei-c.org/ns/1.0"><forename type="first">Kah</forename><forename type="middle">Yee</forename><surname>Sylvester Olubolu Orimaye</surname></persName>
		</author>
		<author>
			<persName xmlns="http://www.tei-c.org/ns/1.0"><forename type="first">Jojo</forename><surname>Tai</surname></persName>
		</author>
		<author>
			<persName xmlns="http://www.tei-c.org/ns/1.0"><surname>Sze-Meng</surname></persName>
		</author>
		<author>
			<persName xmlns="http://www.tei-c.org/ns/1.0"><forename type="first">Chee Piau</forename><surname>Wong</surname></persName>
		</author>
		<author>
			<persName xmlns="http://www.tei-c.org/ns/1.0"><surname>Wong</surname></persName>
		</author>
		<idno type="arXiv">arXiv:1511.02436</idno>
		<title level="m">Learning linguistic biomarkers for predicting mild cognitive impairment using compound skip-grams</title>
		<imprint>
			<date type="published" when="2015" />
		</imprint>
	</monogr>
	<note type="report_type">arXiv preprint</note>
</biblStruct>

<biblStruct xml:id="b26">
	<analytic>
		<title level="a" type="main">Deepdeep neural network language models for predicting mild cognitive impairment</title>
		<author>
			<persName xmlns="http://www.tei-c.org/ns/1.0"><forename type="first">Jojo</forename><surname>Sylvester Olubolu Orimaye</surname></persName>
		</author>
		<author>
			<persName xmlns="http://www.tei-c.org/ns/1.0"><surname>Sze-Meng</surname></persName>
		</author>
		<author>
			<persName xmlns="http://www.tei-c.org/ns/1.0"><forename type="first">Judyanne Sharmini Gilbert</forename><surname>Wong</surname></persName>
		</author>
		<author>
			<persName xmlns="http://www.tei-c.org/ns/1.0"><surname>Fernandez</surname></persName>
		</author>
	</analytic>
	<monogr>
		<title level="m">BAI@ IJCAI</title>
		<imprint>
			<date type="published" when="2016" />
			<biblScope unit="page" from="14" to="20" />
		</imprint>
	</monogr>
</biblStruct>

<biblStruct xml:id="b27">
	<monogr>
		<author>
			<persName xmlns="http://www.tei-c.org/ns/1.0"><forename type="first">Razvan</forename><surname>Pascanu</surname></persName>
		</author>
		<author>
			<persName xmlns="http://www.tei-c.org/ns/1.0"><forename type="first">Caglar</forename><surname>Gulcehre</surname></persName>
		</author>
		<author>
			<persName xmlns="http://www.tei-c.org/ns/1.0"><forename type="first">Kyunghyun</forename><surname>Cho</surname></persName>
		</author>
		<author>
			<persName xmlns="http://www.tei-c.org/ns/1.0"><forename type="first">Yoshua</forename><surname>Bengio</surname></persName>
		</author>
		<idno type="arXiv">arXiv:1312.6026</idno>
		<title level="m">How to construct deep recurrent neural networks</title>
		<imprint>
			<date type="published" when="2013" />
		</imprint>
	</monogr>
	<note type="report_type">arXiv preprint</note>
</biblStruct>

<biblStruct xml:id="b28">
	<analytic>
		<title level="a" type="main">On the difficulty of training recurrent neural networks</title>
		<author>
			<persName xmlns="http://www.tei-c.org/ns/1.0"><forename type="first">Razvan</forename><surname>Pascanu</surname></persName>
		</author>
		<author>
			<persName xmlns="http://www.tei-c.org/ns/1.0"><forename type="first">Tomas</forename><surname>Mikolov</surname></persName>
		</author>
		<author>
			<persName xmlns="http://www.tei-c.org/ns/1.0"><forename type="first">Yoshua</forename><surname>Bengio</surname></persName>
		</author>
	</analytic>
	<monogr>
		<title level="m">International Conference on Machine Learning</title>
		<imprint>
			<date type="published" when="2013" />
			<biblScope unit="page" from="1310" to="1318" />
		</imprint>
	</monogr>
</biblStruct>

<biblStruct xml:id="b29">
	<analytic>
		<title level="a" type="main">Gender differences in language of ad patients a longitudinal study</title>
		<author>
			<persName xmlns="http://www.tei-c.org/ns/1.0"><forename type="first">N</forename><surname>Danielle</surname></persName>
		</author>
		<author>
			<persName xmlns="http://www.tei-c.org/ns/1.0"><surname>Ripich</surname></persName>
		</author>
		<author>
			<persName xmlns="http://www.tei-c.org/ns/1.0"><forename type="first">A</forename><surname>Stephen</surname></persName>
		</author>
		<author>
			<persName xmlns="http://www.tei-c.org/ns/1.0"><surname>Petrill</surname></persName>
		</author>
		<author>
			<persName xmlns="http://www.tei-c.org/ns/1.0"><forename type="first">J</forename><surname>Peter</surname></persName>
		</author>
		<author>
			<persName xmlns="http://www.tei-c.org/ns/1.0"><forename type="first">Elaine</forename><forename type="middle">W</forename><surname>Whitehouse</surname></persName>
		</author>
		<author>
			<persName xmlns="http://www.tei-c.org/ns/1.0"><surname>Ziol</surname></persName>
		</author>
	</analytic>
	<monogr>
		<title level="j">Neurology</title>
		<imprint>
			<biblScope unit="volume">45</biblScope>
			<biblScope unit="issue">2</biblScope>
			<biblScope unit="page" from="299" to="302" />
			<date type="published" when="1995" />
		</imprint>
	</monogr>
</biblStruct>

<biblStruct xml:id="b30">
	<analytic>
		<title level="a" type="main">Automatically identifying trouble-indicating speech behaviors in alzheimer&apos;s disease</title>
		<author>
			<persName xmlns="http://www.tei-c.org/ns/1.0"><forename type="first">Frank</forename><surname>Rudzicz</surname></persName>
		</author>
		<author>
			<persName xmlns="http://www.tei-c.org/ns/1.0"><forename type="first">Leila</forename><forename type="middle">Chan</forename><surname>Currie</surname></persName>
		</author>
		<author>
			<persName xmlns="http://www.tei-c.org/ns/1.0"><forename type="first">Andrew</forename><surname>Danks</surname></persName>
		</author>
		<author>
			<persName xmlns="http://www.tei-c.org/ns/1.0"><forename type="first">Tejas</forename><surname>Mehta</surname></persName>
		</author>
		<author>
			<persName xmlns="http://www.tei-c.org/ns/1.0"><forename type="first">Shunan</forename><surname>Zhao</surname></persName>
		</author>
	</analytic>
	<monogr>
		<title level="m">Proceedings of the 16th international ACM SIGACCESS conference on Computers &amp; accessibility</title>
		<meeting>the 16th international ACM SIGACCESS conference on Computers &amp; accessibility</meeting>
		<imprint>
			<publisher>ACM</publisher>
			<date type="published" when="2014" />
			<biblScope unit="page" from="241" to="242" />
		</imprint>
	</monogr>
</biblStruct>

<biblStruct xml:id="b31">
	<analytic>
		<title level="a" type="main">Evaluating the visualization of what a deep neural network has learned</title>
		<author>
			<persName xmlns="http://www.tei-c.org/ns/1.0"><forename type="first">Wojciech</forename><surname>Samek</surname></persName>
		</author>
		<author>
			<persName xmlns="http://www.tei-c.org/ns/1.0"><forename type="first">Alexander</forename><surname>Binder</surname></persName>
		</author>
		<author>
			<persName xmlns="http://www.tei-c.org/ns/1.0"><forename type="first">Grégoire</forename><surname>Montavon</surname></persName>
		</author>
		<author>
			<persName xmlns="http://www.tei-c.org/ns/1.0"><forename type="first">Sebastian</forename><surname>Lapuschkin</surname></persName>
		</author>
		<author>
			<persName xmlns="http://www.tei-c.org/ns/1.0"><forename type="first">Klaus-Robert</forename><surname>Müller</surname></persName>
		</author>
	</analytic>
	<monogr>
		<title level="m">IEEE transactions on neural networks and learning systems</title>
		<imprint>
			<date type="published" when="2017" />
		</imprint>
	</monogr>
</biblStruct>

<biblStruct xml:id="b32">
	<monogr>
		<title level="m" type="main">Deep inside convolutional networks: Visualising image classification models and saliency maps</title>
		<author>
			<persName xmlns="http://www.tei-c.org/ns/1.0"><forename type="first">Karen</forename><surname>Simonyan</surname></persName>
		</author>
		<author>
			<persName xmlns="http://www.tei-c.org/ns/1.0"><forename type="first">Andrea</forename><surname>Vedaldi</surname></persName>
		</author>
		<author>
			<persName xmlns="http://www.tei-c.org/ns/1.0"><forename type="first">Andrew</forename><surname>Zisserman</surname></persName>
		</author>
		<idno type="arXiv">arXiv:1312.6034</idno>
		<imprint>
			<date type="published" when="2013" />
		</imprint>
	</monogr>
	<note type="report_type">arXiv preprint</note>
</biblStruct>

<biblStruct xml:id="b33">
	<analytic>
		<title level="a" type="main">Dropout: a simple way to prevent neural networks from overfitting</title>
		<author>
			<persName xmlns="http://www.tei-c.org/ns/1.0"><forename type="first">Nitish</forename><surname>Srivastava</surname></persName>
		</author>
		<author>
			<persName xmlns="http://www.tei-c.org/ns/1.0"><forename type="first">Geoffrey</forename><forename type="middle">E</forename><surname>Hinton</surname></persName>
		</author>
		<author>
			<persName xmlns="http://www.tei-c.org/ns/1.0"><forename type="first">Alex</forename><surname>Krizhevsky</surname></persName>
		</author>
		<author>
			<persName xmlns="http://www.tei-c.org/ns/1.0"><forename type="first">Ilya</forename><surname>Sutskever</surname></persName>
		</author>
		<author>
			<persName xmlns="http://www.tei-c.org/ns/1.0"><forename type="first">Ruslan</forename><surname>Salakhutdinov</surname></persName>
		</author>
	</analytic>
	<monogr>
		<title level="j">Journal of machine learning research</title>
		<imprint>
			<biblScope unit="volume">15</biblScope>
			<biblScope unit="issue">1</biblScope>
			<biblScope unit="page" from="1929" to="1958" />
			<date type="published" when="2014" />
		</imprint>
	</monogr>
</biblStruct>

<biblStruct xml:id="b34">
	<analytic>
		<title level="a" type="main">An analysis of trouble and repair in the natural conversations of people with dementia of the alzheimer&apos;s type</title>
		<author>
			<persName xmlns="http://www.tei-c.org/ns/1.0"><forename type="first">M</forename><surname>Caroline</surname></persName>
		</author>
		<author>
			<persName xmlns="http://www.tei-c.org/ns/1.0"><surname>Watson</surname></persName>
		</author>
	</analytic>
	<monogr>
		<title level="j">Aphasiology</title>
		<imprint>
			<biblScope unit="volume">13</biblScope>
			<biblScope unit="issue">3</biblScope>
			<biblScope unit="page" from="195" to="218" />
			<date type="published" when="1999" />
		</imprint>
	</monogr>
</biblStruct>

<biblStruct xml:id="b35">
	<analytic>
		<title level="a" type="main">Visualizing and understanding convolutional networks</title>
		<author>
			<persName xmlns="http://www.tei-c.org/ns/1.0"><forename type="first">D</forename><surname>Matthew</surname></persName>
		</author>
		<author>
			<persName xmlns="http://www.tei-c.org/ns/1.0"><forename type="first">Rob</forename><surname>Zeiler</surname></persName>
		</author>
		<author>
			<persName xmlns="http://www.tei-c.org/ns/1.0"><surname>Fergus</surname></persName>
		</author>
	</analytic>
	<monogr>
		<title level="m">European conference on computer vision</title>
		<imprint>
			<publisher>Springer</publisher>
			<date type="published" when="2014" />
			<biblScope unit="page" from="818" to="833" />
		</imprint>
	</monogr>
</biblStruct>

<biblStruct xml:id="b36">
	<monogr>
		<author>
			<persName xmlns="http://www.tei-c.org/ns/1.0"><forename type="first">Chunting</forename><surname>Zhou</surname></persName>
		</author>
		<author>
			<persName xmlns="http://www.tei-c.org/ns/1.0"><forename type="first">Chonglin</forename><surname>Sun</surname></persName>
		</author>
		<author>
			<persName xmlns="http://www.tei-c.org/ns/1.0"><forename type="first">Zhiyuan</forename><surname>Liu</surname></persName>
		</author>
		<author>
			<persName xmlns="http://www.tei-c.org/ns/1.0"><forename type="first">Francis</forename><surname>Lau</surname></persName>
		</author>
		<idno type="arXiv">arXiv:1511.08630</idno>
		<title level="m">A c-lstm neural network for text classification</title>
		<imprint>
			<date type="published" when="2015" />
		</imprint>
	</monogr>
	<note type="report_type">arXiv preprint</note>
</biblStruct>

				</listBibl>
			</div>
		</back>
	</text>
</TEI>
