<?xml version="1.0" encoding="UTF-8"?>
<TEI xml:space="preserve" xmlns="http://www.tei-c.org/ns/1.0" 
xmlns:xsi="http://www.w3.org/2001/XMLSchema-instance" 
xsi:schemaLocation="http://www.tei-c.org/ns/1.0 /Users/cindy/tmp/grobid-0.6.1/grobid-home/schemas/xsd/Grobid.xsd"
 xmlns:xlink="http://www.w3.org/1999/xlink">
	<teiHeader xml:lang="en">
		<fileDesc>
			<titleStmt>
				<title level="a" type="main">Growing a protocol</title>
			</titleStmt>
			<publicationStmt>
				<publisher/>
				<availability status="unknown"><licence/></availability>
			</publicationStmt>
			<sourceDesc>
				<biblStruct>
					<analytic>
						<author>
							<persName xmlns="http://www.tei-c.org/ns/1.0"><forename type="first">Kamala</forename><surname>Ramasubramanian</surname></persName>
							<affiliation key="aff0">
								<orgName type="institution">University of California</orgName>
								<address>
									<settlement>Santa Cruz 2 Elastic</settlement>
								</address>
							</affiliation>
						</author>
						<author>
							<persName xmlns="http://www.tei-c.org/ns/1.0"><forename type="first">Kathryn</forename><surname>Dahlgren</surname></persName>
							<email>kmdahlgr@ucsc.edu</email>
							<affiliation key="aff0">
								<orgName type="institution">University of California</orgName>
								<address>
									<settlement>Santa Cruz 2 Elastic</settlement>
								</address>
							</affiliation>
						</author>
						<author>
							<persName xmlns="http://www.tei-c.org/ns/1.0"><forename type="first">Asha</forename><surname>Karim</surname></persName>
							<email>akarim@ucsc.edu</email>
							<affiliation key="aff0">
								<orgName type="institution">University of California</orgName>
								<address>
									<settlement>Santa Cruz 2 Elastic</settlement>
								</address>
							</affiliation>
						</author>
						<author>
							<persName xmlns="http://www.tei-c.org/ns/1.0"><forename type="first">Sanjana</forename><surname>Maiya</surname></persName>
							<email>smaiya@ucsc.edu</email>
							<affiliation key="aff0">
								<orgName type="institution">University of California</orgName>
								<address>
									<settlement>Santa Cruz 2 Elastic</settlement>
								</address>
							</affiliation>
						</author>
						<author>
							<persName xmlns="http://www.tei-c.org/ns/1.0"><forename type="first">Sarah</forename><surname>Borland</surname></persName>
							<email>sborland@ucsc.edu</email>
							<affiliation key="aff0">
								<orgName type="institution">University of California</orgName>
								<address>
									<settlement>Santa Cruz 2 Elastic</settlement>
								</address>
							</affiliation>
						</author>
						<author>
							<persName xmlns="http://www.tei-c.org/ns/1.0"><forename type="first">Boaz</forename><surname>Leskes</surname></persName>
							<affiliation key="aff0">
								<orgName type="institution">University of California</orgName>
								<address>
									<settlement>Santa Cruz 2 Elastic</settlement>
								</address>
							</affiliation>
						</author>
						<author>
							<persName xmlns="http://www.tei-c.org/ns/1.0"><forename type="first">Peter</forename><surname>Alvaro</surname></persName>
							<email>palvaro@ucsc.edu</email>
							<affiliation key="aff0">
								<orgName type="institution">University of California</orgName>
								<address>
									<settlement>Santa Cruz 2 Elastic</settlement>
								</address>
							</affiliation>
						</author>
						<title level="a" type="main">Growing a protocol</title>
					</analytic>
					<monogr>
						<imprint>
							<date/>
						</imprint>
					</monogr>
				</biblStruct>
			</sourceDesc>
		</fileDesc>
		<encodingDesc>
			<appInfo>
				<application version="0.6.1" ident="GROBID" when="2021-01-31T12:43+0000">
					<desc>GROBID - A machine learning software for extracting information from scholarly documents</desc>
					<ref target="https://github.com/kermitt2/grobid"/>
				</application>
			</appInfo>
		</encodingDesc>
		<profileDesc>
			<abstract>
				<p>Verification is often regarded as a one-time procedure undertaken after a protocol is specified but before it is implemented. However, in practice, protocols continually evolve with the addition of new capabilities and performance optimizations. Existing verification tools are illsuited to &quot;tracking&quot; protocol evolution and programmers are too busy (or too lazy?) to simultaneously co-evolve specifications manually. This means that the correctness guarantees determined at verification time can erode as protocols evolve. Existing software quality techniques such as regression testing and root cause analysis, which naturally support system evolution, are poorly suited to reasoning about fault tolerance properties of a distributed system because these properties require a search of the execution schedule rather than merely replaying inputs. This paper advocates that our community should explore the intersection of testing and verification to better ensure quality for distributed software and presents our experience evolving a data replication protocol at Elastic using a novel bug-finding technology called Lineage Driven Fault Injection (LDFI) as evidence.</p>
			</abstract>
		</profileDesc>
	</teiHeader>
	<text xml:lang="en">
		<body>
<div xmlns="http://www.tei-c.org/ns/1.0"><head n="1">Introduction</head><p>Common distributed systems wisdom warns us never to reinvent. If we have a problem requiring consensus, we use Paxos <ref type="bibr" target="#b37">[38]</ref> (or Raft <ref type="bibr" target="#b46">[47]</ref>); if we need strong consistency data replication for availability, we use Primary/Backup <ref type="bibr" target="#b39">[40]</ref> or Chain Replication <ref type="bibr" target="#b55">[56]</ref>. To disseminate updates, we use reliable broadcast <ref type="bibr" target="#b41">[42]</ref>. Best practices dictate that we invariably choose a well-understood (and, ideally, formally verified) protocol as the basis of our implementation.</p><p>Because the protocols used to solve these problems are mature, it might appear that protocol design is mostly a thing of the past: modern systems designers can merely take mechanisms "off the shelf" and enjoy the guaran-tees of hardened subsystems while constructing otherwise novel applications.</p><p>Any practitioner, however, will quickly identify this as a fallacy. Even initial protocol implementations tend to differ significantly from their specification. Furthermore, over the lifetime of a system, protocol details undergo a series of optimizations in response to particular use cases. Since such optimizations can range from the fussy (e.g., tweaking timeout parameters) to the fundamental (e.g., bypassing protocol steps based on assumptions about the common case), it can be challenging to know which implementation changes are tantamount to changes in the specification (which would in principle then need to be reverified). Such a circumstance places implementors in the bad position of deriving false confidence from assertions that their implementation is "essentially Primary/Backup".</p><p>Software engineering best practices provide us with a variety of tools for ensuring program correctness over the course of a development lifecycle. For example, regression testing techniques ensure future optimizations do not re-introduce bugs previously encountered in earlier stages of system development. When dormant bugs manifest in later system versions, root cause analysis techniques allow us to replay "bad inputs" over the commit history until we identify the version in which the bug was introduced.</p><p>Unfortunately, all of these techniques associate aberrant behaviors (i.e. bugs) with the inputs that trigger them. A regression test ensures a bug triggered by a given input is never re-introduced by making the replay of the input part of the regression suite. Root cause analysis identifies the first version in which a bug appears, by replaying the particular input that triggered it at all previous commits.</p><p>Fault tolerance properties of distributed systems, by contrast, assert the system computes a correct outcome even in the face of a predefined class of faults, such as machine crashes and network partitions. Consequently, the classic software quality techniques described above are useless. Subtle changes to protocols can fundamentally affect fault tolerance characteristics; seemingly innocuous modifications may trigger incorrect behaviors. Notably, an input known to trigger a bug in a particular version of the protocol is not guaranteed to trigger the same bug in a different version. As a result, regression testing, as we currently employ it, is fundamentally too weak to prevent fault tolerance regression bugs. Root cause analysis is similarly inadequate, because a set of faults triggering bugs in later versions may fail to do so in an earlier version.</p><p>In this paper, we argue that tool support for implementing and evolving fault-tolerant distributed systems needs to be rethought. We advocate exploration of the (sparse) middle ground between existing testing techniques practically inadequate for addressing fault tolerance concerns and traditional verification techniques illsuited to the continual evolution of real-world implementations. We describe our experience using a novel bugfinding methodology called Lineage-Driven Fault Injection <ref type="bibr" target="#b10">[11]</ref> to test a new replication protocol developed at Elasticsearch <ref type="bibr" target="#b48">[49]</ref>. We show how the lightweight verification approach makes it possible to apply software engineering best practices such as regression testing and root cause analysis in the context of fault tolerance properties and identify desiderata for future tools.</p></div>
<div xmlns="http://www.tei-c.org/ns/1.0"><head n="2">Motivation</head><p>Distributed systems prove an unwieldy challenge to the mature quality methodologies we typically apply to evolving software. In particular, issues arise because fault tolerance properties are sensitive to a space of faults as opposed to specific inputs. In traditional methods of testing, bugs are characterized by inputs, whereas in distributed systems they are tied to the execution schedule. It is this disparity that necessitates use of a different tool for testing and verification for fault tolerance.</p><p>Consider, for instance, a distributed system that relies on a leader election module. Version 1 of this module implements bully leader election <ref type="bibr" target="#b25">[26]</ref>, choosing the node with the minimum ID as leader, and Version 2 chooses the node with the maximum ID. It's not difficult to convince ourselves that these are essentially the same protocol, and as a result, it might not occur to us to re-verify. Imagine now that there is a bug in the downstream logic: if the leader crashes, it fails to uphold its invariants.</p><p>If we first encounter this bug in Version 1, following best practices, we might write a regression test that injects a fault into node x in all future tests. However, that input is not sufficient to trigger the aberrant behavior in Version 2. Though we have the same bug in Version 2, crashing x may not trigger it. Instead, crashing node y will. For us to discover y as a trigger, we would need to back-port the protocol changes to the specification and re-verify.</p><p>Conversely, if we first encounter the bug in Version 2, we might perform root cause analysis and work backwards through the commit history, replaying the failure of y in earlier versions. Yet we would still fail to detect the bug because, in Version 1, a failure in x, not y, triggers the behavior. Again, we find that we must re-verify for every commit if we hope to discover the bug.</p><p>We are left wanting something that works like verification, but feels like testing. We need to perform a principled search of the space of execution schedules while retaining the efficiency, tool support, and integration provided by existing testing practices. This search has to be run on every commit, but an exhaustive search of the space of possible combinations of faults is intractable. There is a need to prune the space of potential faults we must explore for testing and verification, but a dearth of tools available to do so.</p></div>
<div xmlns="http://www.tei-c.org/ns/1.0"><head n="3">Background</head><p>This paper is based on insights from a summer internship at Elastic, a distributed data store vendor whose products focus on real-time search and analytics of documents <ref type="bibr" target="#b26">[27]</ref>. At the time, their engineering team had deployed a data replication protocol based on Primary/Backup. Any Primary/Backup protocol needs a way to sync a stale copy of the data with the current primary. The Elasticsearch protocol uses a method based on file syncing to do so. Since file copying is inherently slow, Elastic was looking for a faster protocol that can work by synchronizing individual operations and avoiding the overhead of copying large files. The new protocol would work without pauses in writes and allow indexing to multiple documents concurrently. Since this was a new algorithm, Elastic was looking for ways to formally verify it. However, most verification tools require specifications and it is not reasonable to think that every time a programmer comes up with an optimization, they implement it in code and add it to the specification. Therefore, they favored an efficient, lightweight tool designed for easy use and incorporating strong failure scenario exploration guarantees.</p><p>Elastic engaged our research team because they wanted a technique that strikes a balance between formal verification and testing-in particular, the strong correctness guarantees of the former and the agility of the latter. Lineage Driven Fault Injection (LDFI) is an analysis and fault selection framework that harnesses concepts from logic programming and database theory to construct a representation of the underlying system model and derive explanations for behaviors under different fault sce-narios <ref type="bibr" target="#b10">[11]</ref>. The approach builds a model based on a good system execution and explores only fault scenarios capable of forcing the system into a bad state. This optimization greatly reduces the space of examined fault scenarios, making it tractable to perform a search of the fault space each time the underlying implementation changes (even trivially).</p><p>We implemented a sequence of versions of the replication protocol and used LDFI to incrementally verify them as a part of continuous integration. The following section describes our experiences using LDFI to examine the impact of the modifications on overall correctness.</p></div>
<div xmlns="http://www.tei-c.org/ns/1.0"><head n="4">Modeling the replication protocol</head><p>The core Elasticsearch data replication protocol is a variation of primary backup. All client requests are routed to the primary and are only acknowledged after they have been replicated by the primary on all replicas. While building the system, we defined incomplete versions of the protocol starting with the core functionality, the last version being as close to the real system as possible. Each version, as a result of being incomplete, had historical bugs. Discovering these issues that were not caught by conventional software engineering techniques gave us confidence that the approach is effective.</p><p>Since the Elasticsearch API guarantees focus around a single document, we modeled a single document with concurrent accesses, rather than multiple independent documents. For simplicity, we focused on an cluster with one primary and two replicas. To simplify the evaluation process, the specification also allows the existence of a master oracle omniscient with respect to the state of all other processes in the system. The master oracle abstracts away the running of some correct consensus protocol internally on a group of servers.</p></div>
<div xmlns="http://www.tei-c.org/ns/1.0"><head n="4.1">Catching Bugs Early</head><p>There are many instances in the software development cycle for a bug to be introduced, the first of which is when a protocol specification is converted to an implementation. During our case study, we found a bug which manifested precisely from such a translation scenario. As illustrated in <ref type="figure" target="#fig_0">Figure 1</ref>, after sending two concurrent writes to two different nodes in the system, LDFI tested a scenario in which one of the writes is replicated successfully while the second write is replicated on only one of the replicas. Then, before the second write replicates on the other node, the primary fails over. Subsequently, the node on which the latest write request has not been replicated becomes the new primary. The two replicas are now (and will forever remain) inconsistent.</p><p>Discovering the bug requires primary failure after launching successful writes to only a subset of backup replicas. Furthermore, a replica from the unlucky subset must become the new primary. The main difficulty in catching this bug using techniques such as test-driven development or regression testing is the manual derivation of relevant test cases. LDFI offers a better alternative by generating such scenarios automatically. The technique analyses the flow of data throughout the system for a simulated correct execution and iteratively examines the protocol's responses to different message drop/process crash combinations.</p></div>
<div xmlns="http://www.tei-c.org/ns/1.0"><head n="4.2">Dormant Bugs</head><p>When we discover a bug, we would like to go back in history to determine the version at which the bug was introduced. This is because a bug can lie dormant for a long time before it is discovered. As an example, after discovering the bug with concurrent writes, we were able to reproduce the bug in the case in which there was only a single write. <ref type="figure">Figure 2</ref> represents this exact scenario. As can be seen, the two bugs are similar, but do not manifest from the same fault scenarios. This reinforces the claim from our motivating example that techniques such as root cause analysis as they are generally deployed would not be effective in reasoning about the fault tolerance properties of distributed systems. In this particular case, in a system supporting concurrent writes, we would have witnessed the same interactions as the single write scenario with appropriate in- <ref type="figure">Figure 2</ref>: Concurrent-writes bug occurs in the singlewrite scenario as well put data. This brings into sharp focus the fact that the input data we start with matters in finding interesting bugs.We discuss the problem of simultaneously searching the space of faults and inputs in Section 5.</p></div>
<div xmlns="http://www.tei-c.org/ns/1.0"><head n="4.3">Optimizations</head><p>Once a protocol implementation exists, practitioners naturally optimize for performance or carry out functionality extensions. However, some optimizations may change the specification and without further verification, we cannot (or at least shouldn't) offer statements regarding correctness.</p></div>
<div xmlns="http://www.tei-c.org/ns/1.0"><head n="4.3.1">Sequence Number Optimization</head><p>A seemingly minor optimization can result in a serious fault tolerance bug. In Elasticsearch, the primary locally chooses monotonically increasing sequence numbers to enforce ordering on concurrent requests. Sequence numbers were introduced to prevent newer data from being overwritten. To avoid extra processing, the following rule was applied: If the sequence number associated with a write request has been seen before, drop the payload but acknowledge the request.</p><p>Now consider a scenario in which the primary fails over after sending write requests from a client to a subset of the backup replicas. Suppose further that a replica ignorant of the write takes over as the primary and receives a new write request. Since sequence numbers are locally determined by the primary, it may pick the same sequence number as the incomplete write. It will then send the write to all the active replicas. However, some replicas may drop the write in adherence to the above optimization. <ref type="figure" target="#fig_1">Figure 3</ref> demonstrates one instance of such an execution. Fortunately, LDFI quickly and automatically discovers such a scenario by using the initial successful execution to test fault scenarios that may cause The above represents just one scenario in which verification can catch bugs in optimizations. Optimization carries the risk of introducing entirely new bugs capable of breaking the end-to-end properties of the system, which is best handled by verification-based tools.</p></div>
<div xmlns="http://www.tei-c.org/ns/1.0"><head n="4.3.2">Checkpoint Optimization</head><p>When a new node is promoted as primary, a re-sync is necessary to ensure that all the active replicas in the system are consistent with the new primary. In the initial model, all writes were replayed to the replicas. However, this is extremely expensive and inefficient as only operations that weren't acknowledged to the client need to be replayed. Therefore, we model a checkpoint optimization using local and global checkpoints to ensure the entire history of acknowledged messages is not resent to replicas upon the election of a new primary. Each replica maintains a local checkpoint while a global checkpoint is the minimum of all local checkpoints. A newly elected primary only sends update messages to replicas possessing a sequence number greater than the global checkpoint. This variation of the protocol introduces a fair amount of complexity, but produces no counterexamples when run against LDFI.</p><p>Simplicity of an optimization is not a consideration in determining if the correctness guarantees of a system have been violated. In this section, we demonstrated how a seemingly simple optimization breaks system guarantees while another more intricate one doesn't.</p><p>Our experience at Elastic suggests approaches like LDFI are a step towards improving the state of the art in distributed software quality. In this section, we place our work in context between the past developments upon which it builds and the work that we hope will follow.</p><p>The protocol described in Section 4 is a variant of Primary/Backup <ref type="bibr" target="#b4">[5,</ref><ref type="bibr" target="#b39">40,</ref><ref type="bibr" target="#b54">55]</ref>, a well-understood data replication technique that (when correctly implemented!) ensures single-copy consistency. As we argue in Section 1, protocols such as Primary/Backup are continually reinterpreted and extended in practice and developers (everoptimistic by nature) derive false confidence from the abstract connections to "correct" protocols.</p><p>Concurrency bugs: On one side of the spectrum, mature verification techniques such as model checking <ref type="bibr" target="#b23">[24,</ref><ref type="bibr" target="#b32">33,</ref><ref type="bibr" target="#b44">45,</ref><ref type="bibr" target="#b57">58,</ref><ref type="bibr" target="#b58">59]</ref>-particularly the software model checkers capable of verifying real implementations <ref type="bibr" target="#b13">[14,</ref><ref type="bibr" target="#b36">37,</ref><ref type="bibr" target="#b43">44]</ref> are ideally suited for reasoning about concurrency bugs triggered by nondeterministic scheduling orders. Unfortunately, verifying fault tolerance properties of distributed systems with state space exploration techniques like model checking is challenging due to the combinatorial explosion of possible faults <ref type="bibr" target="#b28">[29,</ref><ref type="bibr" target="#b29">30,</ref><ref type="bibr" target="#b38">39]</ref>.</p><p>Recent work on semantic-aware software model checkers (e.g. SAMC <ref type="bibr" target="#b38">[39]</ref>) is particularly encouraging. These tools require encoding domain knowledge about any independence and symmetry characteristic to the problem to dramatically reduce the state space under consideration. Such a process supports the efficient exploration of the system execution behaviors dependent upon complex patterns of faults and orderings.</p><p>An ideal tool solution would combine the best features of LDFI (which automatically builds models of domain knowledge, but ignores concurrency and asynchrony) with state-of-the-art combined approaches such as SAMC, since we know from Fischer et al. <ref type="bibr" target="#b22">[23]</ref> that some of the most fundamental difficulties of distributed systems exist at the intersection of partial failure and asynchrony! LDFI's roots in data-centric programming languages suggest a unique approach to tackling concurrency bugs. The CALM Theorem <ref type="bibr" target="#b6">[7,</ref><ref type="bibr" target="#b11">12,</ref><ref type="bibr" target="#b31">32]</ref>, which asserts monotonic programs invariably produce deterministic outcomes for all message delivery orders, provides an insight into how event orderings either necessitate or avoid race conditions at runtime. We are developing a prototype system that combines the Lineage-Driven approach (utilizing explanations of what went right to reason about what could go wrong) and CALM analysis (using static analysis to prove commutativity of message processing logic) to simultaneously prune the space of faults and re-orderings.</p><p>System Models: On the other side of the spectrum, fault injection frameworks <ref type="bibr" target="#b0">[1,</ref><ref type="bibr" target="#b1">2,</ref><ref type="bibr" target="#b21">22,</ref><ref type="bibr" target="#b24">25,</ref><ref type="bibr" target="#b28">29,</ref><ref type="bibr" target="#b29">30,</ref><ref type="bibr" target="#b51">52]</ref> are maturing. Approaches such as LDFI are complementary to fault injection techniques and can be used to automatically drive such classes of debugging efforts as substantiated by Alvaro et al. <ref type="bibr" target="#b5">[6]</ref>. LDFI is just one example of a more general technique: build models of system redundancy from observability infrastructure (e.g. tracing systems) and use those models to prune the space of faults to inject. Given how probabilistic models are arguably more appropriate to the domain of distributed systems, we anticipate future work on LDFI embracing rather than masking the inherent uncertainties in timing endemic to distributed executions. Input Generation: In this paper, we assume the inputs to the system are given a priori and focus computational resources on fault selection. However, in practice, it can be tricky to discover the inputs required to trigger a bug. A variety of approaches to input generation and test generation <ref type="bibr" target="#b15">[16,</ref><ref type="bibr" target="#b18">19,</ref><ref type="bibr" target="#b40">41,</ref><ref type="bibr" target="#b49">50]</ref> are available. While it is tempting to argue that these techniques are complementary to our approach, the reality is more nuanced. In practice, some fault tolerance bugs in distributed systems are triggered only by specific interleavings of inputs and fault events; Zave's counterexamples <ref type="bibr" target="#b60">[61]</ref> to the correctness invariants for Chord <ref type="bibr" target="#b53">[54]</ref> provide a compelling witness. We are pursuing work that co-optimizes the search through faults and inputs.</p><p>Debugging tools: When a testing or verification tool identifies a possible bug, the process of debugging has only just begun. Much like the quality assurance techniques discussed in Section 2, classic software debugging approaches, as referenced throughout the paper, are ill-fitted to distributed systems. Currently, distributed debugging tool support is in its infancy, so a great many directions are possible. Our experience using LDFI at Elastic suggests the provision of high-level explanations of how a system achieves (or fails to achieve) good outcomes are a good starting point for taming the complexity of distributed debugging. Provenance <ref type="bibr" target="#b14">[15,</ref><ref type="bibr" target="#b20">21,</ref><ref type="bibr" target="#b27">28,</ref><ref type="bibr" target="#b35">36,</ref><ref type="bibr" target="#b42">43,</ref><ref type="bibr" target="#b61">62]</ref> is a well-established model in the database and systems literature for providing explanations of outcomes. Using provenance to reason about distributed executions, however, is a young research area capable of radical growth in tandem with future improvements in observability infrastructure support <ref type="bibr" target="#b2">[3,</ref><ref type="bibr" target="#b3">4,</ref><ref type="bibr" target="#b12">13,</ref><ref type="bibr" target="#b17">18,</ref><ref type="bibr" target="#b47">48,</ref><ref type="bibr" target="#b50">51]</ref>.</p></div>
<div xmlns="http://www.tei-c.org/ns/1.0"><head n="6">Conclusion</head><p>Existing bug detection and root cause analysis tools are inadequate for assessing the correctness of distributed protocols. The paper describes our experience seeking a middle ground between formal verification and software testing techniques while developing a novel distributed protocol intended for a real-world, production environ-ment. Given our success, we are optimistic that LDFI is a step in the right direction. However, to be clear, we do not believe in a one-size-fits-all solution. Our experience confirms our intuitions that the future of fault tolerant software development is unlikely to come in the form of a single verification methodology. Rather, we see a future in which tool support for distributed software implementation, evolution, and debugging is improved in a variety of directions. The state of the art is so desperately poor that is should be easy for the research community to make an impact! Acknowledgements We would like to thank the entire Elasticsearch team and in particular Yannick Welsch and Jason Tedor for their invaluable role in making this paper possible. This work is supported by the National Science Foundation under Grant No. 1652368.</p></div>
<div xmlns="http://www.tei-c.org/ns/1.0"><head n="7">Discussion</head><p>Open Issues: Translating protocol designs into Dedalus was, ultimately and unfortunately, a bottleneck. Developing minimally weakened variations of LDFI that shift away from the specification requirement and toward more flexible input formats, such as system execution traces or call-graphs, is an active area of future work that increase general appeal of the technique. When Does the Whole Idea Fall Apart? A number of failure classes exist beyond the scope of the presented LDFI approach. For example, LDFI cannot yet handle complex event interleaving patterns reminiscent of Zave's Chord counterexamples <ref type="bibr" target="#b60">[61]</ref>, as highlighted in the future work section. Additionally, Byzantine failures are still far beyond the capabilities of the current technique. Feedback Solicitation: In this paper, we identify the need for new methods to optimally harness current software quality best practices for debugging the fault tolerance properties of distributed systems. We are particularly interested in rebuttals against any of our core beliefs, especially:</p><p>• Classical software quality techniques such as regression testing and root cause analysis do not extend to distributed systems in their current form. • LDFI serves as a bridge between verification and testing, as demonstrated by its successful real-world application.</p><p>Additionally, the paper demonstrates that classical debugging techniques can be effectively applied to distributed systems with the right intermediary formulations. What other tools should we be building? What potential impact could the LDFI approach have on such tools?</p><p>Type of Discussion and Controversial Points: Apart from the discussions generated from our assertions above, comparison between techniques such as LDFI and products from the ever-evolving field of model checking would be anticipated discussion topics. As highlighted in the related work, some existing research seeks to expand the power of model checkers for distributed systems applicability. Are techniques in the intersection of testing and verification valuable if such efforts succeed? Furthermore, will the future landscape of distributed software debuggers essentially manifest as a variation of a one-size-fits-all solution or, as we believe, a rich toolset addressing particular classes of debugging needs? We look forward to debating these visions of the future.</p></div><figure xmlns="http://www.tei-c.org/ns/1.0" xml:id="fig_0"><head>Figure 1 :</head><label>1</label><figDesc>Concurrent-writes bug. Process M represents the mast oracle; Process C represents the client; and all Process nN processes represent active replicas.</figDesc></figure>
<figure xmlns="http://www.tei-c.org/ns/1.0" xml:id="fig_1"><head>Figure 3 :</head><label>3</label><figDesc>Optimizing for sequence numbers failures.</figDesc></figure>
		</body>
		<back>
			<div type="references">

				<listBibl>

<biblStruct xml:id="b0">
	<monogr>
		<ptr target="http://techblog.netflix.com/2011/07/netflix-simian-army.html" />
		<title level="m">The Netflix Simian Army</title>
		<imprint>
			<date type="published" when="2011" />
		</imprint>
	</monogr>
</biblStruct>

<biblStruct xml:id="b1">
	<monogr>
		<title/>
		<author>
			<persName xmlns="http://www.tei-c.org/ns/1.0"><forename type="first">Nemesis: Disruptive</forename><surname>Testing</surname></persName>
		</author>
		<ptr target="https://www.scribd.com/document/318375955/Yahoo-Nemesis" />
		<imprint>
			<date type="published" when="2015" />
		</imprint>
	</monogr>
</biblStruct>

<biblStruct xml:id="b2">
	<monogr>
		<title/>
		<author>
			<persName xmlns="http://www.tei-c.org/ns/1.0"><surname>Jaeger</surname></persName>
		</author>
		<ptr target="https://godoc.org/github.com/uber/jaeger-client-go" />
		<imprint>
			<date type="published" when="2016" />
		</imprint>
	</monogr>
</biblStruct>

<biblStruct xml:id="b3">
	<analytic>
		<title/>
		<ptr target="http://opentracing.io/" />
	</analytic>
	<monogr>
		<title level="j">The OpenTracing Project</title>
		<imprint>
			<date type="published" when="2016" />
		</imprint>
	</monogr>
</biblStruct>

<biblStruct xml:id="b4">
	<monogr>
		<title level="m" type="main">A Principle for Resilient Sharing of Distributed Resources</title>
		<author>
			<persName xmlns="http://www.tei-c.org/ns/1.0"><forename type="first">P</forename><forename type="middle">A</forename><surname>Alsberg</surname></persName>
		</author>
		<author>
			<persName xmlns="http://www.tei-c.org/ns/1.0"><forename type="first">J</forename><forename type="middle">D</forename><surname>Day</surname></persName>
		</author>
		<imprint>
			<biblScope unit="page">76</biblScope>
		</imprint>
	</monogr>
</biblStruct>

<biblStruct xml:id="b5">
	<analytic>
		<title level="a" type="main">Automating failure testing research at internet scale</title>
		<author>
			<persName xmlns="http://www.tei-c.org/ns/1.0"><forename type="first">P</forename><surname>Alvaro</surname></persName>
		</author>
		<author>
			<persName xmlns="http://www.tei-c.org/ns/1.0"><forename type="first">K</forename><surname>Andrus</surname></persName>
		</author>
		<author>
			<persName xmlns="http://www.tei-c.org/ns/1.0"><forename type="first">C</forename><surname>Sanden</surname></persName>
		</author>
		<author>
			<persName xmlns="http://www.tei-c.org/ns/1.0"><forename type="first">C</forename><surname>Rosenthal</surname></persName>
		</author>
		<author>
			<persName xmlns="http://www.tei-c.org/ns/1.0"><forename type="first">A</forename><surname>Basiri</surname></persName>
		</author>
		<author>
			<persName xmlns="http://www.tei-c.org/ns/1.0"><forename type="first">L</forename><surname>Hochstein</surname></persName>
		</author>
	</analytic>
	<monogr>
		<title level="m">SoCC</title>
		<imprint>
			<publisher>ACM</publisher>
			<date type="published" when="2016" />
			<biblScope unit="page" from="17" to="28" />
		</imprint>
	</monogr>
</biblStruct>

<biblStruct xml:id="b6">
	<monogr>
		<author>
			<persName xmlns="http://www.tei-c.org/ns/1.0"><forename type="first">P</forename><surname>Alvaro</surname></persName>
		</author>
		<author>
			<persName xmlns="http://www.tei-c.org/ns/1.0"><forename type="first">N</forename><surname>Conway</surname></persName>
		</author>
		<author>
			<persName xmlns="http://www.tei-c.org/ns/1.0"><forename type="first">J</forename><forename type="middle">M</forename><surname>Hellerstein</surname></persName>
		</author>
		<author>
			<persName xmlns="http://www.tei-c.org/ns/1.0"><forename type="first">W</forename><forename type="middle">R</forename><surname>Mar-Czak</surname></persName>
		</author>
		<title level="m">Consistency Analysis in Bloom: a CALM and Collected Approach. CIDR&apos;12</title>
		<imprint/>
	</monogr>
</biblStruct>

<biblStruct xml:id="b7">
	<monogr>
		<title level="m" type="main">BloomUnit: Declarative Testing for Distributed Programs</title>
		<author>
			<persName xmlns="http://www.tei-c.org/ns/1.0"><forename type="first">P</forename><surname>Alvaro</surname></persName>
		</author>
		<author>
			<persName xmlns="http://www.tei-c.org/ns/1.0"><forename type="first">A</forename><surname>Hutchinson</surname></persName>
		</author>
		<author>
			<persName xmlns="http://www.tei-c.org/ns/1.0"><forename type="first">N</forename><surname>Conway</surname></persName>
		</author>
		<author>
			<persName xmlns="http://www.tei-c.org/ns/1.0"><forename type="first">W</forename><forename type="middle">R</forename><surname>Marczak</surname></persName>
		</author>
		<author>
			<persName xmlns="http://www.tei-c.org/ns/1.0"><forename type="first">J</forename><forename type="middle">M</forename><surname>Hellerstein</surname></persName>
		</author>
		<imprint>
			<biblScope unit="page">12</biblScope>
		</imprint>
	</monogr>
</biblStruct>

<biblStruct xml:id="b8">
	<analytic>
		<title level="a" type="main">Bloomunit: Declarative testing for distributed programs</title>
		<author>
			<persName xmlns="http://www.tei-c.org/ns/1.0"><forename type="first">P</forename><surname>Alvaro</surname></persName>
		</author>
		<author>
			<persName xmlns="http://www.tei-c.org/ns/1.0"><forename type="first">A</forename><surname>Hutchinson</surname></persName>
		</author>
		<author>
			<persName xmlns="http://www.tei-c.org/ns/1.0"><forename type="first">N</forename><surname>Conway</surname></persName>
		</author>
		<author>
			<persName xmlns="http://www.tei-c.org/ns/1.0"><forename type="first">W</forename><forename type="middle">R</forename><surname>Marczak</surname></persName>
		</author>
		<author>
			<persName xmlns="http://www.tei-c.org/ns/1.0"><forename type="first">J</forename><forename type="middle">M</forename><surname>Hellerstein</surname></persName>
		</author>
	</analytic>
	<monogr>
		<title level="m">Proceedings of the Fifth International Workshop on Testing Database Systems</title>
		<meeting>the Fifth International Workshop on Testing Database Systems</meeting>
		<imprint>
			<publisher>ACM</publisher>
			<date type="published" when="2012" />
			<biblScope unit="page">1</biblScope>
		</imprint>
	</monogr>
</biblStruct>

<biblStruct xml:id="b9">
	<monogr>
		<author>
			<persName xmlns="http://www.tei-c.org/ns/1.0"><forename type="first">P</forename><surname>Alvaro</surname></persName>
		</author>
		<author>
			<persName xmlns="http://www.tei-c.org/ns/1.0"><forename type="first">W</forename><forename type="middle">R</forename><surname>Marczak</surname></persName>
		</author>
		<author>
			<persName xmlns="http://www.tei-c.org/ns/1.0"><forename type="first">N</forename><surname>Conway</surname></persName>
		</author>
		<author>
			<persName xmlns="http://www.tei-c.org/ns/1.0"><forename type="first">J</forename><forename type="middle">M</forename><surname>Hellerstein</surname></persName>
		</author>
		<author>
			<persName xmlns="http://www.tei-c.org/ns/1.0"><forename type="first">D</forename><surname>Maier</surname></persName>
		</author>
		<author>
			<persName xmlns="http://www.tei-c.org/ns/1.0"><forename type="first">R</forename><surname>Sears</surname></persName>
		</author>
		<author>
			<persName xmlns="http://www.tei-c.org/ns/1.0"><surname>Dedalus</surname></persName>
		</author>
		<title level="m">Datalog in Time and Space. Datalog&apos;10</title>
		<imprint/>
	</monogr>
</biblStruct>

<biblStruct xml:id="b10">
	<monogr>
		<title level="m" type="main">Lineagedriven fault injection</title>
		<author>
			<persName xmlns="http://www.tei-c.org/ns/1.0"><forename type="first">P</forename><surname>Alvaro</surname></persName>
		</author>
		<author>
			<persName xmlns="http://www.tei-c.org/ns/1.0"><forename type="first">J</forename><surname>Rosen</surname></persName>
		</author>
		<author>
			<persName xmlns="http://www.tei-c.org/ns/1.0"><forename type="first">J</forename><forename type="middle">M</forename><surname>Hellerstein</surname></persName>
		</author>
		<imprint>
			<publisher>SIGMOD, ACM</publisher>
		</imprint>
	</monogr>
</biblStruct>

<biblStruct xml:id="b11">
	<monogr>
		<title level="m" type="main">Relational Transducers for Declarative Networking</title>
		<author>
			<persName xmlns="http://www.tei-c.org/ns/1.0"><forename type="first">T</forename><forename type="middle">J</forename><surname>Ameloot</surname></persName>
		</author>
		<author>
			<persName xmlns="http://www.tei-c.org/ns/1.0"><forename type="first">F</forename><surname>Neven</surname></persName>
		</author>
		<author>
			<persName xmlns="http://www.tei-c.org/ns/1.0"><surname>Van Den</surname></persName>
		</author>
		<author>
			<persName xmlns="http://www.tei-c.org/ns/1.0"><forename type="first">J</forename><surname>Bussche</surname></persName>
		</author>
		<imprint>
			<biblScope unit="page">12</biblScope>
		</imprint>
	</monogr>
</biblStruct>

<biblStruct xml:id="b12">
	<monogr>
		<title level="m" type="main">Distributed Systems Tracing with Zipkin</title>
		<author>
			<persName xmlns="http://www.tei-c.org/ns/1.0"><forename type="first">C</forename><surname>Aniszczyk</surname></persName>
		</author>
		<ptr target="https://blog.twitter.com/2012/distributed-systems-tracing-with-zipkin" />
		<imprint>
			<date type="published" when="2012-06" />
		</imprint>
	</monogr>
</biblStruct>

<biblStruct xml:id="b13">
	<analytic>
		<title level="a" type="main">A Decade of Software Model Checking with SLAM</title>
		<author>
			<persName xmlns="http://www.tei-c.org/ns/1.0"><forename type="first">T</forename><surname>Ball</surname></persName>
		</author>
		<author>
			<persName xmlns="http://www.tei-c.org/ns/1.0"><forename type="first">V</forename><surname>Levin</surname></persName>
		</author>
		<author>
			<persName xmlns="http://www.tei-c.org/ns/1.0"><forename type="first">S</forename><forename type="middle">K</forename><surname>Rajamani</surname></persName>
		</author>
	</analytic>
	<monogr>
		<title level="j">Commun. ACM</title>
		<imprint>
			<date type="published" when="2011" />
		</imprint>
	</monogr>
</biblStruct>

<biblStruct xml:id="b14">
	<monogr>
		<title level="m" type="main">Why and Where: A Characterization of Data Provenance</title>
		<author>
			<persName xmlns="http://www.tei-c.org/ns/1.0"><forename type="first">P</forename><surname>Buneman</surname></persName>
		</author>
		<author>
			<persName xmlns="http://www.tei-c.org/ns/1.0"><forename type="first">S</forename><surname>Khanna</surname></persName>
		</author>
		<author>
			<persName xmlns="http://www.tei-c.org/ns/1.0"><forename type="first">W.-C</forename><surname>Tan</surname></persName>
		</author>
		<imprint>
			<biblScope unit="page">1</biblScope>
		</imprint>
	</monogr>
</biblStruct>

<biblStruct xml:id="b15">
	<monogr>
		<title level="m" type="main">Unassisted and Automatic Generation of High-coverage Tests for Complex Systems Programs</title>
		<author>
			<persName xmlns="http://www.tei-c.org/ns/1.0"><forename type="first">C</forename><surname>Cadar</surname></persName>
		</author>
		<author>
			<persName xmlns="http://www.tei-c.org/ns/1.0"><forename type="first">D</forename><surname>Dunbar</surname></persName>
		</author>
		<author>
			<persName xmlns="http://www.tei-c.org/ns/1.0"><forename type="first">D</forename><surname>Engler</surname></persName>
		</author>
		<author>
			<persName xmlns="http://www.tei-c.org/ns/1.0"><surname>Klee</surname></persName>
		</author>
		<imprint>
			<biblScope unit="page">8</biblScope>
		</imprint>
	</monogr>
</biblStruct>

<biblStruct xml:id="b16">
	<monogr>
		<author>
			<persName xmlns="http://www.tei-c.org/ns/1.0"><forename type="first">J</forename><surname>Cheney</surname></persName>
		</author>
		<author>
			<persName xmlns="http://www.tei-c.org/ns/1.0"><forename type="first">L</forename><surname>Chiticariu</surname></persName>
		</author>
		<author>
			<persName xmlns="http://www.tei-c.org/ns/1.0"><forename type="first">W.-C</forename><surname>Tan</surname></persName>
		</author>
		<title level="m">Provenance in Databases: Why, How, and Where. Found. Trends databases</title>
		<imprint>
			<date type="published" when="2009-04" />
		</imprint>
	</monogr>
</biblStruct>

<biblStruct xml:id="b17">
	<analytic>
		<title level="a" type="main">The Mystery Machine: End-to-end Performance Analysis of Large-scale Internet Services</title>
		<author>
			<persName xmlns="http://www.tei-c.org/ns/1.0"><forename type="first">M</forename><surname>Chow</surname></persName>
		</author>
		<author>
			<persName xmlns="http://www.tei-c.org/ns/1.0"><forename type="first">D</forename><surname>Meisner</surname></persName>
		</author>
		<author>
			<persName xmlns="http://www.tei-c.org/ns/1.0"><forename type="first">J</forename><surname>Flinn</surname></persName>
		</author>
		<author>
			<persName xmlns="http://www.tei-c.org/ns/1.0"><forename type="first">D</forename><surname>Peek</surname></persName>
		</author>
		<author>
			<persName xmlns="http://www.tei-c.org/ns/1.0"><forename type="first">T</forename><forename type="middle">F</forename><surname>Wenisch</surname></persName>
		</author>
	</analytic>
	<monogr>
		<title level="m">11th USENIX Symposium on Operating Systems Design and Implementation</title>
		<imprint>
			<date type="published" when="2014-10" />
		</imprint>
	</monogr>
</biblStruct>

<biblStruct xml:id="b18">
	<monogr>
		<title level="m" type="main">QuickCheck: A Lightweight Tool for Random Testing of Haskell Programs</title>
		<author>
			<persName xmlns="http://www.tei-c.org/ns/1.0"><forename type="first">K</forename><surname>Claessen</surname></persName>
		</author>
		<author>
			<persName xmlns="http://www.tei-c.org/ns/1.0"><forename type="first">J</forename><surname>Hughes</surname></persName>
		</author>
		<imprint>
			<biblScope unit="page">0</biblScope>
		</imprint>
	</monogr>
</biblStruct>

<biblStruct xml:id="b19">
	<analytic>
		<title level="a" type="main">Bounded Model Checking Using Satisfiability Solving</title>
		<author>
			<persName xmlns="http://www.tei-c.org/ns/1.0"><forename type="first">E</forename><surname>Clarke</surname></persName>
		</author>
		<author>
			<persName xmlns="http://www.tei-c.org/ns/1.0"><forename type="first">A</forename><surname>Biere</surname></persName>
		</author>
		<author>
			<persName xmlns="http://www.tei-c.org/ns/1.0"><forename type="first">R</forename><surname>Raimi</surname></persName>
		</author>
		<author>
			<persName xmlns="http://www.tei-c.org/ns/1.0"><forename type="first">Y</forename><surname>Zhu</surname></persName>
		</author>
	</analytic>
	<monogr>
		<title level="j">Form. Methods Syst. Des</title>
		<imprint>
			<date type="published" when="2001-07" />
		</imprint>
	</monogr>
</biblStruct>

<biblStruct xml:id="b20">
	<analytic>
		<title level="a" type="main">Tracing the lineage of view data in a warehousing environment</title>
		<author>
			<persName xmlns="http://www.tei-c.org/ns/1.0"><forename type="first">Y</forename><surname>Cui</surname></persName>
		</author>
		<author>
			<persName xmlns="http://www.tei-c.org/ns/1.0"><forename type="first">J</forename><surname>Widom</surname></persName>
		</author>
		<author>
			<persName xmlns="http://www.tei-c.org/ns/1.0"><forename type="first">J</forename><forename type="middle">L</forename><surname>Wiener</surname></persName>
		</author>
	</analytic>
	<monogr>
		<title level="j">ACM Trans. Database Syst</title>
		<imprint>
			<date type="published" when="2000-06" />
		</imprint>
	</monogr>
</biblStruct>

<biblStruct xml:id="b21">
	<monogr>
		<title level="m" type="main">ORCHESTRA: A Fault Injection Environment for Distributed Systems</title>
		<author>
			<persName xmlns="http://www.tei-c.org/ns/1.0"><forename type="first">S</forename><surname>Dawson</surname></persName>
		</author>
		<author>
			<persName xmlns="http://www.tei-c.org/ns/1.0"><forename type="first">F</forename><surname>Jahanian</surname></persName>
		</author>
		<author>
			<persName xmlns="http://www.tei-c.org/ns/1.0"><forename type="first">T</forename><surname>Mitton</surname></persName>
		</author>
		<imprint>
			<date type="published" when="1996" />
			<publisher>FTCS</publisher>
		</imprint>
	</monogr>
	<note type="report_type">Tech. rep</note>
</biblStruct>

<biblStruct xml:id="b22">
	<analytic>
		<title level="a" type="main">Impossibility of Distributed Consensus with One Faulty Process</title>
		<author>
			<persName xmlns="http://www.tei-c.org/ns/1.0"><forename type="first">M</forename><forename type="middle">J</forename><surname>Fischer</surname></persName>
		</author>
		<author>
			<persName xmlns="http://www.tei-c.org/ns/1.0"><forename type="first">N</forename><forename type="middle">A</forename><surname>Lynch</surname></persName>
		</author>
		<author>
			<persName xmlns="http://www.tei-c.org/ns/1.0"><forename type="first">M</forename><forename type="middle">S</forename><surname>Paterson</surname></persName>
		</author>
	</analytic>
	<monogr>
		<title level="j">J. ACM</title>
		<imprint>
			<date type="published" when="1985-04" />
		</imprint>
	</monogr>
</biblStruct>

<biblStruct xml:id="b23">
	<analytic>
		<title level="a" type="main">On verifying fault tolerance of distributed protocols</title>
		<author>
			<persName xmlns="http://www.tei-c.org/ns/1.0"><forename type="first">D</forename><surname>Fisman</surname></persName>
		</author>
		<author>
			<persName xmlns="http://www.tei-c.org/ns/1.0"><forename type="first">O</forename><surname>Kupferman</surname></persName>
		</author>
		<author>
			<persName xmlns="http://www.tei-c.org/ns/1.0"><forename type="first">Y</forename><surname>Lustig</surname></persName>
		</author>
	</analytic>
	<monogr>
		<title level="m">Tools and Algorithms for the Construction and Analysis of Systems</title>
		<meeting><address><addrLine>Berlin Heidelberg</addrLine></address></meeting>
		<imprint>
			<publisher>Springer</publisher>
			<date type="published" when="2008" />
			<biblScope unit="volume">4963</biblScope>
		</imprint>
	</monogr>
</biblStruct>

<biblStruct xml:id="b24">
	<monogr>
		<ptr target="http://techblog.netflix.com/2014/10/fit-failure-injection-testing.html" />
		<title level="m">FIT : Failure Injection Testing</title>
		<imprint>
			<date type="published" when="2014" />
		</imprint>
	</monogr>
</biblStruct>

<biblStruct xml:id="b25">
	<analytic>
		<title level="a" type="main">Elections in a distributed computing system</title>
		<author>
			<persName xmlns="http://www.tei-c.org/ns/1.0"><forename type="first">H</forename><surname>Garcia-Molina</surname></persName>
		</author>
	</analytic>
	<monogr>
		<title level="j">IEEE Trans. Comput</title>
		<imprint>
			<date type="published" when="1982-01" />
		</imprint>
	</monogr>
</biblStruct>

<biblStruct xml:id="b26">
	<monogr>
		<title level="m" type="main">Elasticsearch:A definitive guide</title>
		<author>
			<persName xmlns="http://www.tei-c.org/ns/1.0"><forename type="first">C</forename><surname>Gormley</surname></persName>
		</author>
		<author>
			<persName xmlns="http://www.tei-c.org/ns/1.0"><forename type="first">Z</forename><surname>Tong</surname></persName>
		</author>
		<imprint/>
	</monogr>
</biblStruct>

<biblStruct xml:id="b27">
	<monogr>
		<title level="m" type="main">Provenance semirings</title>
		<author>
			<persName xmlns="http://www.tei-c.org/ns/1.0"><forename type="first">T</forename><forename type="middle">J</forename><surname>Green</surname></persName>
		</author>
		<author>
			<persName xmlns="http://www.tei-c.org/ns/1.0"><forename type="first">G</forename><surname>Karvounarakis</surname></persName>
		</author>
		<author>
			<persName xmlns="http://www.tei-c.org/ns/1.0"><forename type="first">V</forename><surname>Tannen</surname></persName>
		</author>
		<imprint>
			<biblScope unit="page">7</biblScope>
		</imprint>
	</monogr>
</biblStruct>

<biblStruct xml:id="b28">
	<monogr>
		<title level="m" type="main">Failure as a service (FaaS): A cloud service for large-scale, online failure drills</title>
		<author>
			<persName xmlns="http://www.tei-c.org/ns/1.0"><forename type="first">H</forename><forename type="middle">S</forename><surname>Gunawi</surname></persName>
		</author>
		<author>
			<persName xmlns="http://www.tei-c.org/ns/1.0"><forename type="first">T</forename><surname>Do</surname></persName>
		</author>
		<author>
			<persName xmlns="http://www.tei-c.org/ns/1.0"><forename type="first">J</forename><forename type="middle">M</forename><surname>Hellerstein</surname></persName>
		</author>
		<author>
			<persName xmlns="http://www.tei-c.org/ns/1.0"><forename type="first">I</forename><surname>Stoica</surname></persName>
		</author>
		<author>
			<persName xmlns="http://www.tei-c.org/ns/1.0"><forename type="first">D</forename><surname>Borthakur</surname></persName>
		</author>
		<author>
			<persName xmlns="http://www.tei-c.org/ns/1.0"><forename type="first">J</forename><surname>Robbins</surname></persName>
		</author>
		<imprint>
			<date type="published" when="2011" />
		</imprint>
		<respStmt>
			<orgName>EECS Department, University of California, Berkeley</orgName>
		</respStmt>
	</monogr>
	<note type="report_type">Tech. rep.</note>
</biblStruct>

<biblStruct xml:id="b29">
	<monogr>
		<author>
			<persName xmlns="http://www.tei-c.org/ns/1.0"><forename type="first">H</forename><forename type="middle">S</forename><surname>Gunawi</surname></persName>
		</author>
		<author>
			<persName xmlns="http://www.tei-c.org/ns/1.0"><forename type="first">T</forename><surname>Do</surname></persName>
		</author>
		<author>
			<persName xmlns="http://www.tei-c.org/ns/1.0"><forename type="first">P</forename><surname>Joshi</surname></persName>
		</author>
		<author>
			<persName xmlns="http://www.tei-c.org/ns/1.0"><forename type="first">P</forename><surname>Alvaro</surname></persName>
		</author>
		<author>
			<persName xmlns="http://www.tei-c.org/ns/1.0"><forename type="first">J</forename><forename type="middle">M</forename><surname>Heller-Stein</surname></persName>
		</author>
		<author>
			<persName xmlns="http://www.tei-c.org/ns/1.0"><forename type="first">A</forename><forename type="middle">C</forename><surname>Arpaci-Dusseau</surname></persName>
		</author>
		<author>
			<persName xmlns="http://www.tei-c.org/ns/1.0"><forename type="first">R</forename><forename type="middle">H</forename><surname>Arpaci-Dusseau</surname></persName>
		</author>
		<author>
			<persName xmlns="http://www.tei-c.org/ns/1.0"><forename type="first">K</forename><surname>Sen</surname></persName>
		</author>
		<author>
			<persName xmlns="http://www.tei-c.org/ns/1.0"><forename type="first">D</forename><surname>Borthakur</surname></persName>
		</author>
		<title level="m">A Framework for Cloud Recovery Testing. NSDI&apos;11</title>
		<imprint/>
	</monogr>
</biblStruct>

<biblStruct xml:id="b30">
	<analytic>
		<title level="a" type="main">Ironfleet: Proving practical distributed systems correct</title>
		<author>
			<persName xmlns="http://www.tei-c.org/ns/1.0"><forename type="first">C</forename><surname>Hawblitzel</surname></persName>
		</author>
		<author>
			<persName xmlns="http://www.tei-c.org/ns/1.0"><forename type="first">J</forename><surname>Howell</surname></persName>
		</author>
		<author>
			<persName xmlns="http://www.tei-c.org/ns/1.0"><forename type="first">M</forename><surname>Kapritsos</surname></persName>
		</author>
		<author>
			<persName xmlns="http://www.tei-c.org/ns/1.0"><forename type="first">J</forename><surname>Lorch</surname></persName>
		</author>
		<author>
			<persName xmlns="http://www.tei-c.org/ns/1.0"><forename type="first">B</forename><surname>Parno</surname></persName>
		</author>
		<author>
			<persName xmlns="http://www.tei-c.org/ns/1.0"><forename type="first">M</forename><forename type="middle">L</forename><surname>Roberts</surname></persName>
		</author>
		<author>
			<persName xmlns="http://www.tei-c.org/ns/1.0"><forename type="first">S</forename><surname>Setty</surname></persName>
		</author>
		<author>
			<persName xmlns="http://www.tei-c.org/ns/1.0"><forename type="first">B</forename><surname>Zill</surname></persName>
		</author>
	</analytic>
	<monogr>
		<title level="m">Proceedings of the ACM Symposium on Operating Systems Principles (SOSP</title>
		<meeting>the ACM Symposium on Operating Systems Principles (SOSP</meeting>
		<imprint>
			<publisher>ACM</publisher>
			<date type="published" when="2015-10" />
		</imprint>
	</monogr>
</biblStruct>

<biblStruct xml:id="b31">
	<analytic>
		<title level="a" type="main">The Declarative Imperative: Experiences and conjectures in distributed logic</title>
		<author>
			<persName xmlns="http://www.tei-c.org/ns/1.0"><forename type="first">J</forename><forename type="middle">M</forename><surname>Hellerstein</surname></persName>
		</author>
	</analytic>
	<monogr>
		<title level="j">SIGMOD Record</title>
		<imprint>
			<date type="published" when="2010" />
		</imprint>
	</monogr>
</biblStruct>

<biblStruct xml:id="b32">
	<monogr>
		<title level="m" type="main">The SPIN Model Checker: Primer and Reference Manual</title>
		<author>
			<persName xmlns="http://www.tei-c.org/ns/1.0"><forename type="first">G</forename><surname>Holzmann</surname></persName>
		</author>
		<imprint>
			<date type="published" when="2003" />
			<publisher>Addison-Wesley Professional</publisher>
		</imprint>
	</monogr>
</biblStruct>

<biblStruct xml:id="b33">
	<monogr>
		<author>
			<persName xmlns="http://www.tei-c.org/ns/1.0"><forename type="first">P</forename><surname>Hunt</surname></persName>
		</author>
		<author>
			<persName xmlns="http://www.tei-c.org/ns/1.0"><forename type="first">M</forename><surname>Konar</surname></persName>
		</author>
		<author>
			<persName xmlns="http://www.tei-c.org/ns/1.0"><forename type="first">F</forename><forename type="middle">P</forename><surname>Junqueira</surname></persName>
		</author>
		<author>
			<persName xmlns="http://www.tei-c.org/ns/1.0"><forename type="first">B</forename><surname>Reed</surname></persName>
		</author>
		<author>
			<persName xmlns="http://www.tei-c.org/ns/1.0"><surname>Zookeeper</surname></persName>
		</author>
		<title level="m">Wait-free Coordination for Internet-scale Systems. USENIX ATC&apos;10</title>
		<imprint/>
	</monogr>
</biblStruct>

<biblStruct xml:id="b34">
	<monogr>
		<title level="m" type="main">Software Abstractions: Logic, Language, and Analysis</title>
		<author>
			<persName xmlns="http://www.tei-c.org/ns/1.0"><forename type="first">D</forename><surname>Jackson</surname></persName>
		</author>
		<imprint>
			<date type="published" when="2006" />
			<publisher>The MIT Press</publisher>
		</imprint>
	</monogr>
</biblStruct>

<biblStruct xml:id="b35">
	<monogr>
		<title level="m" type="main">Querying data provenance</title>
		<author>
			<persName xmlns="http://www.tei-c.org/ns/1.0"><forename type="first">G</forename><surname>Karvounarakis</surname></persName>
		</author>
		<author>
			<persName xmlns="http://www.tei-c.org/ns/1.0"><forename type="first">Z</forename><forename type="middle">G</forename><surname>Ives</surname></persName>
		</author>
		<author>
			<persName xmlns="http://www.tei-c.org/ns/1.0"><forename type="first">V</forename><surname>Tannen</surname></persName>
		</author>
		<imprint>
			<biblScope unit="page">10</biblScope>
		</imprint>
	</monogr>
</biblStruct>

<biblStruct xml:id="b36">
	<monogr>
		<author>
			<persName xmlns="http://www.tei-c.org/ns/1.0"><forename type="first">C</forename><forename type="middle">E</forename><surname>Killian</surname></persName>
		</author>
		<author>
			<persName xmlns="http://www.tei-c.org/ns/1.0"><forename type="first">J</forename><forename type="middle">W</forename><surname>Anderson</surname></persName>
		</author>
		<author>
			<persName xmlns="http://www.tei-c.org/ns/1.0"><forename type="first">R</forename><surname>Jhala</surname></persName>
		</author>
		<author>
			<persName xmlns="http://www.tei-c.org/ns/1.0"><forename type="first">A</forename><surname>Vahdat</surname></persName>
		</author>
		<author>
			<persName xmlns="http://www.tei-c.org/ns/1.0"><surname>Life</surname></persName>
		</author>
		<title level="m">Death, and the Critical Transition: Finding Liveness Bugs in Systems Code. NSDI&apos;07</title>
		<imprint/>
	</monogr>
</biblStruct>

<biblStruct xml:id="b37">
	<analytic>
		<title level="a" type="main">The Part-time Parliament</title>
		<author>
			<persName xmlns="http://www.tei-c.org/ns/1.0"><forename type="first">L</forename><surname>Lamport</surname></persName>
		</author>
	</analytic>
	<monogr>
		<title level="j">ACM Transactions on Computer Systems</title>
		<imprint>
			<date type="published" when="1998-05" />
		</imprint>
	</monogr>
</biblStruct>

<biblStruct xml:id="b38">
	<analytic>
		<title level="a" type="main">SAMC: semantic-aware model checking for fast discovery of deep bugs in cloud systems</title>
		<author>
			<persName xmlns="http://www.tei-c.org/ns/1.0"><forename type="first">T</forename><surname>Leesatapornwongsa</surname></persName>
		</author>
		<author>
			<persName xmlns="http://www.tei-c.org/ns/1.0"><forename type="first">M</forename><surname>Hao</surname></persName>
		</author>
		<author>
			<persName xmlns="http://www.tei-c.org/ns/1.0"><forename type="first">P</forename><surname>Joshi</surname></persName>
		</author>
		<author>
			<persName xmlns="http://www.tei-c.org/ns/1.0"><forename type="first">J</forename><forename type="middle">F</forename><surname>Lukman</surname></persName>
		</author>
		<author>
			<persName xmlns="http://www.tei-c.org/ns/1.0"><forename type="first">H</forename><forename type="middle">S</forename><surname>Gunawi</surname></persName>
		</author>
	</analytic>
	<monogr>
		<title level="m">11th USENIX Symposium on Operating Systems Design and Implementation, OSDI &apos;14</title>
		<meeting><address><addrLine>Broomfield, CO, USA</addrLine></address></meeting>
		<imprint>
			<date type="published" when="2014" />
		</imprint>
	</monogr>
</biblStruct>

<biblStruct xml:id="b39">
	<monogr>
		<author>
			<persName xmlns="http://www.tei-c.org/ns/1.0"><forename type="first">W</forename><surname>Lin</surname></persName>
		</author>
		<author>
			<persName xmlns="http://www.tei-c.org/ns/1.0"><forename type="first">M</forename><surname>Yang</surname></persName>
		</author>
		<author>
			<persName xmlns="http://www.tei-c.org/ns/1.0"><forename type="first">L</forename><surname>Zhang</surname></persName>
		</author>
		<author>
			<persName xmlns="http://www.tei-c.org/ns/1.0"><forename type="first">L</forename><surname>Zhou</surname></persName>
		</author>
		<author>
			<persName xmlns="http://www.tei-c.org/ns/1.0"><surname>Pacifica</surname></persName>
		</author>
		<title level="m">Replication in Log-Based Distributed Storage Systems. Tech. rep</title>
		<imprint>
			<date type="published" when="2008" />
		</imprint>
	</monogr>
</biblStruct>

<biblStruct xml:id="b40">
	<analytic>
		<title level="a" type="main">An empirical study of the reliability of unix utilities</title>
		<author>
			<persName xmlns="http://www.tei-c.org/ns/1.0"><forename type="first">B</forename><forename type="middle">P</forename><surname>Miller</surname></persName>
		</author>
		<author>
			<persName xmlns="http://www.tei-c.org/ns/1.0"><forename type="first">L</forename><surname>Fredriksen</surname></persName>
		</author>
		<author>
			<persName xmlns="http://www.tei-c.org/ns/1.0"><forename type="first">B</forename><surname>So</surname></persName>
		</author>
	</analytic>
	<monogr>
		<title level="j">Commun. ACM</title>
		<imprint>
			<biblScope unit="volume">33</biblScope>
			<date type="published" when="1990" />
		</imprint>
	</monogr>
</biblStruct>

<biblStruct xml:id="b41">
	<monogr>
		<title level="m" type="main">Distributed Systems, second ed</title>
		<author>
			<persName xmlns="http://www.tei-c.org/ns/1.0"><forename type="first">S</forename><surname>Mullender</surname></persName>
		</author>
		<author>
			<persName xmlns="http://www.tei-c.org/ns/1.0"><surname>Ed</surname></persName>
		</author>
		<imprint>
			<date type="published" when="1993" />
			<publisher>Addison-Wesley</publisher>
		</imprint>
	</monogr>
</biblStruct>

<biblStruct xml:id="b42">
	<monogr>
		<title level="m" type="main">Provenance-aware storage systems</title>
		<author>
			<persName xmlns="http://www.tei-c.org/ns/1.0"><forename type="first">K.-K</forename><surname>Muniswamy-Reddy</surname></persName>
		</author>
		<author>
			<persName xmlns="http://www.tei-c.org/ns/1.0"><forename type="first">D</forename><forename type="middle">A</forename><surname>Holland</surname></persName>
		</author>
		<author>
			<persName xmlns="http://www.tei-c.org/ns/1.0"><forename type="first">U</forename><surname>Braun</surname></persName>
		</author>
		<author>
			<persName xmlns="http://www.tei-c.org/ns/1.0"><forename type="first">M</forename><surname>Seltzer</surname></persName>
		</author>
		<imprint>
			<biblScope unit="page">6</biblScope>
		</imprint>
	</monogr>
</biblStruct>

<biblStruct xml:id="b43">
	<analytic>
		<title level="a" type="main">CMC: A Pragmatic Approach to Model Checking Real Code</title>
		<author>
			<persName xmlns="http://www.tei-c.org/ns/1.0"><forename type="first">M</forename><surname>Musuvathi</surname></persName>
		</author>
		<author>
			<persName xmlns="http://www.tei-c.org/ns/1.0"><forename type="first">D</forename><forename type="middle">Y W</forename><surname>Park</surname></persName>
		</author>
		<author>
			<persName xmlns="http://www.tei-c.org/ns/1.0"><forename type="first">A</forename><surname>Chou</surname></persName>
		</author>
		<author>
			<persName xmlns="http://www.tei-c.org/ns/1.0"><forename type="first">D</forename><forename type="middle">R</forename><surname>Engler</surname></persName>
		</author>
		<author>
			<persName xmlns="http://www.tei-c.org/ns/1.0"><forename type="first">D</forename><forename type="middle">L</forename><surname>Dill</surname></persName>
		</author>
	</analytic>
	<monogr>
		<title level="j">SIGOPS Oper. Syst. Rev</title>
		<imprint>
			<date type="published" when="2002" />
		</imprint>
	</monogr>
</biblStruct>

<biblStruct xml:id="b44">
	<monogr>
		<title level="m" type="main">AND NEAMTIU, I. Finding and Reproducing Heisenbugs in Concurrent Programs</title>
		<author>
			<persName xmlns="http://www.tei-c.org/ns/1.0"><forename type="first">M</forename><surname>Musuvathi</surname></persName>
		</author>
		<author>
			<persName xmlns="http://www.tei-c.org/ns/1.0"><forename type="first">S</forename><surname>Qadeer</surname></persName>
		</author>
		<author>
			<persName xmlns="http://www.tei-c.org/ns/1.0"><forename type="first">T</forename><surname>Ball</surname></persName>
		</author>
		<author>
			<persName xmlns="http://www.tei-c.org/ns/1.0"><forename type="first">G</forename><surname>Basler</surname></persName>
		</author>
		<author>
			<persName xmlns="http://www.tei-c.org/ns/1.0"><forename type="first">P</forename><forename type="middle">A</forename><surname>Nainar</surname></persName>
		</author>
		<imprint>
			<biblScope unit="page">8</biblScope>
		</imprint>
	</monogr>
</biblStruct>

<biblStruct xml:id="b45">
	<monogr>
		<author>
			<persName xmlns="http://www.tei-c.org/ns/1.0"><forename type="first">D</forename><surname>Ongaro</surname></persName>
		</author>
		<author>
			<persName xmlns="http://www.tei-c.org/ns/1.0"><surname>Runway</surname></persName>
		</author>
		<title level="m">A New Tool for Distributed Systems Design. USENIX ;login (Fall</title>
		<imprint>
			<date type="published" when="2016" />
		</imprint>
	</monogr>
</biblStruct>

<biblStruct xml:id="b46">
	<monogr>
		<author>
			<persName xmlns="http://www.tei-c.org/ns/1.0"><forename type="first">D</forename><surname>Ongaro</surname></persName>
		</author>
		<author>
			<persName xmlns="http://www.tei-c.org/ns/1.0"><forename type="first">J</forename><surname>Ousterhout</surname></persName>
		</author>
		<title level="m">Search of an Understandable Consensus Algorithm. USENIX ATC&apos;14</title>
		<imprint/>
	</monogr>
</biblStruct>

<biblStruct xml:id="b47">
	<monogr>
		<title level="m" type="main">CamFlow: Managed Data-sharing for Cloud Services</title>
		<author>
			<persName xmlns="http://www.tei-c.org/ns/1.0"><forename type="first">T</forename><forename type="middle">F J</forename><surname>Pasquier</surname></persName>
		</author>
		<author>
			<persName xmlns="http://www.tei-c.org/ns/1.0"><forename type="first">J</forename><surname>Singh</surname></persName>
		</author>
		<author>
			<persName xmlns="http://www.tei-c.org/ns/1.0"><forename type="first">D</forename><forename type="middle">M</forename><surname>Eyers</surname></persName>
		</author>
		<author>
			<persName xmlns="http://www.tei-c.org/ns/1.0"><forename type="first">J</forename><surname>Bacon</surname></persName>
		</author>
		<imprint>
			<date type="published" when="2015" />
			<publisher>CoRR</publisher>
		</imprint>
	</monogr>
</biblStruct>

<biblStruct xml:id="b48">
	<monogr>
		<title level="m" type="main">Using molly to model and test data replication in elasticseach</title>
		<author>
			<persName xmlns="http://www.tei-c.org/ns/1.0"><forename type="first">K</forename><surname>Ramasubramnaian</surname></persName>
		</author>
		<author>
			<persName xmlns="http://www.tei-c.org/ns/1.0"><forename type="first">B</forename><surname>Leskes</surname></persName>
		</author>
		<imprint>
			<date type="published" when="2017" />
		</imprint>
	</monogr>
</biblStruct>

<biblStruct xml:id="b49">
	<analytic>
		<title level="a" type="main">Automated Systematic Testing of Open Distributed Programs</title>
		<author>
			<persName xmlns="http://www.tei-c.org/ns/1.0"><forename type="first">K</forename><surname>Sen</surname></persName>
		</author>
		<author>
			<persName xmlns="http://www.tei-c.org/ns/1.0"><forename type="first">G</forename><surname>Agha</surname></persName>
		</author>
	</analytic>
	<monogr>
		<title level="m">Fundamental Approaches to Software Engineering</title>
		<editor>L. Baresi and R. Heckel</editor>
		<imprint>
			<date type="published" when="2006" />
			<biblScope unit="volume">3922</biblScope>
		</imprint>
	</monogr>
</biblStruct>

<biblStruct xml:id="b50">
	<analytic>
		<title level="a" type="main">Dapper, a Large-Scale Distributed Systems Tracing Infrastructure</title>
		<author>
			<persName xmlns="http://www.tei-c.org/ns/1.0"><forename type="first">B</forename><forename type="middle">H</forename><surname>Sigelman</surname></persName>
		</author>
		<author>
			<persName xmlns="http://www.tei-c.org/ns/1.0"><forename type="first">L</forename><forename type="middle">A</forename><surname>Barroso</surname></persName>
		</author>
		<author>
			<persName xmlns="http://www.tei-c.org/ns/1.0"><forename type="first">M</forename><surname>Burrows</surname></persName>
		</author>
		<author>
			<persName xmlns="http://www.tei-c.org/ns/1.0"><forename type="first">P</forename><surname>Stephenson</surname></persName>
		</author>
		<author>
			<persName xmlns="http://www.tei-c.org/ns/1.0"><forename type="first">M</forename><surname>Plakal</surname></persName>
		</author>
		<author>
			<persName xmlns="http://www.tei-c.org/ns/1.0"><forename type="first">D</forename><surname>Beaver</surname></persName>
		</author>
		<author>
			<persName xmlns="http://www.tei-c.org/ns/1.0"><forename type="first">S</forename><surname>Jaspan</surname></persName>
		</author>
		<author>
			<persName xmlns="http://www.tei-c.org/ns/1.0"><forename type="first">C</forename><surname>Shanbhag</surname></persName>
		</author>
	</analytic>
	<monogr>
		<title level="j">Tech. rep</title>
		<imprint>
			<date type="published" when="2010" />
			<publisher>Google, Inc</publisher>
		</imprint>
	</monogr>
</biblStruct>

<biblStruct xml:id="b51">
	<monogr>
		<title level="m" type="main">A Deep Dive into Simoorg: Our Open Source Failure Induction Framework</title>
		<imprint>
			<date type="published" when="2016" />
		</imprint>
	</monogr>
</biblStruct>

<biblStruct xml:id="b52">
	<monogr>
		<title/>
		<author>
			<persName xmlns="http://www.tei-c.org/ns/1.0"><forename type="first">Y</forename><forename type="middle">J</forename><surname>Song</surname></persName>
		</author>
		<author>
			<persName xmlns="http://www.tei-c.org/ns/1.0"><forename type="first">F</forename><surname>Junqueira</surname></persName>
		</author>
		<author>
			<persName xmlns="http://www.tei-c.org/ns/1.0"><forename type="first">B</forename><surname>Reed</surname></persName>
		</author>
		<author>
			<persName xmlns="http://www.tei-c.org/ns/1.0"><surname>Bft</surname></persName>
		</author>
		<author>
			<persName xmlns="http://www.tei-c.org/ns/1.0"><surname>Skeptics</surname></persName>
		</author>
		<ptr target="http://www.sigops.org/sosp/sosp09/slides/song-slides-sosp09wip.pdf" />
		<imprint>
			<date type="published" when="2009" />
		</imprint>
	</monogr>
	<note>SOSP&apos;09 WIP Talk</note>
</biblStruct>

<biblStruct xml:id="b53">
	<analytic>
		<title level="a" type="main">Chord: A Scalable Peer-to-peer Lookup Service for Internet Applications</title>
		<author>
			<persName xmlns="http://www.tei-c.org/ns/1.0"><forename type="first">I</forename><surname>Stoica</surname></persName>
		</author>
		<author>
			<persName xmlns="http://www.tei-c.org/ns/1.0"><forename type="first">R</forename><surname>Morris</surname></persName>
		</author>
		<author>
			<persName xmlns="http://www.tei-c.org/ns/1.0"><forename type="first">D</forename><surname>Karger</surname></persName>
		</author>
		<author>
			<persName xmlns="http://www.tei-c.org/ns/1.0"><forename type="first">M</forename><forename type="middle">F</forename><surname>Kaashoek</surname></persName>
		</author>
		<author>
			<persName xmlns="http://www.tei-c.org/ns/1.0"><forename type="first">H</forename><surname>Balakrishnan</surname></persName>
		</author>
		<idno>SIG- COMM &apos;01</idno>
	</analytic>
	<monogr>
		<title level="m">Proceedings of the 2001 Conference on Applications, Technologies, Architectures, and Protocols for Computer Communications</title>
		<meeting>the 2001 Conference on Applications, Technologies, Architectures, and Protocols for Computer Communications</meeting>
		<imprint>
			<date type="published" when="2001" />
		</imprint>
	</monogr>
</biblStruct>

<biblStruct xml:id="b54">
	<analytic>
		<title level="a" type="main">Concurrency control and consistency of multiple copies of data in distributed ingres</title>
		<author>
			<persName xmlns="http://www.tei-c.org/ns/1.0"><forename type="first">M</forename><surname>Stonebraker</surname></persName>
		</author>
	</analytic>
	<monogr>
		<title level="j">IEEE Trans. Softw. Eng</title>
		<imprint>
			<date type="published" when="1979-05" />
		</imprint>
	</monogr>
</biblStruct>

<biblStruct xml:id="b55">
	<monogr>
		<title level="m" type="main">Chain Replication for Supporting High Throughput and Availability</title>
		<author>
			<persName xmlns="http://www.tei-c.org/ns/1.0"><forename type="first">R</forename><surname>Van Renesse</surname></persName>
		</author>
		<author>
			<persName xmlns="http://www.tei-c.org/ns/1.0"><forename type="first">F</forename><forename type="middle">B</forename><surname>Schneider</surname></persName>
		</author>
		<imprint>
			<biblScope unit="page">4</biblScope>
		</imprint>
	</monogr>
</biblStruct>

<biblStruct xml:id="b56">
	<monogr>
		<author>
			<persName xmlns="http://www.tei-c.org/ns/1.0"><forename type="first">M</forename><surname>Yabandeh</surname></persName>
		</author>
		<author>
			<persName xmlns="http://www.tei-c.org/ns/1.0"><forename type="first">N</forename><surname>Knezevic</surname></persName>
		</author>
		<author>
			<persName xmlns="http://www.tei-c.org/ns/1.0"><forename type="first">D</forename><surname>Kostic</surname></persName>
		</author>
		<author>
			<persName xmlns="http://www.tei-c.org/ns/1.0"><forename type="first">V</forename><surname>Kuncak</surname></persName>
		</author>
		<author>
			<persName xmlns="http://www.tei-c.org/ns/1.0"><surname>Crystalball</surname></persName>
		</author>
		<title level="m">Predicting and Preventing Inconsistencies in Deployed Distributed Systems. NSDI&apos;09</title>
		<imprint/>
	</monogr>
</biblStruct>

<biblStruct xml:id="b57">
	<monogr>
		<author>
			<persName xmlns="http://www.tei-c.org/ns/1.0"><forename type="first">J</forename><surname>Yang</surname></persName>
		</author>
		<author>
			<persName xmlns="http://www.tei-c.org/ns/1.0"><forename type="first">T</forename><surname>Chen</surname></persName>
		</author>
		<author>
			<persName xmlns="http://www.tei-c.org/ns/1.0"><forename type="first">M</forename><surname>Wu</surname></persName>
		</author>
		<author>
			<persName xmlns="http://www.tei-c.org/ns/1.0"><forename type="first">Z</forename><surname>Xu</surname></persName>
		</author>
		<author>
			<persName xmlns="http://www.tei-c.org/ns/1.0"><forename type="first">X</forename><surname>Liu</surname></persName>
		</author>
		<author>
			<persName xmlns="http://www.tei-c.org/ns/1.0"><forename type="first">H</forename><surname>Lin</surname></persName>
		</author>
		<author>
			<persName xmlns="http://www.tei-c.org/ns/1.0"><forename type="first">M</forename><surname>Yang</surname></persName>
		</author>
		<author>
			<persName xmlns="http://www.tei-c.org/ns/1.0"><forename type="first">F</forename><surname>Long</surname></persName>
		</author>
		<author>
			<persName xmlns="http://www.tei-c.org/ns/1.0"><forename type="first">L</forename><surname>Zhang</surname></persName>
		</author>
		<author>
			<persName xmlns="http://www.tei-c.org/ns/1.0"><forename type="first">L</forename><surname>Zhou</surname></persName>
		</author>
		<author>
			<persName xmlns="http://www.tei-c.org/ns/1.0"><surname>Modist</surname></persName>
		</author>
		<title level="m">Transparent Model Checking of Unmodified Distributed Systems. NSDI&apos;09</title>
		<imprint/>
	</monogr>
</biblStruct>

<biblStruct xml:id="b58">
	<monogr>
		<title level="m" type="main">Model checking tla+ specifications</title>
		<author>
			<persName xmlns="http://www.tei-c.org/ns/1.0"><forename type="first">Y</forename><surname>Yu</surname></persName>
		</author>
		<author>
			<persName xmlns="http://www.tei-c.org/ns/1.0"><forename type="first">P</forename><surname>Manolios</surname></persName>
		</author>
		<author>
			<persName xmlns="http://www.tei-c.org/ns/1.0"><forename type="first">L</forename><surname>Lamport</surname></persName>
		</author>
		<imprint>
			<biblScope unit="page">99</biblScope>
		</imprint>
	</monogr>
</biblStruct>

<biblStruct xml:id="b59">
	<monogr>
		<title level="m" type="main">Execution Synthesis: A Technique for Automated Software Debugging</title>
		<author>
			<persName xmlns="http://www.tei-c.org/ns/1.0"><forename type="first">C</forename><surname>Zamfir</surname></persName>
		</author>
		<author>
			<persName xmlns="http://www.tei-c.org/ns/1.0"><forename type="first">G</forename><surname>Candea</surname></persName>
		</author>
		<imprint>
			<biblScope unit="page">10</biblScope>
		</imprint>
	</monogr>
</biblStruct>

<biblStruct xml:id="b60">
	<analytic>
		<title level="a" type="main">Using lightweight modeling to understand chord. SIG-COMM Comput</title>
		<author>
			<persName xmlns="http://www.tei-c.org/ns/1.0"><forename type="first">P</forename><surname>Zave</surname></persName>
		</author>
	</analytic>
	<monogr>
		<title level="j">Commun. Rev</title>
		<imprint>
			<biblScope unit="volume">42</biblScope>
		</imprint>
	</monogr>
</biblStruct>

<biblStruct xml:id="b61">
	<monogr>
		<title level="m" type="main">Efficient querying and maintenance of network provenance at internet-scale</title>
		<author>
			<persName xmlns="http://www.tei-c.org/ns/1.0"><forename type="first">W</forename><surname>Zhou</surname></persName>
		</author>
		<author>
			<persName xmlns="http://www.tei-c.org/ns/1.0"><forename type="first">M</forename><surname>Sherr</surname></persName>
		</author>
		<author>
			<persName xmlns="http://www.tei-c.org/ns/1.0"><forename type="first">T</forename><surname>Tao</surname></persName>
		</author>
		<author>
			<persName xmlns="http://www.tei-c.org/ns/1.0"><forename type="first">X</forename><surname>Li</surname></persName>
		</author>
		<author>
			<persName xmlns="http://www.tei-c.org/ns/1.0"><forename type="first">B</forename><forename type="middle">T</forename><surname>Loo</surname></persName>
		</author>
		<author>
			<persName xmlns="http://www.tei-c.org/ns/1.0"><forename type="first">Y</forename><surname>Mao</surname></persName>
		</author>
		<imprint>
			<biblScope unit="page">10</biblScope>
		</imprint>
	</monogr>
</biblStruct>

				</listBibl>
			</div>
		</back>
	</text>
</TEI>
