<?xml version="1.0" encoding="UTF-8"?>
<TEI xml:space="preserve" xmlns="http://www.tei-c.org/ns/1.0" 
xmlns:xsi="http://www.w3.org/2001/XMLSchema-instance" 
xsi:schemaLocation="http://www.tei-c.org/ns/1.0 /Users/cindy/tmp/grobid-0.6.1/grobid-home/schemas/xsd/Grobid.xsd"
 xmlns:xlink="http://www.w3.org/1999/xlink">
	<teiHeader xml:lang="en">
		<fileDesc>
			<titleStmt>
				<title level="a" type="main">Combining Markov Random Fields and Convolutional Neural Networks for Image Synthesis</title>
			</titleStmt>
			<publicationStmt>
				<publisher/>
				<availability status="unknown"><licence/></availability>
				<date type="published" when="2016-01-18">18 Jan 2016</date>
			</publicationStmt>
			<sourceDesc>
				<biblStruct>
					<analytic>
						<author>
							<persName xmlns="http://www.tei-c.org/ns/1.0"><forename type="first">Chuan</forename><surname>Li</surname></persName>
							<affiliation key="aff0">
								<orgName type="institution">Johannes Gutenberg University</orgName>
								<address>
									<settlement>Mainz</settlement>
									<country key="DE">Germany</country>
								</address>
							</affiliation>
						</author>
						<author role="corresp">
							<persName xmlns="http://www.tei-c.org/ns/1.0"><forename type="first">Michael</forename><surname>Wand</surname></persName>
							<email>wandm@uni-mainz.de</email>
							<affiliation key="aff1">
								<orgName type="institution">Johannes Gutenberg University</orgName>
								<address>
									<settlement>Mainz</settlement>
									<country key="DE">Germany</country>
								</address>
							</affiliation>
						</author>
						<title level="a" type="main">Combining Markov Random Fields and Convolutional Neural Networks for Image Synthesis</title>
					</analytic>
					<monogr>
						<imprint>
							<date type="published" when="2016-01-18">18 Jan 2016</date>
						</imprint>
					</monogr>
					<idno type="arXiv">arXiv:1601.04589v1[cs.CV]</idno>
				</biblStruct>
			</sourceDesc>
		</fileDesc>
		<encodingDesc>
			<appInfo>
				<application version="0.6.1" ident="GROBID" when="2021-01-31T12:43+0000">
					<desc>GROBID - A machine learning software for extracting information from scholarly documents</desc>
					<ref target="https://github.com/kermitt2/grobid"/>
				</application>
			</appInfo>
		</encodingDesc>
		<profileDesc>
			<abstract>
				<p>This paper studies a combination of generative Markov random field (MRF) models and discriminatively trained deep convolutional neural networks (dCNNs) for synthesizing 2D images. The generative MRF acts on higher-levels of a dCNN feature pyramid, controling the image layout at an abstract level. We apply the method to both photographic and non-photo-realistic (artwork) synthesis tasks. The MRF regularizer prevents over-excitation artifacts and reduces implausible feature mixtures common to previous dCNN inversion approaches, permitting synthezing photographic content with increased visual plausibility. Unlike standard MRF-based texture synthesis, the combined system can both match and adapt local features with considerable variability, yielding results far out of reach of classic generative MRF methods.</p>
			</abstract>
		</profileDesc>
	</teiHeader>
	<text xml:lang="en">
		<body>
<div xmlns="http://www.tei-c.org/ns/1.0"><head n="1.">Introduction</head><p>The problem of synthesizing content by example is a classic problem in computer vision and graphics. It is of fundamental importance to many applications, including creative tools such as high-level interactive photo editing <ref type="bibr" target="#b0">[2,</ref><ref type="bibr" target="#b1">3,</ref><ref type="bibr" target="#b11">13]</ref>, as well as scientific applications, such as generating stimuli in psycho-physical experiments <ref type="bibr" target="#b7">[9]</ref>.</p><p>In this paper, we specifically consider the problem of data-driven image synthesis: Given an example image, we want to fully automatically create a variant of the example image that looks similar but differs in structure. The intended deviation is controlled by additional constraints provided by the user, ranging from just changing image dimensions to detailed layout specifications. Concretely, we implement this by splitting up the input into a "style" image and a "content" image <ref type="bibr" target="#b7">[9,</ref><ref type="bibr" target="#b11">13]</ref>. The first describes the building blocks the image should be made of, the second constrains their layout. <ref type="figure">Figure 1</ref> shows an example of style transferred images, where the input images are shown on <ref type="figure">Figure 1</ref>: By combining deep convolutional neural network with MRF prior, our method can transfer both photorealistic and non-photorealistic styles to new images. Images credited to flickr users mricon (A) and Peter Dahlgren (B). the left. Our results are are shown on the right. Notice our method produces plausible results for both art to photo and photo to art transfers. In particular, see how meso-structures in the style images, such as the mouth and eyes, are intentionally reused in the synthesized images.</p><p>The classic data-driven approach to generative image modeling is based on Markov random fields (MRFs): We assume that the most relevant statistical dependencies in an image are present at a local level and learn a distribution over the likelihood of local image patches by considering all local k × k pixel patches in the example image(s). Usually, this is done using a simple nearest-neighbor scheme <ref type="bibr" target="#b5">[7]</ref>, and inference is performed by approximate MRF inference <ref type="bibr" target="#b4">[6,</ref><ref type="bibr" target="#b13">15,</ref><ref type="bibr" target="#b14">16]</ref> or greedy approximations <ref type="bibr" target="#b1">[3,</ref><ref type="bibr" target="#b5">7,</ref><ref type="bibr" target="#b11">13,</ref><ref type="bibr" target="#b24">26]</ref>.</p><p>A critical limitation of MRFs texture synthesis is the difficulty of learning the distribution of plausible image patches from example data. Even the space of local k × k image patches (typically: k ≈ 5...31) is already way too high-dimensional to be covered with simple sampling and nearest-neighbor estimation. The results are mismatched local pieces, which are subsequently stitched <ref type="bibr" target="#b14">[16]</ref> or blended <ref type="bibr" target="#b13">[15]</ref> together in order to minimize the perceptual impact of the lack of ability to generalize. The missing ingredient is a strong scheme for interpolating and adapting images from very sparse example sets of sample patches. <ref type="figure">Figure 2</ref>: The input image is encoded by the VGG network (pixel colors show a 3D PCA embedding of the high-dimensiontal feature space). Related image content is mapped to semi-distributed, approximately spatially coherent feature constellations of increasing invariance <ref type="bibr" target="#b27">[29]</ref>. Input image credited to flickr user Emery Way.</p><p>In terms of invariance and ability to generalize, discriminatively trained deep convolutional neural networks have recently made dramatic impact <ref type="bibr" target="#b12">[14,</ref><ref type="bibr" target="#b22">24]</ref>. They are able to recognize complex classes of image features, modeling non-linear deformations and appearance variations far beyond the abilities of simple nearest neighbors search.</p><p>However, the discriminative design poses a problem: The corresponding dCNNs compress image information progressively over multiple pooling layers to a very coarse representation, which encodes semantically relevant feature descriptors in a semi-distributed (not spatially localized) fashion ( <ref type="figure">Figure 2</ref>). While an inverse process can be defined <ref type="bibr" target="#b2">[4,</ref><ref type="bibr" target="#b3">5,</ref><ref type="bibr" target="#b6">8,</ref><ref type="bibr" target="#b7">9,</ref><ref type="bibr" target="#b8">10,</ref><ref type="bibr" target="#b18">20,</ref><ref type="bibr" target="#b26">28,</ref><ref type="bibr" target="#b27">29]</ref>, it reamins difficult to control: For example, simply maximizing the class-excitation of the network leads to hallucinatory patterns <ref type="bibr" target="#b19">[21]</ref>. Rather than that, we need to reproduce the correct statistics for neural encoding in the synthesis images.</p><p>Addressing this problem, Gatys et al. <ref type="bibr" target="#b6">[8,</ref><ref type="bibr" target="#b7">9]</ref> have recently demonstrated remarkable results for transferring styles to guiding "content" images: Their method uses the filter pyramid of the VGG network <ref type="bibr" target="#b22">[24]</ref> as a higher-level representation of images, benefitting from the vast knowledge acquired through training the dCNN on millions of photographs. Then, feature layout is simply controlled by penalizing the difference of the high-level neural encoding of the newly synthesized image to that of the content image. Further, the process is regularized by matching feature statistics of the "style" image and the newly synthesized picture by matching the correlations across the various filter channels, captured by a Gram matrix. The method yields very impressive results for applying artistic styles of paintings to photographs <ref type="bibr" target="#b6">[8]</ref>. However, strict local plausibility remains difficult. In particular, using photographs as styles does not yield plausible results because only per-pixel feature correlations are captured at different layers and the spatial layout is constrained too weakly.</p><p>Our paper augments their framework by replacing the bag-of-feature-like statistics of Gram-matrix-matching by an MRF regularizer that maintains local patterns of the "style" exemplar: MRFs and dCNNs are a canonical combination -both models crucially rely on the assumption of locally correlated information and translational invariance. This equips the encoding of features in a dCNN with approximate Markovian consistency properties: Local patches have characteristic arrangements of feature activations to describe objects, and higher-up encoding becomes more invariant under in-class variation ( <ref type="figure">Figure 2</ref>). We therefore use the generative MRF model on such higher levels of the network (relu3 and relu4 of the 19-layer VGG network 1 ). This prescribes a plausible local layout of objects in terms of more abstract categories and, importantly, tries to ensure a consistent encoding of these higher-level features. The actual task of generalizing within object categories and plausible blending is then performed by the dCNN's lower levels via inversion <ref type="bibr" target="#b18">[20]</ref>.</p><p>Technically, we implement the additional MRF prior by an additional energy term that models Markovian consistency of the upper layers of the dCNN feature pyramid. We then utilize the EM algorithm of Kwatra et al. <ref type="bibr" target="#b13">[15]</ref> for MRF optimization: It easily integrates in the variational framework. Further, we will show that higher-level neural encodings are more perceptually linear, which matches well with the linear blending approach of the M-step.</p><p>We apply our method to a number of photo-realistic and non-photo-realistic image synthesis tasks, and show it is able to generalize among image patches far beyond the abilities of classic MRFs. In style-transfer scenarios, the combined method additionally benefits from the abilities of the dCNN to match semantically related image portions automatically, without user annotations. In comparison to previous methods that invert dCNNs, the MRF prior improves local plausibility of the feature layouts, avoiding hallucinatory artifacts and usually providing a more plausible mesostructure than the statistical approach of Gatys et al. <ref type="bibr" target="#b6">[8]</ref>. In particular, we can strongly improve the plausibility of synthesizing photographs, which was not possible with the previous methods.</p><p>Notice that in <ref type="figure">Figure 2</ref> layer relu5 shows the most discriminative encoding for single pixels. However, in practice we found using × 3 patches at layer relu4 produce the best synthesis results. Intuitively, using patches from a slightly lower layer has similar matching performance, but permits overlapped MRFs and increased details in synthesis.</p></div>
<div xmlns="http://www.tei-c.org/ns/1.0"><head n="2.">Related Work</head><p>Image synthesis with neural networks: The success of dCNNs in discriminative tasks <ref type="bibr" target="#b21">[23]</ref> has also raised interest in generative variants. Zeiler et al. <ref type="bibr" target="#b27">[29]</ref> introduce a deconvolutional network to back-project neuron activations to pixels. Similarly, Mahendran and Vedaldi <ref type="bibr" target="#b18">[20]</ref> reconstruct images from the neural encoding in intermediate layers. The work of Gatys et al <ref type="bibr" target="#b6">[8]</ref>, detailed above, can also be employed in unguided settings <ref type="bibr" target="#b7">[9]</ref>, outperforming traditional parametric texture synthesis which only uses a linear feature bank and no statistical priors <ref type="bibr" target="#b20">[22]</ref>.</p><p>A further approach is the framework of generative adversarial networks <ref type="bibr" target="#b9">[11]</ref>. Here, two networks, one as the discriminator and other as the generator iteratively improve each other by playing a minnimax game. In the end the generator is able to produces more natural images than naive image synthesis. However, in many cases the output quality is still rather limited. Gauthier et al. <ref type="bibr" target="#b8">[10]</ref> extend this model by a Laplacian pyramid. This leads to clear improvement on output quality. Nonetheless, training for large images remains expensive and the results often still lack structure. Denton et al. <ref type="bibr" target="#b2">[4]</ref> extend the model to a conditional setting, limited to generating faces. It is also possible to re-train networks for specific generative tasks, such as image deblur <ref type="bibr" target="#b26">[28]</ref>, super-resolution <ref type="bibr" target="#b3">[5]</ref>, and class visualization <ref type="bibr" target="#b17">[19]</ref>.</p><p>MRF-based image synthesis: MRFs are the classic framework for for non-parametric image synthesis <ref type="bibr" target="#b5">[7]</ref>. As explained in the introduction, a key issue is adapting local patches beyond simple stitching <ref type="bibr" target="#b14">[16]</ref> or blending <ref type="bibr" target="#b13">[15]</ref>, and our paper focuses on this issue. Aside from this, MRF models suffer from a second, significant limitation: Local image statistics is usually not sufficient for capturing complex image layouts at a global scale. While local details appear plausible, the global arrangement often merely resembles an unstructured "texture soup". Multi-resolution synthesis <ref type="bibr" target="#b11">[13,</ref><ref type="bibr" target="#b13">15,</ref><ref type="bibr" target="#b24">26]</ref> provides some improvement here (and we adapt this in our method, too), but a principled solution requires additional high-level constraints. These can be either explicitly provided by the user <ref type="bibr" target="#b0">[2,</ref><ref type="bibr" target="#b1">3,</ref><ref type="bibr" target="#b4">6,</ref><ref type="bibr" target="#b6">8,</ref><ref type="bibr" target="#b11">13,</ref><ref type="bibr" target="#b15">17,</ref><ref type="bibr" target="#b25">27]</ref>, or learned from non-local image statistics <ref type="bibr" target="#b10">[12,</ref><ref type="bibr" target="#b16">18,</ref><ref type="bibr" target="#b28">30]</ref>. Long range correlations have also been modeled by spatial LTSM neural networks; results so far are still limited to semiregular textures <ref type="bibr" target="#b23">[25]</ref>. Our paper opts for the first, simpler solution of explicit layout constraints through a "content" image <ref type="bibr" target="#b6">[8,</ref><ref type="bibr" target="#b11">13]</ref> -in principle, learning of global layout constraints is mostly orthogonal to our approach.</p></div>
<div xmlns="http://www.tei-c.org/ns/1.0"><head n="3.">Model</head><p>We now discuss our combined MRFs and dCNNs model for image synthesis. We assume that we are given a style image, denoted by x s ∈ R ws×hs , and a content image x c ∈ R wc×hc for guidance. The (yet unknown) synthesized image is denoted by x ∈ R wc×hc . We transfer the style of x s into the layout of x c by making the high-level neural encoding of x similar to x c , but using local patches similar to those of x s . The latter is the MRF prior that maintains the encoding of the style. Formally, x minimizes the following energy function:</p><formula xml:id="formula_0">x = arg min x E s (Φ(x), Φ(x s )) + α 1 E c (Φ(x), Φ(x c )) + α 2 Υ(x)<label>(1)</label></formula><p>E s denotes the style loss function (MRFs constraint), where Φ(x) is x's feature map from some layer in the network. E c is the content loss function. It computes the squared distance between the feature map of the synthesis image and that of the content guidance image x c . As shown in <ref type="bibr" target="#b6">[8,</ref><ref type="bibr" target="#b18">20]</ref>, minimizing E c generates an image that is contextually related to x c . The additional regularizer Υ(x) is a smoothness prior on the reconstruction. Next, we explain how to define these terms in details. MRFs loss function: Let Ψ(Φ(x)) denote the list of all local patches extracted from Φ(x) -a specified set of feature maps of x. Each "neural patch" is indexed as Ψ i (Φ(x)) and of the size k × k × C, where k is the width and height of the patch, and C is the number of channels for the layer where the patch is extracted from. We set the energy function to</p><formula xml:id="formula_1">E s (Φ(x), Φ(x s )) = m i=1 ||Ψ i (Φ(x)) − Ψ N N (i) (Φ(x s ))|| 2 (2)</formula><p>Here m is the cardinality of Ψ(Φ(x)). For each patch Ψ i (Φ(x)) we find its best matching patch</p><formula xml:id="formula_2">Ψ N N (i) (Φ(x s )) using normalized cross-correlation over all m s example patches in Ψ(Φ(x s )): N N (i) := arg min j=1,...,ms Ψ i (Φ(x)) • Ψ j (Φ(x s )) |Ψ i (Φ(x))| • |Ψ j (Φ(x s ))|<label>(3)</label></formula><p>We use normalized cross-correlation to achieves stronger invariance. The matching process can be efficiently executed by an additional convolutional layer (explained in the implement details). Notice although we use normalized cross-correlation to find the best match, their Euclidean distance is minimized in Equation 2 for producing an image that is visually close to the reference style. Content loss function: E c guides the content of the synthesized image by minimizing the squared Euclidean distance between Φ(x) and Φ(x c ):</p><formula xml:id="formula_3">E c (Φ(x), Φ(x c )) = ||Φ(x) − Φ(x c )|| 2<label>(4)</label></formula><p>Regularizer: There is significant amount of low-level image information discarded during the discriminative training of the network. In consequence, reconstructing an image from its neural encoding can be noisy and unnatural. For this reason, we penalize the squared gradient norm <ref type="bibr" target="#b18">[20]</ref> to encourage smoothness in the synthesized image:</p><formula xml:id="formula_4">Υ(x) = i,j (x i,j+1 − x i,j ) 2 + (x i+1,j − x i,j ) 2<label>(5)</label></formula><p>Minimization: We minimize Equation 1 using backpropagation with Limited-memory BFGS. In particular, the gradient of E s with respect to the feature maps is the element-wise difference between Φ(x) and their MRFs based reconstruction using patches from Φ(x s ). Such a reconstruction is essentially a texture optimization process <ref type="bibr" target="#b13">[15]</ref> that uses neural patches instead of pixel patches. It is crucially important to optimize this MRF energy at the neural level, as the traditional pixel based texture optimization will not be able produce results of comparable quality.</p><p>Weight The α 1 and α 2 are weights for the content constraint and the natural image prior, respectively. We set α 1 = 0 for non-guided synthesis. By default we set α 1 = 1 for style transfer, while user can fine tune this value to interpolate between the content and the style. α 2 is fixed to 0.001 for all cases.</p></div>
<div xmlns="http://www.tei-c.org/ns/1.0"><head n="4.">Analysis</head><p>Our key insight is that combining MRF priors with dCNN can significantly improve synthesis quality. This section provides a detailed analysis of our method from three perspectives: we first show compared to pixel values, neural activation leads to better patch matching and blending. We then show how MRFs can further improve the results. </p></div>
<div xmlns="http://www.tei-c.org/ns/1.0"><head n="4.1.">Neural Matching</head><p>A key component of non-parametric image synthesis is to match the synthesized data with the example. <ref type="figure">(Figure  is</ref> a toy example that shows neural activation gives better matching than pixels. The task is to match two different car images. The first column contains the query patches from one car; every other column shows the best matching in the other car, found at different feature maps (including the pixel layer).</p><p>It is clear that patch matching using pixels or neural activation at the lower layers (such as relu2 1) is sensitive to appearance variation. The neural activations at layers relu3 and relu4 give better results. The top layers (relu5 1) seem to decrease the match quality due to the increasing invariance against appearance variation. This is not surprising because the features at middle layers are usually trained for recognizing object parts, as discussed in <ref type="bibr" target="#b27">[29]</ref>. For these reason, we use neural patches at layers relu3 and relu4 as MRFs to constrain the synthesis process.</p></div>
<div xmlns="http://www.tei-c.org/ns/1.0"><head n="4.2.">Neural Blending</head><p>The least-squared optimization for minimizing the texture term (E s in Equation 2) leads to a linear blending operation for overlapping patches. Here we show that blending neural patches often works better than directly blending pixel patches. Specifically, we compare two groups of blending results: The first method is to directly blend the pixels of two input patches. The second method passes these patches through the network and blend their neural activations at different layers. For each layer, we then reconstruct the blending result back into the pixel space using the method described in <ref type="bibr" target="#b18">[20]</ref>. <ref type="figure" target="#fig_1">Figure 4</ref> compares the results of these two methods. The first two columns are the input patches A and B for blending. They are intentionally chosen to be semantically related and structurally similar, but are significantly different <ref type="figure">Figure 5</ref>: Effect of MRFs prior in neural based synthesis. We do not show the example patches here because they are almost visually identical to the synthesized patches cropped from our results (top). In contrast, patches cropped from <ref type="bibr" target="#b6">[8]</ref>'s synthesis results have severe distortion and smear (bottom).</p><p>in pixel values. The third column shows the average of these two patches. Each of the remaining column shows the reconstruction of the blending at a different layer. It is clear that pixel based and neural based blending give very different results: averaging the pixels often gives strong ghost artifacts. This can be reduced as we dive deeper into the network: through experiments we observed that the middle level layers such as relu3 1 and relu4 1 often give more meaningful blendings. Lower layers such as relu2 1 behave similarly to pixels; reconstruction from layers beyond relu4 tends to be too fuzzy to be used for synthesis. This also matches our previous observation of middle layers' privilege for patch matching -because a representation that gives better discriminative performance is more robust to noise and enables better interpolation.</p></div>
<div xmlns="http://www.tei-c.org/ns/1.0"><head n="4.3.">Effect of the MRF Prior</head><p>Despite the advantages in patch matching and blending, it is still possible for a dCNN to generate implausible results. For example, the matched patches from different layers might not always fire at the same place in the image space, indicated by the offsets between the patches found at layer relu3 and relu4 <ref type="figure" target="#fig_0">(Figure 3)</ref>. The blending may also produce artifacts, for example, the destructed face of the dog <ref type="figure" target="#fig_1">(relu4 1, figure 4</ref>) and the ghosting eyes of the cat <ref type="figure" target="#fig_0">(relu3 1, figure 4)</ref>. Extreme cases can be found at <ref type="bibr" target="#b19">[21]</ref> which produces hallucinogenic images by simply stimulating neural activations without any constraint of the natural image statistics.</p><p>More natural results can be obtained through additional regularizer such as smothness (total variation) or the Gram matrix of pixel-wise filter responses <ref type="bibr" target="#b18">[20,</ref><ref type="bibr" target="#b6">8]</ref>. Our approach adds an MRF regularizer to the middle / upper levels of the network. To show the benefits of the MRFs prior, we compare the synthesis results with and without the constraint. We compare against the "style constraint" based on matching Gram matrices from <ref type="bibr" target="#b6">[8]</ref>. <ref type="figure">Figure 5</ref> validates the intended improvements in local consistency. The first row shows im-age patches cropped from our results. They are visually consistent to the patches in the original style images. In contrast, <ref type="bibr" target="#b6">[8]</ref> produces artifacts such as distortions and smears. The new MRF prior reduces flexibility in local adaptation in favor of reproducing meso-scale features more faithfully.</p></div>
<div xmlns="http://www.tei-c.org/ns/1.0"><head n="5.">Implementation Details</head><p>This section describes implementation details of our algorithm <ref type="bibr" target="#b0">2</ref> . We use the pre-trained 19-layer VGG-Network from <ref type="bibr" target="#b22">[24]</ref>. The synthesis x is initialized as random noise, and iteratively updated by minimizing Equation using back-propagation. We use layer relu3 and relu4 for MRFs prior, and layer relu4 for content constraint.</p><p>For both layer relu3 and relu4 we use 3 × 3 patches. To achieve the best synthesis quality we set the stride to one so patches are very densely sampled. The patch matching (Equation 3) is implemented as an additional convolutional layer for fast computation. In this case patches sampled from the style image are treated as the filters. The best matching of a query patch is the filter that gives the maximum response. We can pre-computed the magnitude of the filters (||Ψ i (Φ(x t ))|| in Equation 3) as they will not change during the synthesis. Unfortunately the magnitude of patches in the synthesized image (||Ψ i (Φ(x))||) needs to be computed on the fly.</p><p>In practice we use a multi-resolution process: We built a image pyramid using the scaling factor of two, and stop when the longest dimension of the synthesized image is less than 64 pixels. The reference texture and reference content images are scaled accordingly. We perform 200 iterations for each resolution, and the output of the previous resolution is bi-linearly up-sampled as the initialization for the next resolution. We implement our algorithm under the Torch framework. Our algorithm take about three minutes to synthesis an image of size 384×384 with a Titan X GPU.</p><p>To partially overcome the perspective and scale difference between the style and the content images, we sample patches from a number of copies of the style image with different rotations and scales: we use seven scales {0.85, 0.9, 0.95, 1, 1.05, 1.1, 1.15}, and for each scale we create five rotational copies {− π , − π , 0, π , π }. Since increasing the number of patches is computational expensive, in practice we only use the rotational copies for objects that can deform -for example faces.</p></div>
<div xmlns="http://www.tei-c.org/ns/1.0"><head n="6.">Results</head><p>This section discusses our results. Here we focus on style transfer and refer readers to our supplementary material for the results of un-guided synthesis. As discussed later in this section, our method has strong restriction with the input data, so a formal user study is less meaningful. For</p><p>We release code at: https://github.com/chuanli11/CNNMRF this reason, our evaluation is performed by demonstrating our method with a number of typical successful and failure cases, with comparisons and discussions related to the state of the art neural based image stylization method <ref type="bibr" target="#b6">[8]</ref>. We refer readers to our supplementary report for more results. <ref type="figure" target="#fig_2">Figure 6</ref> shows two examples of stylizing photos by artwork. The input photos (left) are stylized using Pablo Picasso's "Self-portrait 1907" and Wassily Kandinsky's "Composition VIII", respectively. In both cases, Gatys et al.'s <ref type="bibr" target="#b6">[8]</ref> method (middle) achieves interesting results, preserving the content of the photos and the overall look and feel of the artworks. However, there are weaknesses on closer inspection: The first result (top row) contains many unnecessary details, and the eyes look unnatural. Their second result lost the characteristic shapes in the original painting and partially blends with the content exemplar. In contrast, our first result synthesized more plausible facial features. In the second result, our method also resembles the style better: notice the important facial features such as eyes and the mouth are synthesized as simple shapes, and the hair as regions of dark color. <ref type="figure" target="#fig_3">Figure 7</ref> shows two examples of photorealsitic synthesis. We transfer the style of a vintage car to two different modern vehicles. Notice the lack of photo-realistic details and strong smears in <ref type="bibr" target="#b6">[8]</ref>'s results. With the MRFs constraint (right) our results are closer to photorealistic.</p><p>From an informal user study, we observed that <ref type="bibr" target="#b6">[8]</ref> usually keeps the content better, and our method produces more accurate styles. <ref type="figure" target="#fig_4">Figure 8</ref> gives detailed analysis between these two different characters. Here we show three patches from the content image (red boxes), and their closet matches from the style image and the synthesis images (using neural level matching). Notice our method produces more plausible results when a good match can be found between the content and the style images (the first patch), and performs less well when mis-matching happens (the second patch, where our synthesis deviates from the content image). For the third patch, there is no matching can be found for the car. In this case, our method replaces the car with texture synthesis, while <ref type="bibr" target="#b6">[8]</ref> keeps the car and renders it with artifacts. In general, our method creates more stylish images, but may contain artifacts when the MRFs do not fit the content. In contrast, the parametric method <ref type="bibr" target="#b6">[8]</ref> is more adaptable to the content, but at the cost of deviating from the style.</p></div>
<div xmlns="http://www.tei-c.org/ns/1.0"><head n="6.1.">Limitations</head><p>Our method is an interesting extension for image based style transfer, especially for photorealistic styles. Nonetheless, it has many limitations. First and for most, it is more restricted to the input data: it only works if the content image can be re-assembled by the MRFs in the style image. For example, images of strong perspective or structure difference are not suitable for our method. <ref type="figure">Figure 9</ref> shows two further example cases where <ref type="bibr" target="#b6">[8]</ref> works better: The first example aim to transfer the style of a white dog according to the content of a yellow dog. Notice how the dogs' facial expression differ in these images. In this case our result (right) failed to reproduce the open mouth in the content image. The second example shows a artistic style that can be more easily transferred by the parametric method: Notice how the textures adapt to the content more naturally in <ref type="bibr" target="#b6">[8]</ref>'s method. In contrast, our method tries to "reshuffle" building blocks in the style image and lost important features in the content image. In general, our method works better for subjects that allows structural deformation, such as faces and cars. For subjects that have strict symmetry properties such as architectures, it is often that our method will generate structural artifacts. In this case, structural statistics such as <ref type="bibr" target="#b10">[12]</ref> may be used for regularizing the synthesized image.</p><p>Although our method achieved improvement for photorealistic synthesis, it is still not as sharp as the original photos. This is due to the loss of non-discriminative image details during the training of the network. This opens an interesting future work that how the dCNN can be retrained, or incorporated with stitching based texture synthesis such as <ref type="bibr" target="#b14">[16]</ref> for achieving pixel-level photorealism.</p></div>
<div xmlns="http://www.tei-c.org/ns/1.0"><head n="7.">Conclusions</head><p>The key insight of this paper is that we can combine the discriminative power of a deep neural network with classical MRFs based texture synthesis. We developed a simple method that is able to produce encouraging new results for style transfer between images. We analyzed our results with  a number of typical successful and failure cases, and discussed its pros and cons compared to the state of the art neural based method for transferring image styles. Importantly, our results often preserve better mesostructures in the synthesized image. For this first time, this permits transferring photo-realistic styles with some plausibility. The stricter control of the mesostructure is also the biggest limitation at this point: The MRF prior only offers advantages when style and content images consists of similarly shaped elements without strong changes in perspective, size, or shape, as covered by the invariance of the high-level neural encoding. Otherwise, artifacts might occur. For pure artistic styles, the increased rigidity can then be a disadvantage.</p><p>Our work is only one step in the direction of leveraging deep convolutional neural networks for improving image synthesis. It opens many interesting questions and future work such as how to resolve the incompatibility between the structure guidance and the MRFs <ref type="bibr" target="#b10">[12]</ref>; how to more ef-ficiently study and transfer the middle level style across a big dataset; and how to generate pixel-level photorealistic images by incorporating with stitching based texture synthesis <ref type="bibr" target="#b14">[16]</ref>, or with generative training of the network.</p></div><figure xmlns="http://www.tei-c.org/ns/1.0" xml:id="fig_0"><head>Figure 3 :</head><label>3</label><figDesc>Comparison of patch matching at different layers of a VGG network.</figDesc></figure>
<figure xmlns="http://www.tei-c.org/ns/1.0" xml:id="fig_1"><head>Figure 4 :</head><label>4</label><figDesc>Linear blending behave differently in pixel space and in neural space. Input photos credited to: rockysretreat.com (dog A), wall321.com (dog B), flickr user Jsome1 (cat A), flickr user MendocinoAnimalCare (cat B).</figDesc></figure>
<figure xmlns="http://www.tei-c.org/ns/1.0" xml:id="fig_2"><head>Figure 6 :</head><label>6</label><figDesc>Comparison with Gatys et al.<ref type="bibr" target="#b6">[8]</ref> for artistic synthesis. Content images credited to flickr users Christopher Michel (top) and Peter Dahlgren (bottom).</figDesc></figure>
<figure xmlns="http://www.tei-c.org/ns/1.0" xml:id="fig_3"><head>Figure 7 :</head><label>7</label><figDesc>Comparison with Gatys et al.<ref type="bibr" target="#b6">[8]</ref> for photo-realistic synthesis. Input images credited to flickr users Brett Levin, Axion23 and Tim Dobbelaere.</figDesc></figure>
<figure xmlns="http://www.tei-c.org/ns/1.0" xml:id="fig_4"><head>Figure 8 :</head><label>8</label><figDesc>Detailed analysis of the difference between our results and Gatys et al.'s [8]'s results. Input images credited to flickr users Eden, Janine and Jim and Garry Knight.</figDesc></figure>
		</body>
		<back>

			<div type="acknowledgement">
<div xmlns="http://www.tei-c.org/ns/1.0"><head>Acknowledgments</head><p>This work has been partially supported by the Intel Visual Computing Institute and by the International Max Planck Research School for Computer Science. We thank Hao Su and Daniel Franzen for inspiring discussions.</p></div>
			</div>

			<div type="references">

				<listBibl>

<biblStruct xml:id="b0">
	<analytic>
		<title level="a" type="main">Inter-Figure 9: Cases where Gatys et al [8] works better. active digital photomontage</title>
		<author>
			<persName xmlns="http://www.tei-c.org/ns/1.0"><forename type="first">A</forename><surname>Agarwala</surname></persName>
		</author>
		<author>
			<persName xmlns="http://www.tei-c.org/ns/1.0"><forename type="first">M</forename><surname>Dontcheva</surname></persName>
		</author>
		<author>
			<persName xmlns="http://www.tei-c.org/ns/1.0"><forename type="first">M</forename><surname>Agrawala</surname></persName>
		</author>
		<author>
			<persName xmlns="http://www.tei-c.org/ns/1.0"><forename type="first">S</forename><surname>Drucker</surname></persName>
		</author>
		<author>
			<persName xmlns="http://www.tei-c.org/ns/1.0"><forename type="first">A</forename><surname>Colburn</surname></persName>
		</author>
		<author>
			<persName xmlns="http://www.tei-c.org/ns/1.0"><forename type="first">B</forename><surname>Curless</surname></persName>
		</author>
		<author>
			<persName xmlns="http://www.tei-c.org/ns/1.0"><forename type="first">D</forename><surname>Salesin</surname></persName>
		</author>
		<author>
			<persName xmlns="http://www.tei-c.org/ns/1.0"><forename type="first">M</forename><surname>Cohen</surname></persName>
		</author>
	</analytic>
	<monogr>
		<title level="j">ACM Trans. Graphics (Proc. Siggraph)</title>
		<imprint>
			<biblScope unit="volume">23</biblScope>
			<biblScope unit="issue">3</biblScope>
			<biblScope unit="page">3</biblScope>
			<date type="published" when="2004" />
		</imprint>
	</monogr>
</biblStruct>

<biblStruct xml:id="b1">
	<analytic>
		<title level="a" type="main">Goldman. Patchmatch: A randomized correspondence algorithm for structural image editing</title>
		<author>
			<persName xmlns="http://www.tei-c.org/ns/1.0"><forename type="first">C</forename><surname>Barnes</surname></persName>
		</author>
		<author>
			<persName xmlns="http://www.tei-c.org/ns/1.0"><forename type="first">E</forename><surname>Shechtman</surname></persName>
		</author>
		<author>
			<persName xmlns="http://www.tei-c.org/ns/1.0"><forename type="first">A</forename><surname>Finkelstein</surname></persName>
		</author>
		<author>
			<persName xmlns="http://www.tei-c.org/ns/1.0"><forename type="first">D</forename><forename type="middle">B</forename></persName>
		</author>
		<idno>24:1-24:11</idno>
	</analytic>
	<monogr>
		<title level="j">ACM Trans. Graph. (Proc. Siggraph)</title>
		<imprint>
			<biblScope unit="volume">28</biblScope>
			<biblScope unit="issue">3</biblScope>
			<biblScope unit="page">3</biblScope>
			<date type="published" when="2009" />
		</imprint>
	</monogr>
</biblStruct>

<biblStruct xml:id="b2">
	<analytic>
		<title level="a" type="main">Deep generative image models using a laplacian pyramid of adversarial networks</title>
		<author>
			<persName xmlns="http://www.tei-c.org/ns/1.0"><forename type="first">E</forename><forename type="middle">L</forename><surname>Denton</surname></persName>
		</author>
		<author>
			<persName xmlns="http://www.tei-c.org/ns/1.0"><forename type="first">R</forename><surname>Fergus</surname></persName>
		</author>
		<author>
			<persName xmlns="http://www.tei-c.org/ns/1.0"><forename type="first">A</forename><surname>Szlam</surname></persName>
		</author>
		<author>
			<persName xmlns="http://www.tei-c.org/ns/1.0"><forename type="first">S</forename><surname>Chintala</surname></persName>
		</author>
	</analytic>
	<monogr>
		<title level="m">Advances in Neural Information Processing Systems (NIPS) 28</title>
		<imprint>
			<date type="published" when="2015" />
			<biblScope unit="volume">2</biblScope>
			<biblScope unit="page">3</biblScope>
		</imprint>
	</monogr>
</biblStruct>

<biblStruct xml:id="b3">
	<monogr>
		<title level="m" type="main">Image superresolution using deep convolutional networks</title>
		<author>
			<persName xmlns="http://www.tei-c.org/ns/1.0"><forename type="first">C</forename><surname>Dong</surname></persName>
		</author>
		<author>
			<persName xmlns="http://www.tei-c.org/ns/1.0"><forename type="first">C</forename><forename type="middle">C</forename><surname>Loy</surname></persName>
		</author>
		<author>
			<persName xmlns="http://www.tei-c.org/ns/1.0"><forename type="first">K</forename><surname>He</surname></persName>
		</author>
		<author>
			<persName xmlns="http://www.tei-c.org/ns/1.0"><forename type="first">X</forename><surname>Tang</surname></persName>
		</author>
		<ptr target="http://arxiv.org/abs/1501.00092" />
		<imprint>
			<date type="published" when="2015" />
			<biblScope unit="volume">2</biblScope>
			<biblScope unit="page">3</biblScope>
		</imprint>
	</monogr>
	<note type="report_type">ArXiv preprint</note>
</biblStruct>

<biblStruct xml:id="b4">
	<analytic>
		<title level="a" type="main">Image quilting for texture synthesis and transfer</title>
		<author>
			<persName xmlns="http://www.tei-c.org/ns/1.0"><forename type="first">A</forename><forename type="middle">A</forename><surname>Efros</surname></persName>
		</author>
		<author>
			<persName xmlns="http://www.tei-c.org/ns/1.0"><forename type="first">W</forename><forename type="middle">T</forename><surname>Freeman</surname></persName>
		</author>
	</analytic>
	<monogr>
		<title level="m">Proc. ACM Siggraph</title>
		<meeting>ACM Siggraph</meeting>
		<imprint>
			<date type="published" when="2001" />
			<biblScope unit="volume">1</biblScope>
			<biblScope unit="page">3</biblScope>
		</imprint>
	</monogr>
</biblStruct>

<biblStruct xml:id="b5">
	<analytic>
		<title level="a" type="main">Texture synthesis by nonparametric sampling</title>
		<author>
			<persName xmlns="http://www.tei-c.org/ns/1.0"><forename type="first">A</forename><forename type="middle">A</forename><surname>Efros</surname></persName>
		</author>
		<author>
			<persName xmlns="http://www.tei-c.org/ns/1.0"><forename type="first">T</forename><forename type="middle">K</forename><surname>Leung</surname></persName>
		</author>
	</analytic>
	<monogr>
		<title level="m">Proc. IEEE Int. Conf. Computer Vision (ICCV)</title>
		<meeting>IEEE Int. Conf. Computer Vision (ICCV)<address><addrLine>Washington, DC, USA</addrLine></address></meeting>
		<imprint>
			<date type="published" when="1999" />
			<biblScope unit="volume">1</biblScope>
			<biblScope unit="page">3</biblScope>
		</imprint>
	</monogr>
</biblStruct>

<biblStruct xml:id="b6">
	<monogr>
		<title level="m" type="main">A neural algorithm of artistic style</title>
		<author>
			<persName xmlns="http://www.tei-c.org/ns/1.0"><forename type="first">L</forename><forename type="middle">A</forename><surname>Gatys</surname></persName>
		</author>
		<author>
			<persName xmlns="http://www.tei-c.org/ns/1.0"><forename type="first">A</forename><forename type="middle">S</forename><surname>Ecker</surname></persName>
		</author>
		<author>
			<persName xmlns="http://www.tei-c.org/ns/1.0"><forename type="first">M</forename><surname>Bethge</surname></persName>
		</author>
		<imprint>
			<date type="published" when="2015" />
			<biblScope unit="volume">7</biblScope>
		</imprint>
	</monogr>
	<note>ArXiv preprint; http://arxiv.org/abs/ 1508.06576. 2, 3, 5, 6</note>
</biblStruct>

<biblStruct xml:id="b7">
	<analytic>
		<title level="a" type="main">Texture synthesis and the controlled generation of natural stimuli using convolutional neural networks</title>
		<author>
			<persName xmlns="http://www.tei-c.org/ns/1.0"><forename type="first">L</forename><forename type="middle">A</forename><surname>Gatys</surname></persName>
		</author>
		<author>
			<persName xmlns="http://www.tei-c.org/ns/1.0"><forename type="first">A</forename><forename type="middle">S</forename><surname>Ecker</surname></persName>
		</author>
		<author>
			<persName xmlns="http://www.tei-c.org/ns/1.0"><forename type="first">M</forename><surname>Bethge</surname></persName>
		</author>
	</analytic>
	<monogr>
		<title level="m">Advances in Neural Information Processing Systems (NIPS)</title>
		<imprint>
			<date type="published" when="2001" />
			<biblScope unit="volume">2</biblScope>
			<biblScope unit="page">3</biblScope>
		</imprint>
	</monogr>
</biblStruct>

<biblStruct xml:id="b8">
	<monogr>
		<title level="m" type="main">Conditional generative adversarial nets for convolutional face generation</title>
		<author>
			<persName xmlns="http://www.tei-c.org/ns/1.0"><forename type="first">J</forename><surname>Gauthier</surname></persName>
		</author>
		<ptr target="http://www.foldl.me/2015/conditional-gans-face-generation/" />
		<imprint>
			<date type="published" when="2015" />
			<biblScope unit="volume">2</biblScope>
			<biblScope unit="page">3</biblScope>
		</imprint>
	</monogr>
</biblStruct>

<biblStruct xml:id="b9">
	<analytic>
		<title level="a" type="main">Generative adversarial nets</title>
		<author>
			<persName xmlns="http://www.tei-c.org/ns/1.0"><forename type="first">I</forename><surname>Goodfellow</surname></persName>
		</author>
		<author>
			<persName xmlns="http://www.tei-c.org/ns/1.0"><forename type="first">J</forename><surname>Pouget-Abadie</surname></persName>
		</author>
		<author>
			<persName xmlns="http://www.tei-c.org/ns/1.0"><forename type="first">M</forename><surname>Mirza</surname></persName>
		</author>
		<author>
			<persName xmlns="http://www.tei-c.org/ns/1.0"><forename type="first">B</forename><surname>Xu</surname></persName>
		</author>
		<author>
			<persName xmlns="http://www.tei-c.org/ns/1.0"><forename type="first">D</forename><surname>Warde-Farley</surname></persName>
		</author>
		<author>
			<persName xmlns="http://www.tei-c.org/ns/1.0"><forename type="first">S</forename><surname>Ozair</surname></persName>
		</author>
		<author>
			<persName xmlns="http://www.tei-c.org/ns/1.0"><forename type="first">A</forename><surname>Courville</surname></persName>
		</author>
		<author>
			<persName xmlns="http://www.tei-c.org/ns/1.0"><forename type="first">Y</forename><surname>Bengio</surname></persName>
		</author>
	</analytic>
	<monogr>
		<title level="m">Advances in Neural Information Processing Systems (NIPS) 27</title>
		<imprint>
			<date type="published" when="2014" />
			<biblScope unit="page" from="2672" to="2680" />
		</imprint>
	</monogr>
</biblStruct>

<biblStruct xml:id="b10">
	<analytic>
		<title level="a" type="main">Statistics of patch offsets for image completion</title>
		<author>
			<persName xmlns="http://www.tei-c.org/ns/1.0"><forename type="first">K</forename><surname>He</surname></persName>
		</author>
		<author>
			<persName xmlns="http://www.tei-c.org/ns/1.0"><forename type="first">J</forename><surname>Sun</surname></persName>
		</author>
	</analytic>
	<monogr>
		<title level="m">Proc. European Conference on Computer Vision (ECCV)</title>
		<meeting>European Conference on Computer Vision (ECCV)</meeting>
		<imprint>
			<date type="published" when="2012" />
			<biblScope unit="volume">3</biblScope>
			<biblScope unit="page">7</biblScope>
		</imprint>
	</monogr>
</biblStruct>

<biblStruct xml:id="b11">
	<analytic>
		<title level="a" type="main">Image analogies</title>
		<author>
			<persName xmlns="http://www.tei-c.org/ns/1.0"><forename type="first">A</forename><surname>Hertzmann</surname></persName>
		</author>
		<author>
			<persName xmlns="http://www.tei-c.org/ns/1.0"><forename type="first">C</forename><forename type="middle">E</forename><surname>Jacobs</surname></persName>
		</author>
		<author>
			<persName xmlns="http://www.tei-c.org/ns/1.0"><forename type="first">N</forename><surname>Oliver</surname></persName>
		</author>
		<author>
			<persName xmlns="http://www.tei-c.org/ns/1.0"><forename type="first">B</forename><surname>Curless</surname></persName>
		</author>
		<author>
			<persName xmlns="http://www.tei-c.org/ns/1.0"><forename type="first">D</forename><forename type="middle">H</forename><surname>Salesin</surname></persName>
		</author>
	</analytic>
	<monogr>
		<title level="m">Proc. ACM Siggraph</title>
		<meeting>ACM Siggraph</meeting>
		<imprint>
			<date type="published" when="2001" />
			<biblScope unit="volume">1</biblScope>
			<biblScope unit="page">3</biblScope>
		</imprint>
	</monogr>
</biblStruct>

<biblStruct xml:id="b12">
	<analytic>
		<title level="a" type="main">Imagenet classification with deep convolutional neural networks</title>
		<author>
			<persName xmlns="http://www.tei-c.org/ns/1.0"><forename type="first">A</forename><surname>Krizhevsky</surname></persName>
		</author>
		<author>
			<persName xmlns="http://www.tei-c.org/ns/1.0"><forename type="first">I</forename><surname>Sutskever</surname></persName>
		</author>
		<author>
			<persName xmlns="http://www.tei-c.org/ns/1.0"><forename type="first">G</forename><forename type="middle">E</forename><surname>Hinton</surname></persName>
		</author>
	</analytic>
	<monogr>
		<title level="m">Advances in Neural Information Processing Systems (NIPS) 25</title>
		<imprint>
			<date type="published" when="2012" />
			<biblScope unit="page" from="1097" to="1105" />
		</imprint>
	</monogr>
</biblStruct>

<biblStruct xml:id="b13">
	<analytic>
		<title level="a" type="main">Texture optimization for example-based synthesis</title>
		<author>
			<persName xmlns="http://www.tei-c.org/ns/1.0"><forename type="first">V</forename><surname>Kwatra</surname></persName>
		</author>
		<author>
			<persName xmlns="http://www.tei-c.org/ns/1.0"><forename type="first">I</forename><surname>Essa</surname></persName>
		</author>
		<author>
			<persName xmlns="http://www.tei-c.org/ns/1.0"><forename type="first">A</forename><surname>Bobick</surname></persName>
		</author>
		<author>
			<persName xmlns="http://www.tei-c.org/ns/1.0"><forename type="first">N</forename><surname>Kwatra</surname></persName>
		</author>
	</analytic>
	<monogr>
		<title level="j">ACM Trans. Graph. (Proc. Siggraph)</title>
		<imprint>
			<biblScope unit="volume">24</biblScope>
			<biblScope unit="issue">3</biblScope>
			<biblScope unit="page" from="795" to="802" />
			<date type="published" when="2004" />
		</imprint>
	</monogr>
</biblStruct>

<biblStruct xml:id="b14">
	<analytic>
		<title level="a" type="main">Graphcut textures: Image and video synthesis using graph cuts</title>
		<author>
			<persName xmlns="http://www.tei-c.org/ns/1.0"><forename type="first">V</forename><surname>Kwatra</surname></persName>
		</author>
		<author>
			<persName xmlns="http://www.tei-c.org/ns/1.0"><forename type="first">A</forename><surname>Schödl</surname></persName>
		</author>
		<author>
			<persName xmlns="http://www.tei-c.org/ns/1.0"><forename type="first">I</forename><surname>Essa</surname></persName>
		</author>
		<author>
			<persName xmlns="http://www.tei-c.org/ns/1.0"><forename type="first">G</forename><surname>Turk</surname></persName>
		</author>
		<author>
			<persName xmlns="http://www.tei-c.org/ns/1.0"><forename type="first">A</forename><surname>Bobick</surname></persName>
		</author>
	</analytic>
	<monogr>
		<title level="j">ACM Trans. Graph. (Proc. Siggraph)</title>
		<imprint>
			<biblScope unit="volume">22</biblScope>
			<biblScope unit="issue">3</biblScope>
			<biblScope unit="page" from="277" to="286" />
			<date type="published" when="2003" />
		</imprint>
	</monogr>
</biblStruct>

<biblStruct xml:id="b15">
	<analytic>
		<title level="a" type="main">Directional texture transfer</title>
		<author>
			<persName xmlns="http://www.tei-c.org/ns/1.0"><forename type="first">H</forename><surname>Lee</surname></persName>
		</author>
		<author>
			<persName xmlns="http://www.tei-c.org/ns/1.0"><forename type="first">S</forename><surname>Seo</surname></persName>
		</author>
		<author>
			<persName xmlns="http://www.tei-c.org/ns/1.0"><forename type="first">S</forename><surname>Ryoo</surname></persName>
		</author>
		<author>
			<persName xmlns="http://www.tei-c.org/ns/1.0"><forename type="first">K</forename><surname>Yoon</surname></persName>
		</author>
	</analytic>
	<monogr>
		<title level="m">Proc. Int. Symp. on Non-Photorealistic Animation and Rendering (NPAR)</title>
		<meeting>Int. Symp. on Non-Photorealistic Animation and Rendering (NPAR)</meeting>
		<imprint>
			<publisher>ACM</publisher>
			<date type="published" when="2010" />
			<biblScope unit="page">3</biblScope>
		</imprint>
	</monogr>
</biblStruct>

<biblStruct xml:id="b16">
	<analytic>
		<title level="a" type="main">Approximate translational building blocks for image decomposition and synthesis</title>
		<author>
			<persName xmlns="http://www.tei-c.org/ns/1.0"><forename type="first">C</forename><surname>Li</surname></persName>
		</author>
		<author>
			<persName xmlns="http://www.tei-c.org/ns/1.0"><forename type="first">M</forename><surname>Wand</surname></persName>
		</author>
	</analytic>
	<monogr>
		<title level="j">In ACM Transactions on Graphics</title>
		<imprint>
			<date type="published" when="2015" />
		</imprint>
	</monogr>
	<note>to appear. 3</note>
</biblStruct>

<biblStruct xml:id="b17">
	<monogr>
		<title level="m" type="main">Learning FRAME models using CNN filters for knowledge visualization</title>
		<author>
			<persName xmlns="http://www.tei-c.org/ns/1.0"><forename type="first">Y</forename><surname>Lu</surname></persName>
		</author>
		<author>
			<persName xmlns="http://www.tei-c.org/ns/1.0"><forename type="first">S</forename><surname>Zhu</surname></persName>
		</author>
		<author>
			<persName xmlns="http://www.tei-c.org/ns/1.0"><forename type="first">Y</forename><forename type="middle">N</forename><surname>Wu</surname></persName>
		</author>
		<ptr target="http://arxiv.org/abs/1509.08379.3" />
		<imprint>
			<date type="published" when="2015" />
		</imprint>
	</monogr>
	<note type="report_type">ArXive preprint</note>
</biblStruct>

<biblStruct xml:id="b18">
	<analytic>
		<title level="a" type="main">Understanding deep image representations by inverting them</title>
		<author>
			<persName xmlns="http://www.tei-c.org/ns/1.0"><forename type="first">A</forename><surname>Mahendran</surname></persName>
		</author>
		<author>
			<persName xmlns="http://www.tei-c.org/ns/1.0"><forename type="first">A</forename><surname>Vedaldi</surname></persName>
		</author>
	</analytic>
	<monogr>
		<title level="m">IEEE Conf. on Comp. Vision and Pattern Recognition (CVPR)</title>
		<imprint>
			<date type="published" when="2005" />
		</imprint>
	</monogr>
</biblStruct>

<biblStruct xml:id="b19">
	<monogr>
		<title level="m" type="main">Inceptionism: Going deeper</title>
		<author>
			<persName xmlns="http://www.tei-c.org/ns/1.0"><forename type="first">A</forename><surname>Mordvintsev</surname></persName>
		</author>
		<author>
			<persName xmlns="http://www.tei-c.org/ns/1.0"><forename type="first">C</forename><surname>Olah</surname></persName>
		</author>
		<author>
			<persName xmlns="http://www.tei-c.org/ns/1.0"><forename type="first">M</forename><surname>Tyka</surname></persName>
		</author>
		<ptr target="http://googleresearch.blogspot.com/2015/06/inceptionism-going-deeper-into-neural.html" />
		<imprint>
			<date type="published" when="2015" />
			<biblScope unit="volume">2</biblScope>
			<biblScope unit="page">5</biblScope>
		</imprint>
	</monogr>
</biblStruct>

<biblStruct xml:id="b20">
	<analytic>
		<title level="a" type="main">A parametric texture model based on joint statistics of complex wavelet coefficients</title>
		<author>
			<persName xmlns="http://www.tei-c.org/ns/1.0"><forename type="first">J</forename><surname>Portilla</surname></persName>
		</author>
		<author>
			<persName xmlns="http://www.tei-c.org/ns/1.0"><forename type="first">E</forename><forename type="middle">P</forename><surname>Simoncelli</surname></persName>
		</author>
	</analytic>
	<monogr>
		<title level="j">Int. J. Comput. Vision</title>
		<imprint>
			<biblScope unit="volume">40</biblScope>
			<biblScope unit="issue">1</biblScope>
			<biblScope unit="page" from="49" to="70" />
			<date type="published" when="2000-10" />
		</imprint>
	</monogr>
</biblStruct>

<biblStruct xml:id="b21">
	<analytic>
		<title level="a" type="main">ImageNet Large Scale Visual Recognition Challenge</title>
		<author>
			<persName xmlns="http://www.tei-c.org/ns/1.0"><forename type="first">O</forename><surname>Russakovsky</surname></persName>
		</author>
		<author>
			<persName xmlns="http://www.tei-c.org/ns/1.0"><forename type="first">J</forename><surname>Deng</surname></persName>
		</author>
		<author>
			<persName xmlns="http://www.tei-c.org/ns/1.0"><forename type="first">H</forename><surname>Su</surname></persName>
		</author>
		<author>
			<persName xmlns="http://www.tei-c.org/ns/1.0"><forename type="first">J</forename><surname>Krause</surname></persName>
		</author>
		<author>
			<persName xmlns="http://www.tei-c.org/ns/1.0"><forename type="first">S</forename><surname>Satheesh</surname></persName>
		</author>
		<author>
			<persName xmlns="http://www.tei-c.org/ns/1.0"><forename type="first">S</forename><surname>Ma</surname></persName>
		</author>
		<author>
			<persName xmlns="http://www.tei-c.org/ns/1.0"><forename type="first">Z</forename><surname>Huang</surname></persName>
		</author>
		<author>
			<persName xmlns="http://www.tei-c.org/ns/1.0"><forename type="first">A</forename><surname>Karpathy</surname></persName>
		</author>
		<author>
			<persName xmlns="http://www.tei-c.org/ns/1.0"><forename type="first">A</forename><surname>Khosla</surname></persName>
		</author>
		<author>
			<persName xmlns="http://www.tei-c.org/ns/1.0"><forename type="first">M</forename><surname>Bernstein</surname></persName>
		</author>
		<author>
			<persName xmlns="http://www.tei-c.org/ns/1.0"><forename type="first">A</forename><forename type="middle">C</forename><surname>Berg</surname></persName>
		</author>
		<author>
			<persName xmlns="http://www.tei-c.org/ns/1.0"><forename type="first">L</forename><surname>Fei-Fei</surname></persName>
		</author>
	</analytic>
	<monogr>
		<title level="j">Int. J. Computer Vision (IJCV)</title>
		<imprint>
			<biblScope unit="page" from="1" to="42" />
			<date type="published" when="2003" />
		</imprint>
	</monogr>
</biblStruct>

<biblStruct xml:id="b22">
	<monogr>
		<title level="m" type="main">Very deep convolutional networks for large-scale image recognition</title>
		<author>
			<persName xmlns="http://www.tei-c.org/ns/1.0"><forename type="first">K</forename><surname>Simonyan</surname></persName>
		</author>
		<author>
			<persName xmlns="http://www.tei-c.org/ns/1.0"><forename type="first">A</forename><surname>Zisserman</surname></persName>
		</author>
		<imprint>
			<date type="published" when="2014" />
		</imprint>
	</monogr>
	<note>Preprint</note>
</biblStruct>

<biblStruct xml:id="b23">
	<analytic>
		<title level="a" type="main">Generative image modeling using spatial lstms</title>
		<author>
			<persName xmlns="http://www.tei-c.org/ns/1.0"><forename type="first">L</forename><surname>Theis</surname></persName>
		</author>
		<author>
			<persName xmlns="http://www.tei-c.org/ns/1.0"><forename type="first">M</forename><surname>Bethge</surname></persName>
		</author>
	</analytic>
	<monogr>
		<title level="m">Advances in Neural Information Processing Systems (NIPS)</title>
		<imprint>
			<date type="published" when="2003" />
			<biblScope unit="page">28</biblScope>
		</imprint>
	</monogr>
</biblStruct>

<biblStruct xml:id="b24">
	<analytic>
		<title level="a" type="main">Fast texture synthesis using treestructured vector quantization</title>
		<author>
			<persName xmlns="http://www.tei-c.org/ns/1.0"><forename type="first">L.-Y</forename><surname>Wei</surname></persName>
		</author>
		<author>
			<persName xmlns="http://www.tei-c.org/ns/1.0"><forename type="first">M</forename><surname>Levoy</surname></persName>
		</author>
	</analytic>
	<monogr>
		<title level="m">Proc. ACM Siggraph</title>
		<meeting>ACM Siggraph</meeting>
		<imprint>
			<date type="published" when="2000" />
			<biblScope unit="volume">1</biblScope>
			<biblScope unit="page">3</biblScope>
		</imprint>
	</monogr>
</biblStruct>

<biblStruct xml:id="b25">
	<analytic>
		<title level="a" type="main">Feature guided texture synthesis (fgts) for artistic style transfer</title>
		<author>
			<persName xmlns="http://www.tei-c.org/ns/1.0"><forename type="first">X</forename><surname>Xie</surname></persName>
		</author>
		<author>
			<persName xmlns="http://www.tei-c.org/ns/1.0"><forename type="first">F</forename><surname>Tian</surname></persName>
		</author>
		<author>
			<persName xmlns="http://www.tei-c.org/ns/1.0"><forename type="first">H</forename><forename type="middle">S</forename><surname>Seah</surname></persName>
		</author>
	</analytic>
	<monogr>
		<title level="m">Proc. Int. Conf. Digital Interactive Media in Entertainment and Arts (DIMEA)</title>
		<meeting>Int. Conf. Digital Interactive Media in Entertainment and Arts (DIMEA)</meeting>
		<imprint>
			<publisher>ACM</publisher>
			<date type="published" when="2007" />
			<biblScope unit="page" from="44" to="49" />
		</imprint>
	</monogr>
</biblStruct>

<biblStruct xml:id="b26">
	<analytic>
		<title level="a" type="main">Deep convolutional neural network for image deconvolution</title>
		<author>
			<persName xmlns="http://www.tei-c.org/ns/1.0"><forename type="first">L</forename><surname>Xu</surname></persName>
		</author>
		<author>
			<persName xmlns="http://www.tei-c.org/ns/1.0"><forename type="first">J</forename><forename type="middle">S</forename><surname>Ren</surname></persName>
		</author>
		<author>
			<persName xmlns="http://www.tei-c.org/ns/1.0"><forename type="first">C</forename><surname>Liu</surname></persName>
		</author>
		<author>
			<persName xmlns="http://www.tei-c.org/ns/1.0"><forename type="first">J</forename><surname>Jia</surname></persName>
		</author>
	</analytic>
	<monogr>
		<title level="m">Advances in Neural Information Processing Systems (NIPS) 27</title>
		<imprint>
			<date type="published" when="2014" />
			<biblScope unit="volume">2</biblScope>
			<biblScope unit="page">3</biblScope>
		</imprint>
	</monogr>
</biblStruct>

<biblStruct xml:id="b27">
	<analytic>
		<title level="a" type="main">Visualizing and understanding convolutional networks</title>
		<author>
			<persName xmlns="http://www.tei-c.org/ns/1.0"><forename type="first">M</forename><forename type="middle">D</forename><surname>Zeiler</surname></persName>
		</author>
		<author>
			<persName xmlns="http://www.tei-c.org/ns/1.0"><forename type="first">R</forename><surname>Fergus</surname></persName>
		</author>
	</analytic>
	<monogr>
		<title level="m">Proc. Europ. Conf. Comp. Vision (ECCV)</title>
		<meeting>Europ. Conf. Comp. Vision (ECCV)</meeting>
		<imprint>
			<date type="published" when="2014" />
			<biblScope unit="volume">2</biblScope>
			<biblScope unit="page">4</biblScope>
		</imprint>
	</monogr>
</biblStruct>

<biblStruct xml:id="b28">
	<analytic>
		<title level="a" type="main">Framebreak: Dramatic image extrapolation by guided shift-maps</title>
		<author>
			<persName xmlns="http://www.tei-c.org/ns/1.0"><forename type="first">Y</forename><surname>Zhang</surname></persName>
		</author>
		<author>
			<persName xmlns="http://www.tei-c.org/ns/1.0"><forename type="first">J</forename><surname>Xiao</surname></persName>
		</author>
		<author>
			<persName xmlns="http://www.tei-c.org/ns/1.0"><forename type="first">J</forename><surname>Hays</surname></persName>
		</author>
		<author>
			<persName xmlns="http://www.tei-c.org/ns/1.0"><forename type="first">P</forename><surname>Tan</surname></persName>
		</author>
	</analytic>
	<monogr>
		<title level="m">IEEE Conference on Computer Vision and Pattern Recognition (CVPR)</title>
		<imprint>
			<date type="published" when="2013" />
			<biblScope unit="page" from="1171" to="1178" />
		</imprint>
	</monogr>
</biblStruct>

				</listBibl>
			</div>
		</back>
	</text>
</TEI>
