<?xml version="1.0" encoding="UTF-8"?>
<TEI xml:space="preserve" xmlns="http://www.tei-c.org/ns/1.0" 
xmlns:xsi="http://www.w3.org/2001/XMLSchema-instance" 
xsi:schemaLocation="http://www.tei-c.org/ns/1.0 /Users/cindy/tmp/grobid-0.6.1/grobid-home/schemas/xsd/Grobid.xsd"
 xmlns:xlink="http://www.w3.org/1999/xlink">
	<teiHeader xml:lang="en">
		<fileDesc>
			<titleStmt>
				<title level="a" type="main"></title>
			</titleStmt>
			<publicationStmt>
				<publisher/>
				<availability status="unknown"><licence/></availability>
				<date type="published" when="2016-05-06">6 May 2016</date>
			</publicationStmt>
			<sourceDesc>
				<biblStruct>
					<analytic>
						<author>
							<persName xmlns="http://www.tei-c.org/ns/1.0"><forename type="first">Aurelio</forename><surname>Ranzato</surname></persName>
							<email>ranzato@fb.com</email>
						</author>
						<author>
							<persName xmlns="http://www.tei-c.org/ns/1.0"><forename type="first">Sumit</forename><surname>Chopra</surname></persName>
							<email>spchopra@fb.com</email>
						</author>
						<author>
							<persName xmlns="http://www.tei-c.org/ns/1.0"><forename type="first">Michael</forename><surname>Auli</surname></persName>
							<email>michealauli@fb.com</email>
						</author>
						<author>
							<persName xmlns="http://www.tei-c.org/ns/1.0"><forename type="first">Wojciech</forename><surname>Zaremba</surname></persName>
							<email>wojciech@fb.com</email>
						</author>
					</analytic>
					<monogr>
						<imprint>
							<date type="published" when="2016-05-06">6 May 2016</date>
						</imprint>
					</monogr>
					<idno type="arXiv">arXiv:1511.06732v7[cs.LG]</idno>
				</biblStruct>
			</sourceDesc>
		</fileDesc>
		<encodingDesc>
			<appInfo>
				<application version="0.6.1" ident="GROBID" when="2021-01-31T12:41+0000">
					<desc>GROBID - A machine learning software for extracting information from scholarly documents</desc>
					<ref target="https://github.com/kermitt2/grobid"/>
				</application>
			</appInfo>
		</encodingDesc>
		<profileDesc>
			<abstract>
				<p>Many natural language processing applications use language models to generate text. These models are typically trained to predict the next word in a sequence, given the previous words and some context such as an image. However, at test time the model is expected to generate the entire sequence from scratch. This discrepancy makes generation brittle, as errors may accumulate along the way. We address this issue by proposing a novel sequence level training algorithm that directly optimizes the metric used at test time, such as BLEU or ROUGE. On three different tasks, our approach outperforms several strong baselines for greedy generation. The method is also competitive when these baselines employ beam search, while being several times faster.</p>
			</abstract>
		</profileDesc>
	</teiHeader>
	<text xml:lang="en">
		<body>
<div xmlns="http://www.tei-c.org/ns/1.0"><head>INTRODUCTION</head><p>Natural language is the most natural form of communication for humans. It is therefore essential that interactive AI systems are capable of generating text <ref type="bibr" target="#b22">(Reiter &amp; Dale, 2000)</ref>. A wide variety of applications rely on text generation, including machine translation, video/text summarization, question answering, among others. From a machine learning perspective, text generation is the problem of predicting a syntactically and semantically correct sequence of consecutive words given some context. For instance, given an image, generate an appropriate caption or given a sentence in English language, translate it into French.</p><p>Popular choices for text generation models are language models based on n-grams <ref type="bibr" target="#b12">(Kneser &amp; Ney, 1995)</ref>, feed-forward neural networks <ref type="bibr" target="#b20">(Morin &amp; Bengio, 2005)</ref>, and recurrent neural networks (RNNs; <ref type="bibr" target="#b18">Mikolov et al., 2010)</ref>. These models when used as is to generate text suffer from two major drawbacks. First, they are trained to predict the next word given the previous ground truth words as input. However, at test time, the resulting models are used to generate an entire sequence by predicting one word at a time, and by feeding the generated word back as input at the next time step. This process is very brittle because the model was trained on a different distribution of inputs, namely, words drawn from the data distribution, as opposed to words drawn from the model distribution. As a result the errors made along the way will quickly accumulate. We refer to this discrepancy as exposure bias which occurs when a model is only exposed to the training data distribution, instead of its own predictions. Second, the loss function used to train these models is at the word level. A popular choice is the cross-entropy loss used to maximize the probability of the next correct word. However, the performance of these models is typically evaluated using discrete metrics. One such metric is called BLEU <ref type="bibr" target="#b21">(Papineni et al., 2002)</ref> for instance, which measures the n-gram overlap between the model generation and the reference text. Training these models to directly optimize metrics like BLEU is hard because a) these are not differentiable <ref type="bibr" target="#b24">(Rosti et al., 2011)</ref>, and b) combinatorial optimization is required to determine which sub-string maximizes them given some context. Prior attempts <ref type="bibr" target="#b17">(McAllester et al., 2010;</ref><ref type="bibr" target="#b10">He &amp; Deng, 2012)</ref> at optimizing test metrics were restricted to linear models, or required a large number of samples to work well <ref type="bibr" target="#b0">(Auli &amp; Gao, 2014)</ref>. This paper proposes a novel training algorithm which results in improved text generation compared to standard models. The algorithm addresses the two issues discussed above as follows. First, while training the generative model we avoid the exposure bias by using model predictions at training time. Second, we directly optimize for our final evaluation metric. Our proposed methodology bor-rows ideas from the reinforcement learning literature <ref type="bibr" target="#b28">(Sutton &amp; Barto, 1988)</ref>. In particular, we build on the REINFORCE algorithm proposed by <ref type="bibr" target="#b30">Williams (1992)</ref>, to achieve the above two objectives. While sampling from the model during training is quite a natural step for the REINFORCE algorithm, optimizing directly for any test metric can also be achieved by it. REINFORCE side steps the issues associated with the discrete nature of the optimization by not requiring rewards (or losses) to be differentiable. While REINFORCE appears to be well suited to tackle the text generation problem, it suffers from a significant issue. The problem setting of text generation has a very large action space which makes it extremely difficult to learn with an initial random policy. Specifically, the search space for text generation is of size O(W T ), where W is the number of words in the vocabulary (typically around 10 4 or more) and T is the length of the sentence (typically around 10 to 30).</p><p>Towards that end, we introduce Mixed Incremental Cross-Entropy Reinforce (MIXER), which is our first major contribution of this work. MIXER is an easy-to-implement recipe to make REINFORCE work well for text generation applications. It is based on two key ideas: incremental learning and the use of a hybrid loss function which combines both REINFORCE and cross-entropy (see Sec. 3.2.2 for details). Both ingredients are essential to training with large action spaces. In MIXER, the model starts from the optimal policy given by cross-entropy training (as opposed to a random one), from which it then slowly deviates, in order to make use of its own predictions, as is done at test time.</p><p>Our second contribution is a thorough empirical evaluation on three different tasks, namely, Text Summarization, Machine Translation and Image Captioning. We compare against several strong baselines, including, RNNs trained with cross-entropy and Data as Demonstrator (DAD) <ref type="bibr" target="#b3">(Bengio et al., 2015;</ref><ref type="bibr" target="#b29">Venkatraman et al., 2015)</ref>. We also compare MIXER with another simple yet novel model that we propose in this paper. We call it the End-to-End BackProp model (see Sec. 3.1.3 for details). Our results show that MIXER with a simple greedy search achieves much better accuracy compared to the baselines on all the three tasks. In addition we show that MIXER with greedy search is even more accurate than the cross entropy model augmented with beam search at inference time as a post-processing step. This is particularly remarkable because MIXER with greedy search is at least 10 times faster than the cross entropy model with a beam of size 10. Lastly, we note that MIXER and beam search are complementary to each other and can be combined to further improve performance, although the extent of the improvement is task dependent.</p></div>
<div xmlns="http://www.tei-c.org/ns/1.0"><head n="2">RELATED WORK</head><p>Sequence models are typically trained to predict the next word using the cross-entropy loss. At test time, it is common to use beam search to explore multiple alternative paths <ref type="bibr" target="#b27">(Sutskever et al., 2014;</ref><ref type="bibr" target="#b2">Bahdanau et al., 2015;</ref><ref type="bibr" target="#b26">Rush et al., 2015)</ref>. While this improves generation by typically one or two BLEU points <ref type="bibr" target="#b21">(Papineni et al., 2002)</ref>, it makes the generation at least k times slower, where k is the number of active paths in the beam (see Sec. 3.1.1 for more details).</p><p>The idea of improving generation by letting the model use its own predictions at training time (the key proposal of this work) was first advocated by <ref type="bibr" target="#b5">Daume III et al. (2009)</ref>. In their seminal work, the authors first noticed that structured prediction problems can be cast as a particular instance of reinforcement learning. They then proposed SEARN, an algorithm to learn such structured prediction tasks. The basic idea is to let the model use its own predictions at training time to produce a sequence of actions (e.g., the choice of the next word). Then, a search algorithm is run to determine the optimal action at each time step, and a classifier (a.k.a. policy) is trained to predict that action. A similar idea was later proposed by <ref type="bibr" target="#b23">Ross et al. (2011)</ref> in an imitation learning framework. Unfortunately, for text generation it is generally intractable to compute an oracle of the optimal target word given the words predicted so far. The oracle issue was later addressed by an algorithm called Data As Demonstrator (DAD) <ref type="bibr" target="#b29">(Venkatraman et al., 2015)</ref> and applied for text generation by <ref type="bibr" target="#b3">Bengio et al. (2015)</ref>, whereby the target action at step k is the k-th action taken by the optimal policy (ground truth sequence) regardless of which input is fed to the system, whether it is ground truth, or the model's prediction. While DAD usually improves generation, it seems unsatisfactory to force the model to predict a certain word regardless of the preceding words (see sec. 3.1.2 for more details).  <ref type="table">Table 1</ref>: Text generation models can be described across three dimensions: whether they suffer from exposure bias, whether they are trained in an end-to-end manner using back-propagation, and whether they are trained to predict one word ahead or the whole sequence.</p><p>Finally, REINFORCE has already been used for other applications, such as in computer vision <ref type="bibr" target="#b19">(Mnih et al., 2014;</ref><ref type="bibr" target="#b31">Xu et al., 2015;</ref><ref type="bibr" target="#b1">Ba et al.)</ref>, and for speech recognition <ref type="bibr" target="#b9">Graves &amp; Jaitly (2014)</ref>. While they simply pre-trained with cross-entropy loss, we found that the use of a mixed loss and a more gentle incremental learning scheduling to be important for all the tasks we considered.</p></div>
<div xmlns="http://www.tei-c.org/ns/1.0"><head>MODELS</head><p>The learning algorithms we describe in the following sections are agnostic to the choice of the underlying model, as long as it is parametric. In this work, we focus on Recurrent Neural Networks (RNNs) as they are a popular choice for text generation. In particular, we use standard Elman RNNs <ref type="bibr" target="#b7">(Elman, 1990)</ref> and LSTMs <ref type="bibr" target="#b11">(Hochreiter &amp; Schmidhuber, 1997)</ref>. For the sake of simplicity but without loss of generality, we discuss next Elman RNNs. This is a parametric model that at each time step t, takes as input a word w t ∈ W as its input, together with an internal representation h t . W is the the vocabulary of input words. This internal representation h t is a real-valued vector which encodes the history of words the model has seen so far. Optionally, the RNN can also take as input an additional context vector c t , which encodes the context to be used while generating the output.</p><p>In our experiments c t is computed using an attentive decoder inspired by <ref type="bibr" target="#b2">Bahdanau et al. (2015)</ref> and <ref type="bibr" target="#b26">Rush et al. (2015)</ref>, the details of which are given in Section 6.2 of the supplementary material. The RNN learns a recursive function to compute h t and outputs the distribution over the next word:</p><formula xml:id="formula_0">h t+1 = φ θ (w t , h t , c t ), (1) w t+1 ∼ p θ (w|w t , h t+1 ) = p θ (w|w t , φ θ (w t , h t , c t )).<label>(2)</label></formula><p>The parametric expression for p θ and φ θ depends on the type of RNN. For Elman RNNs we have:</p><formula xml:id="formula_1">h t+1 = σ(M i 1(w t ) + M h h t + M c c t ), (3) o t+1 = M o h t+1 , (4) w t+1 ∼ softmax(o t+1 ),<label>(5)</label></formula><p>where the parameters of the model θ are the set of matrices {M o , M i , M h , M c } and also the additional parameters used to compute c t . Softmax(x) is a vector whose components are e xj / k e x k , and 1(i) is an indicator vector with only the i-th component set to 1 and the rest to 0. We assume the first word of the sequence is a special token indicating the beginning of a sequence, denoted by w 1 = ∅. All entries of the first hidden state h 1 are set to a constant value.</p><p>Next, we are going to introduce both baselines and the model we propose. As we describe these models, it is useful to keep in mind the key characteristics of a text generation system, as outlined in <ref type="table">Table 1</ref>. There are three dimensions which are important when training a model for text generation: the exposure bias which can adversely affect generation at test time, the ability to fully back-propagate gradients (including with respect to the chosen inputs at each time step), and a loss operating at the sequence level. We will start discussing models that do not possess any of these desirable features, and then move towards models that better satisfy our requirements. The last model we propose, dubbed MIXER, has all the desiderata.</p></div>
<div xmlns="http://www.tei-c.org/ns/1.0"><head n="3.1">WORD-LEVEL TRAINING</head><p>We now review a collection of methodologies used for training text generation models which optimize the prediction of only one word ahead of time. We start with the simplest and the most popular method which optimizes the cross-entropy loss at every time step. We then discuss a recently proposed modification to it which explicitly uses the model predictions during training. We finish by</p><formula xml:id="formula_2">h 2 = ✓ (;, h 1 ) h 3 = ✓ (w 2 , h 2 ) p ✓ (w|;, h 1 ) XENT h 1 ; w 2 XENT w p ✓ (w|w 2 , h 2 ) h 2 = ✓ (;, h 1 ) p ✓ (w|;, h 1 ) h 1 ; w g 2 argmax p ✓ (w|w g , h 2 ) w g 3 h 3 = ✓ (w g 2 , h 2 ) argmax</formula><p>Figure 1: RNN training using XENT (top), and how it is used at test time for generation (bottom). The RNN is unfolded for three time steps in this example. The red oval is a module computing a loss, while the rectangles represent the computation done by the RNN at one step. At the first step, all inputs are given. In the remaining steps, the input words are clamped to ground truth at training time, while they are clamped to model predictions (denoted by w g t ) at test time. Predictions are produced by either taking the argmax or by sampling from the distribution over words.</p><p>proposing a simple yet novel baseline which uses its model prediction during training and also has the ability to back propagate the gradients through the entire sequence. While these extensions tend to make generation more robust, they still lack explicit supervision at the sequence level.</p></div>
<div xmlns="http://www.tei-c.org/ns/1.0"><head n="3.1.1">CROSS ENTROPY TRAINING (XENT)</head><p>Cross-entropy loss (XENT) maximizes the probability of the observed sequence according to the model. If the target sequence is [w 1 , w 2 , . . . , w T ], then XENT training involves minimizing:</p><formula xml:id="formula_3">L = − log p(w 1 , . . . , w T ) = − log T t=1 p(w t |w 1 , . . . , w t−1 ) = − T t=1 log p(w t |w 1 , . . . , w t−1 ). (6)</formula><p>When using an RNN, each term p(w t |w 1 , . . . , w t−1 ) is modeled as a parametric function as given in Equation <ref type="formula" target="#formula_1">5</ref>. This loss function trains the model to be good at greedily predicting the next word at each time step without considering the whole sequence. Training proceeds by truncated backpropagation through time <ref type="bibr" target="#b25">(Rumelhart et al., 1986)</ref> with gradient clipping <ref type="bibr" target="#b18">(Mikolov et al., 2010)</ref>.</p><p>Once trained, one can use the model to generate an entire sequence as follows. Let w g t denote the word generated by the model at the t-th time step. Then the next word is generated by:</p><formula xml:id="formula_4">w g t+1 = argmax w p θ (w|w g t , h t+1 ).<label>(7)</label></formula><p>Notice that, the model is trained to maximize p θ (w|w t , h t+1 ), where w t is the word in the ground truth sequence. However, during generation the model is used as p θ (w|w g t , h t+1 ). In other words, during training the model is only exposed to the ground truth words. However, at test time the model has only access to its own predictions, which may not be correct. As a result, during generation the model can potentially deviate quite far from the actual sequence to be generated. <ref type="figure">Figure 1</ref> illustrates this discrepancy.</p><p>The generation described by Eq. (7) is a greedy left-to-right process which does not necessarily produce the most likely sequence according to the model, because:</p><formula xml:id="formula_5">T t=1 max wt+1 p θ (w t+1 |w g t , h t+1 ) ≤ max w1,...,w T T t=1 p θ (w t+1 |w g t , h t+1 )</formula><p>The most likely sequence [w 1 , w 2 , . . . , w T ] might contain a word w t which is sub-optimal at an intermediate time-step t. This phenomena is commonly known as a search error. One popular way</p><formula xml:id="formula_6">h2 = ✓ (;, h1) p✓(w|;, h1) XENT h1 ; w2 w3 sampler w g 2 w 0 XENT sampler w g 3 w 00 p✓(w|w 0 , h2) h3 = ✓ (w 0 , h2)</formula><p>Figure 2: Illustration of DAD <ref type="bibr" target="#b3">(Bengio et al., 2015;</ref><ref type="bibr" target="#b29">Venkatraman et al., 2015)</ref>. Training proceeds similar to XENT, except that at each time step we choose with a certain probability whether to take the previous model prediction or the ground truth word. Notice how a) gradients are not backpropagated through the eventual model predictions w g t , and b) the XENT loss always uses as target the next word in the reference sequence, even when the input is w g t .</p><p>to reduce the effect of search error is to pursue not only one but k next word candidates at each point. While still approximate, this strategy can recover higher scoring sequences that are often also better in terms of our final evaluation metric. This process is commonly know as Beam Search.</p><p>The downside of using beam search is that it significantly slows down the generation process. The time complexity grows linearly in the number of beams k, because we need to perform k forward passes for our network, which is the most time intensive operation. The details of the Beam Search algorithm are described in Section 6.3.</p></div>
<div xmlns="http://www.tei-c.org/ns/1.0"><head n="3.1.2">DATA AS DEMONSTRATOR (DAD)</head><p>Conventional training with XENT suffers from exposure bias since training uses ground truth words as opposed to model predictions. DAD, proposed in <ref type="bibr" target="#b29">(Venkatraman et al., 2015)</ref> and also used in <ref type="bibr" target="#b3">(Bengio et al., 2015)</ref> for sequence generation, addresses this issue by mixing the ground truth training data with model predictions. At each time step and with a certain probability, DAD takes as input either the prediction from the model at the previous time step or the ground truth data. <ref type="bibr" target="#b3">Bengio et al. (2015)</ref> proposed different annealing schedules for the probability of choosing the ground truth word. The annealing schedules are such that at the beginning, the algorithm always chooses the ground truth words. However, as the training progresses the model predictions are selected more often. This has the effect of making the model somewhat more aware of how it will be used at test time. Figure illustrates the algorithm.</p><p>A major limitation of DAD is that at every time step the target labels are always selected from the ground truth data, regardless of how the input was chosen. As a result, the targets may not be aligned with the generated sequence, forcing the model to predict a potentially incorrect sequence. For instance, if the ground truth sequence is "I took a long walk" and the model has so far predicted "I took a walk", DAD will force the model to predict the word "walk" a second time. Finally, gradients are not back-propagated through the samples drawn by the model and the XENT loss is still at the word level. It is not well understood how these problems affect generation.</p></div>
<div xmlns="http://www.tei-c.org/ns/1.0"><head n="3.1.3">END-TO-END BACKPROP (E2E)</head><p>The novel E2E algorithm is perhaps the most natural and naïve approach approximating sequence level training, which can also be interpreted as a computationally efficient approximation to beam search. The key idea is that at time step t + we propagate as input the top k words predicted at the previous time step instead of the ground truth word. Specifically, we take the output distribution over words from the previous time step t, and pass it through a k-max layer. This layer zeros all but the k largest values and re-normalizes them to sum to one. We thus have:</p><formula xml:id="formula_7">{i t+1,j , v t+1,j } j=1,...,k = k-max p θ (w t+1 |w t , h t ),<label>(8)</label></formula><p>where i t+1,j are indexes of the words with k largest probabilities and v t+1,j are their corresponding scores. At the time step t + 1, we take the k largest scoring previous words as input whose contributions is weighted by their scores v's. Smoothing the input this way makes the whole process differentiable and trainable using standard back-propagation. Compared to beam search, this can be interpreted as fusing the k possible next hypotheses together into a single path, as illustrated in <ref type="figure">Figure 3</ref>. In practice we also employ a schedule, whereby we use only the ground truth words at the beginning and gradually let the model use its own top-k predictions as training proceeds.</p><formula xml:id="formula_8">h = ✓ (;, h 1 ) p ✓ (w|;, h 1 ) XENT h ; w 2 w 3 XENT top-k w 0 1,...,k p ✓ (w|w 0 1,...,k , h 2 ) w 00 1,...,k h 3 = ✓ (w 0 1,...,k , h 2 )</formula><p>top-k <ref type="figure">Figure 3</ref>: Illustration of the End-to-End BackProp method. The first steps of the unrolled sequence (here just the first step) are exactly the same as in a regular RNN trained with cross-entropy. However, in the remaining steps the input to each module is a sparse vector whose non-zero entries are the k largest probabilities of the distribution predicted at the previous time step. Errors are backpropagated through these inputs as well.</p><p>While this algorithm is a simple way to expose the model to its own predictions, the loss function optimized is still XENT at each time step. There is no explicit supervision at the sequence level while training the model.</p></div>
<div xmlns="http://www.tei-c.org/ns/1.0"><head n="3.2">SEQUENCE LEVEL TRAINING</head><p>We now introduce a novel algorithm for sequence level training, which we call Mixed Incremental Cross-Entropy Reinforce (MIXER). The proposed method avoids the exposure bias problem, and also directly optimizes for the final evaluation metric. Since MIXER is an extension of the REIN-FORCE algorithm, we first describe REINFORCE from the perspective of sequence generation.</p></div>
<div xmlns="http://www.tei-c.org/ns/1.0"><head n="3.2.1">REINFORCE</head><p>In order to apply the REINFORCE algorithm <ref type="bibr" target="#b30">(Williams, 1992;</ref><ref type="bibr" target="#b32">Zaremba &amp; Sutskever, 2015)</ref> to the problem of sequence generation we cast our problem in the reinforcement learning (RL) framework <ref type="bibr" target="#b28">(Sutton &amp; Barto, 1988</ref>). Our generative model (the RNN) can be viewed as an agent, which interacts with the external environment (the words and the context vector it sees as input at every time step). The parameters of this agent defines a policy, whose execution results in the agent picking an action. In the sequence generation setting, an action refers to predicting the next word in the sequence at each time step. After taking an action the agent updates its internal state (the hidden units of RNN). Once the agent has reached the end of a sequence, it observes a reward. We can choose any reward function. Here, we use BLEU <ref type="bibr" target="#b21">(Papineni et al., 2002)</ref> and ROUGE-2 <ref type="bibr" target="#b15">(Lin &amp; Hovy, 2003</ref>) since these are the metrics we use at test time. BLEU is essentially a geometric mean over n-gram precision scores as well as a brevity penalty <ref type="bibr" target="#b14">(Liang et al., 2006)</ref>; in this work, we consider up to 4-grams. ROUGE-2 is instead recall over bi-grams. Like in imitation learning, we have a training set of optimal sequences of actions. During training we choose actions according to the current policy and only observe a reward at the end of the sequence (or after maximum sequence length), by comparing the sequence of actions from the current policy against the optimal action sequence. The goal of training is to find the parameters of the agent that maximize the expected reward. We define our loss as the negative expected reward:</p><formula xml:id="formula_9">L θ = − w g 1 ,...,w g T p θ (w g 1 , . . . , w g T )r(w g 1 , . . . , w g T ) = −E [w g 1 ,...w g T ]∼p θ r(w g 1 , . . . , w g T ),<label>(9)</label></formula><p>where w g n is the word chosen by our model at the n-th time step, and r is the reward associated with the generated sequence. In practice, we approximate this expectation with a single sample from the distribution of actions implemented by the RNN (right hand side of the equation above and <ref type="figure">Figure 9</ref> of Supplementary Material). We refer the reader to prior work <ref type="bibr" target="#b32">(Zaremba &amp; Sutskever, 2015;</ref><ref type="bibr" target="#b30">Williams, 1992)</ref> for the full derivation of the gradients. Here, we directly report the partial derivatives and their interpretation. The derivatives w.r.t. parameters are:</p><formula xml:id="formula_10">∂L θ ∂θ = t ∂L θ ∂o t ∂o t ∂θ<label>(10)</label></formula><p>where o t is the input to the softmax. The gradient of the loss L θ with respect to o t is given by:</p><formula xml:id="formula_11">∂L θ ∂o t = (r(w g 1 , . . . , w g T ) −r t+1 ) p θ (w t+1 |w g t , h t+1 , c t ) − 1(w g t+1 ) ,<label>(11)</label></formula><p>wherer t+1 is the average reward at time t + 1.</p><p>The interpretation of this weight update rule is straightforward. While Equation 10 is standard backpropagation (a.k.a. chain rule), Equation 11 is almost exactly the same as the gradient of a multiclass logistic regression classifier. In logistic regression, the gradient is the difference between the prediction and the actual 1-of-N representation of the target word:</p><formula xml:id="formula_12">∂L XENT θ ∂o t = p θ (w t+1 |w t , h t+1 , c t ) − 1(w t+1 )</formula><p>Therefore, Equation 11 says that the chosen word w g t+1 acts like a surrogate target for our output distribution, p θ (w t+1 |w g t , h t+1 , c t ) at time t. REINFORCE first establishes a baseliner t+1 , and then either encourages a word choice w g t+1 if r &gt;r t+1 , or discourages it if r &lt;r t+1 . The actual derivation suggests that the choice of this average rewardr t is useful to decrease the variance of the gradient estimator since in Equation 9 we use a single sample from the distribution of actions.</p><p>In our implementation, the baseliner t is estimated by a linear regressor which takes as input the hidden states h t of the RNN. The regressor is an unbiased estimator of future rewards since it only uses past information. The parameters of the regressor are trained by minimizing the mean squared loss: ||r t − r|| 2 . In order to prevent feedback loops, we do not backpropagate this error through the recurrent network <ref type="bibr" target="#b32">(Zaremba &amp; Sutskever, 2015)</ref>.</p><p>REINFORCE is an elegant algorithm to train at the sequence level using any user-defined reward. In this work, we use BLEU and ROUGE-2 as reward, however one could just as easily use any other metric. When presented as is, one major drawback associated with the algorithm is that it assumes a random policy to start with. This assumption can make the learning for large action spaces very challenging. Unfortunately, text generation is such a setting where the cardinality of the action set is in the order of 10 4 (the number of words in the vocabulary). This leads to a very high branching factor where it is extremely hard for a random policy to improve in any reasonable amount of time. In the next section we describe the MIXER algorithm which addresses these issues, better targeting text generation applications.</p></div>
<div xmlns="http://www.tei-c.org/ns/1.0"><head n="3.2.2">MIXED INCREMENTAL CROSS-ENTROPY REINFORCE (MIXER)</head><p>The MIXER algorithm borrows ideas both from DAGGER <ref type="bibr" target="#b23">(Ross et al., 2011)</ref> and DAD <ref type="bibr" target="#b29">(Venkatraman et al., 2015;</ref><ref type="bibr" target="#b3">Bengio et al., 2015)</ref> and modifies the REINFORCE appropriately. The first key idea is to change the initial policy of REINFORCE to make sure the model can effectively deal with the large action space of text generation. Instead of starting from a poor random policy and training the model to converge towards the optimal policy, we do the exact opposite. We start from the optimal policy and then slowly deviate from it to let the model explore and make use of its own predictions. We first train the RNN with the cross-entropy loss for N XENT epochs using the ground truth sequences. This ensures that we start off with a much better policy than random because now the model can focus on a good part of the search space. This can be better understood by comparing the perplexity of a language model that is randomly initialized versus one that is trained. Perplexity is a measure of uncertainty of the prediction and, roughly speaking, it corresponds to the average number of words the model is 'hesitating' about when making a prediction. A good language model trained on one of our data sets has perplexity of 50, whereas a random model is likely to have perplexity close to the size of the vocabulary, which is about 10, 000.</p><p>The second idea is to introduce model predictions during training with an annealing schedule in order to gradually teach the model to produce stable sequences. Let T be the length of the sequence. After the initial N XENT epochs, we continue training the model for N XE+R epochs, such that, for every sequence we use the XENT loss for the first (T − ∆) steps, and the REINFORCE algorithm for the remaining ∆ steps. In our experiments ∆ is typically set to two or three. Next we anneal the number of steps for which we use the XENT loss for every sequence to (T − 2∆) and repeat the training for another N XE+R epochs. We repeat this process until only REINFORCE is used to train the whole sequence. See Algorithm 1 for the pseudo-code.</p><formula xml:id="formula_13">h = ✓ (;, h 1 ) p ✓ (w|;, h 1 ) XENT h 1 ; w 2 sampler sampler w g 2 p ✓ (w|w g 2 , h 2 ) w g 3 BLEU [w g 1 , . . . , w g T ] [w 1 , . . . , w T ] h 3 = ✓ (w g 2 , h 2 )</formula><p>Figure 4: Illustration of MIXER. In the first s unrolling steps (here s = 1), the network resembles a standard RNN trained by XENT. In the remaining steps, the input to each module is a sample from the distribution over words produced at the previous time step. Once the end of sentence is reached (or the maximum sequence length), a reward is computed, e.g., BLEU. REINFORCE is then used to back-propagate the gradients through the sequence of samplers. We employ an annealing schedule on s, starting with s equal to the maximum sequence length T and finishing with s = 1. Algorithm 1: MIXER pseudo-code.</p><p>We call this algorithm Mixed Incremental Cross-Entropy Reinforce (MIXER) because we combine both XENT and REINFORCE, and we use incremental learning (a.k.a. curriculum learning). The overall algorithm is illustrated in <ref type="figure">Figure 4</ref>. By the end of training, the model can make effective use of its own predictions in-line with its use at test time.</p></div>
<div xmlns="http://www.tei-c.org/ns/1.0"><head>EXPERIMENTS</head><p>In all our experiments, we train conditional RNNs by unfolding them up to a certain maximum length. We chose this length to cover about 95% of the target sentences in the data sets we consider. The remaining sentences are cropped to the chosen maximum length. For training, we use stochastic gradient descent with mini-batches of size 32 and we reset the hidden states at the beginning of each sequence. Before updating the parameters we re-scale the gradients if their norm is above 10 <ref type="bibr" target="#b18">(Mikolov et al., 2010)</ref>. We search over the values of hyper-parameter, such as the initial learning rate, the various scheduling parameters, number of epochs, etc., using a held-out validation set. We then take the model that performed best on the validation set and compute BLEU or ROUGE score on the test set. In the following sections we report results on the test set only. Greedy generation is performed by taking the most likely word at each time step.</p></div>
<div xmlns="http://www.tei-c.org/ns/1.0"><head n="4.1">TEXT SUMMARIZATION</head><p>We consider the problem of abstractive summarization where, given a piece of "source" text, we aim at generating its summary (the "target" text) such that its meaning is intact. The data set we use to train and evaluate our models consists of a subset of the Gigaword corpus <ref type="bibr" target="#b8">(Graff et al., 2003)</ref> as described in <ref type="bibr" target="#b26">Rush et al. (2015)</ref>. This is a collection of news articles taken from different sources over the past two decades. Our version is organized as a set of example pairs, where each pair is composed of the first sentence of a news article (the source sentence) and its corresponding headline (the target sentence). We pre-process the data in the same way as in <ref type="bibr" target="#b26">(Rush et al., 2015)</ref>, which consists of lower-casing and replacing the infrequent words with a special token denoted by "&lt;unk&gt;". After pre-processing there are 12321 unique words in the source dictionary and words in the target dictionary. The number of sample pairs in the training, validation and test set are 179414, 22568, and 22259 respectively. The average sequence length of the target headline is about words. We considered sequences up to 15 words to comply with our initial constraint of covering at least 95% of the data.</p><p>Our generative model is a conditional Elman RNN (Equation 3) with hidden units, where the conditioning vector c t is provided by a convolutional attentive encoder, similar to the one described in Section 3.2 of <ref type="bibr" target="#b26">Rush et al. (2015)</ref> and inspired by <ref type="bibr" target="#b2">Bahdanau et al. (2015)</ref>. The details of our attentive encoder are mentioned in Section 6.2 of the Supplementary Material. We also tried LSTMs as our generative model for this task, however it did not improve performance. We conjecture this is due to the fact that the target sentences in this data set are rather short.</p></div>
<div xmlns="http://www.tei-c.org/ns/1.0"><head n="4.2">MACHINE TRANSLATION</head><p>For the translation task, our generative model is an LSTM with hidden units and it uses the same attentive encoder architecture as the one used for summarization. We use data from the German-English machine translation track of the IWSLT 2014 evaluation campaign <ref type="bibr" target="#b4">(Cettolo et al., 2014)</ref>. The corpus consists of sentence-aligned subtitles of TED and TEDx talks. We pre-process the training data using the tokenizer of the Moses toolkit <ref type="bibr" target="#b13">(Koehn et al., 2007)</ref> and remove sentences longer than 50 words as well as casing. The training data comprises of about sentences where the average English sentence is 17.5 words long and the average German sentence is 18.5 words long. In order to retain at least 95% of this data, we unrolled our RNN for 25 steps. Our validation set comprises of 6969 sentence pairs which was taken from the training data. The test set is a concatenation of dev2010, dev2012, tst2010, tst2011 and tst2012 which results in sentence pairs. The English dictionary has 22822 words while the German has 32009 words.</p></div>
<div xmlns="http://www.tei-c.org/ns/1.0"><head n="4.3">IMAGE CAPTIONING</head><p>For the image captioning task, we use the MSCOCO dataset <ref type="bibr" target="#b16">(Lin et al., 2014)</ref>. We use the entire training set provided by the authors, which consists of around 80k images. We then took the original validation set (consisting of around 40k images) and randomly sampled (without replacement) 5000 images for validation and another 5000 for test. There are 5 different captions for each image. At training time we sample one of these captions, while at test time we report the maximum BLEU score across the five captions. The context is represented by 1024 features extracted by a Convolutional Neural Network (CNN) trained on the Imagenet dataset <ref type="bibr" target="#b6">(Deng et al., 2009)</ref>; we do not back-propagate through these features. We use a similar experimental set up as described in <ref type="bibr" target="#b3">Bengio et al. (2015)</ref>. The RNN is a single layer LSTM with hidden units and the image features are provided to the generative model as the first word in the sequence. We pre-process the captions by lower-casing all words and replacing all the words which appear less than 3 times with a special token "&lt;unk&gt;". As a result the total number of unique words in our dataset is 10012. Keeping in mind the 95% rule, we unroll the RNN for 15 steps.</p></div>
<div xmlns="http://www.tei-c.org/ns/1.0"><head n="4.4">RESULTS</head><p>In order to validate MIXER, we compute BLEU score on the machine translation and image captioning task, and ROUGE on the summarization task. The input provided to the system is only the context and the beginning of sentence token. We apply the same protocol to the baseline methods as well. The scores on the test set are reported in <ref type="figure">Figure 5</ref>.</p><p>We observe that MIXER produces the best generations and improves generation over XENT by 1 to 3 points across all the tasks. Unfortunately the E2E approach did not prove to be very effective. Training at the sequence level and directly optimizing for testing score yields better generations than turning a sequence of discrete decisions into a differentiable process amenable to standard back-propagation of the error. DAD is usually better than the XENT, but not as good as MIXER.</p><p>Overall, these experiments demonstrate the importance of optimizing for the metric used at test time. In summarization for instance, XENT and MIXER trained with ROUGE achieve a poor performance in terms of BLEU (8.16 and 5.80 versus 9.32 of MIXER trained with BLEU); likewise, MIXER Figure 5: Left: BLEU-4 (translation and image captioning) and ROUGE-2 (summarization) scores using greedy generation. Right: Relative gains produced by DAD, E2E and MIXER on the three tasks. The relative gain is computed as the ratio between the score of a model over the score of the reference XENT model on the same task. The horizontal line indicates the performance of XENT. <ref type="figure">Figure 6</ref>: Test score (ROUGE for summarization and BLEU for machine translation and image captioning) as a function of the number of hypotheses k in the beam search. Beam search always improves performance, although the amount depends on the task. The dark line shows the performance of MIXER using greedy generation, while the gray line shows MIXER using beam search with k = 10.</p><p>trained with BLEU does not achieve as good ROUGE score as a MIXER optimizing ROUGE at training time as well (15.1 versus 16.22, see also <ref type="figure">Figure 8</ref> in Supplementary Material).</p><p>Next, we experimented with beam search. The results in <ref type="figure">Figure 6</ref> suggest that all methods, including MIXER, improve the quality of their generation by using beam search. However, the extent of the improvement is very much task dependent. We observe that the greedy performance of MIXER (i.e., without beam search) cannot be matched by baselines using beam search in two out of the three tasks. Moreover, MIXER is several times faster since it relies only on greedy search.</p><p>It is worth mentioning that the REINFORCE baseline did not work for these applications. Exploration from a random policy has little chance of success. We do not report it since we were never able to make it converge within a reasonable amount of time. Using the hybrid XENT-REINFORCE loss without incremental learning is also insufficient to make training take off from random chance. In order to gain some insight on what kind of schedule works, we report in <ref type="table">Table 2</ref> of Supplementary Material the best values we found after grid search over the hyper-parameters of MIXER. Finally, we report some anecdotal examples of MIXER generation in <ref type="figure">Figure 7</ref> of Supplementary Material.</p></div>
<div xmlns="http://www.tei-c.org/ns/1.0"><head>CONCLUSIONS</head><p>Our work is motivated by two major deficiencies in training the current generative models for text generation: exposure bias and a loss which does not operate at the sequence level. While Reinforcement learning can potentially address these issues, it struggles in settings when there are very large action spaces, such as in text generation. Towards that end, we propose the MIXER algorithm, which deals with these issues and enables successful training of reinforcement learning models for text generation. We achieve this by replacing the initial random policy with the optimal policy of a cross-entropy trained model and by gradually exposing the model more and more to its own predictions in an incremental learning framework.</p><p>Our results show that MIXER outperforms three strong baselines for greedy generation and it is very competitive with beam search. The approach we propose is agnostic to the underlying model or the form of the reward function. In future work we would like to design better estimation techniques for the average rewardr t , because poor estimates can lead to slow convergence of both REINFORCE and MIXER. Finally, our training algorithm relies on a single sample while it would be interesting to investigate the effect of more comprehensive search methods at training time.</p></div>
<div xmlns="http://www.tei-c.org/ns/1.0"><head>SUPPLEMENTARY MATERIAL</head><p>6.1 EXPERIMENTS 6.1.1 QUALITATIVE COMPARISON</p><p>CONTEXT: a chinese government official on sunday dismissed reports that the government was delaying the issuing of third generation -lrb-#g -rrb-mobile phone licenses in order to give a developing &lt;unk&gt; system an advantage GROUND TRUTH: foreign phone operators to get equal access to china 's #g market XENT:</p><p>china dismisses report of #g mobile phone phone DAD: china denies &lt;unk&gt; &lt;unk&gt; mobile phone licenses E2E:</p><p>china 's mobile phone licenses delayed MIXER:</p><p>china official dismisses reports of #g mobile licenses CONTEXT: greece risks bankruptcy if it does not take radical extra measures to fix its finances , prime minister george papandreou warned on tuesday , saying the country was in a '' wartime situation GROUND TRUTH: greece risks bankruptcy without radical action XENT:</p><p>greece warns &lt;unk&gt; measures to &lt;unk&gt; finances DAD:</p><p>greece says no measures to &lt;unk&gt; &lt;unk&gt; E2E:</p><p>greece threatens to &lt;unk&gt; measures to &lt;unk&gt; finances MIXER:</p><p>greece does not take radical measures to &lt;unk&gt; deficit CONTEXT: the indonesian police were close to identify the body parts resulted from the deadly explosion in front of the australian embassy by the dna test , police chief general &lt;unk&gt; &lt;unk&gt; said on wednesday GROUND TRUTH: indonesian police close to &lt;unk&gt; australian embassy bomber XENT:</p><p>indonesian police close to &lt;unk&gt; DAD:</p><p>indonesian police close to &lt;unk&gt; E2E:</p><p>indonesian police close to monitor deadly australia MIXER:</p><p>indonesian police close to &lt;unk&gt; parts of australian embassy CONTEXT: hundreds of catholic and protestant youths attacked security forces with &lt;unk&gt; bombs in a flashpoint area of north belfast late thursday as violence erupted for the second night in a row , police said GROUND TRUTH: second night of violence erupts in north belfast XENT: urgent hundreds of catholic and &lt;unk&gt; &lt;unk&gt; in &lt;unk&gt; DAD:</p><p>hundreds of belfast &lt;unk&gt; &lt;unk&gt; in n. belfast E2E:</p><p>hundreds of catholic protestant , &lt;unk&gt; clash with &lt;unk&gt; MIXER:</p><p>hundreds of catholic &lt;unk&gt; attacked in north belfast CONTEXT: uganda 's lord 's resistance army -lrb-lra -rrb-rebel leader joseph &lt;unk&gt; is planning to join his commanders in the ceasefire area ahead of talks with the government , ugandan army has said GROUND TRUTH: rebel leader to move to ceasefire area XENT:</p><p>uganda 's &lt;unk&gt; rebel leader to join ceasefire DAD:</p><p>ugandan rebel leader to join ceasefire talks E2E:</p><p>ugandan rebels &lt;unk&gt; rebel leader MIXER: ugandan rebels to join ceasefire in &lt;unk&gt; CONTEXT: a russian veterinary official reported a fourth outbreak of dead domestic poultry in a suburban moscow district sunday as experts tightened &lt;unk&gt; following confirmation of the presence of the deadly h#n# bird flu strain GROUND TRUTH: tests confirm h#n# bird flu strain in # &lt;unk&gt; moscow &lt;unk&gt; XENT:</p><p>russian official reports fourth flu in &lt;unk&gt; DAD:</p><p>bird flu outbreak in central china E2E:</p><p>russian official official says outbreak outbreak outbreak in &lt;unk&gt; MIXER: russian official reports fourth bird flu CONTEXT: a jewish human rights group announced monday that it will offer &lt;unk&gt; a dlrs ##,### reward for information that helps them track down those suspected of participating in nazi atrocities during world war ii GROUND TRUTH: jewish human rights group offers reward for information on nazi suspects in lithuania XENT:</p><p>jewish rights group announces &lt;unk&gt; to reward for war during world war DAD:</p><p>rights group announces &lt;unk&gt; dlrs dlrs dlrs reward E2E:</p><p>jewish rights group offers reward for &lt;unk&gt; MIXER:</p><p>jewish human rights group to offer reward for &lt;unk&gt; CONTEXT: a senior u.s. envoy reassured australia 's opposition labor party on saturday that no decision had been made to take military action against iraq and so no military assistance had been sought from australia GROUND TRUTH: u.s. envoy meets opposition labor party to discuss iraq XENT:</p><p>australian opposition party makes progress on military action against iraq DAD:</p><p>australian opposition party says no military action against iraq E2E:</p><p>us envoy says no decision to take australia 's labor MIXER:</p><p>u.s. envoy says no decision to military action against iraq CONTEXT: republican u.s. presidential candidate rudy giuliani met privately wednesday with iraqi president jalal talabani and indicated that he would keep a u.s. presence in iraq for as long as necessary , campaign aides said GROUND TRUTH: giuliani meets with iraqi president , discusses war XENT:</p><p>&lt;unk&gt; meets with president of iraqi president DAD:</p><p>republican presidential candidate meets iraqi president E2E: u.s. president meets with iraqi president MIXER: u.s. presidential candidate giuliani meets with iraqi president <ref type="figure">Figure 7</ref>: Examples of greedy generations after conditioning on sentences from the test summarization dataset. The "&lt;unk&gt;" token is produced by our tokenizer and it replaces rare words.  <ref type="figure">Figure 8</ref>: Relative gains on summarization with respect to the XENT baseline. Left: relative BLEU score. Right: relative ROUGE-2. The models are: DAD, E2E, MIXER trained for the objective used at test time (method proposed in this paper), and MIXER trained with a different metric. When evaluating for BLEU, the last column on the left reports the evaluation of MIXER trained using ROUGE-2. When evaluating for ROUGE-2, the last column on the right reports the evaluation of MIXER trained using BLEU. Training in expectation (Reinforce) <ref type="figure">Figure 9</ref>: Search space for the toy case of a binary vocabulary and sequences of length 4. The trees represent all the 2 4 possible sequences. The solid black line is the ground truth sequence. (Left) Greedy training such as XENT optimizes only the probability of the next word. The model may consider choices indicated by the green arrows, but it starts off from words taken from the ground truth sequence. The model experiences exposure bias, since it sees only words branching off the ground truth path; (Right) REINFORCE and MIXER optimize over all possible sequences, using the predictions made by the model itself. In practice, the model samples only a single path indicated by the blue solid line. The model does not suffer from exposure bias; the model is trained as it is tested.</p></div><figure xmlns="http://www.tei-c.org/ns/1.0" xml:id="fig_0"><head></head><label></label><figDesc>. w... w... w... w... w... w... w... w... w... w... w... w... w... w... w... . w... w... w... w... w... w... w... w... w... w... w... w... w... w... w... . w... w... w... w... w... w... w... w... w... w... w... w... w... w... w...</figDesc></figure>
<figure xmlns="http://www.tei-c.org/ns/1.0" type="table" xml:id="tab_1"><head></head><label></label><figDesc>Data: a set of sequences with their corresponding context.</figDesc><table /><note>Result: RNN optimized for generation. Initialize RNN at random and set N XENT , N XE+R and ∆; for s = T , 1, −∆ do if s == T then train RNN for N XENT epochs using XENT only; else train RNN for N XE+R epochs. Use XENT loss in the first s steps, and REINFORCE (sampling from the model) in the remaining T − s steps; end end</note></figure>
			<note xmlns="http://www.tei-c.org/ns/1.0" place="foot">Code available at: https://github.com/facebookresearch/MIXER</note>
		</body>
		<back>

			<div type="acknowledgement">
<div xmlns="http://www.tei-c.org/ns/1.0"><head>ACKNOWLEDGMENTS</head><p>The authors would like to thank David Grangier, Tomas Mikolov, Leon Bottou, Ronan Collobert and Laurens van der Maaten for their insightful comments. We also would like to thank Alexander M. Rush for his help in preparing the data set for the summarization task and Sam Gross for providing the image features.</p></div>
			</div>

			<div type="annex">
<div xmlns="http://www.tei-c.org/ns/1.0"><head n="6.2">THE ATTENTIVE ENCODER</head><p>Here we explain in detail how we generate the conditioning vector c t for our RNN using the source sentence and the current hidden state h t . Let us denote by s the source sentence which is composed of a sequence of M words s = [w 1 , . . . , w M ]. With a slight overload of notation let w i also denote the d dimensional learnable embedding of the i-th word (w i ∈ R d ). In addition the position i of the word w i is also associated with a learnable embedding l i of size d (l i ∈ R d ). Then the full embedding for the i-th word in the input sentence is given by a i = w i + l i . In order for the embeddings to capture local context, we associate an aggregate embedding z i to each word in the source sentence. In particular for a word in the i-th position, its aggregate embedding z i is computed by taking a window of q consecutive words centered at position i and averaging the embeddings of all the words in this window. More precisely, the aggregate embedding z i is given by:</p><p>In our experiments the width q was set to 5. In order to account for the words at the two boundaries of the input sentence we first pad the sequence on both sides with dummy words before computing the aggregate vectors z i s. Given these aggregate vectors of words, we compute the context vector c t (the final output of the encoder) as:</p><p>where the weights α j,t are computed as</p><p>6.3 BEAM SEARCH ALGORITHM Equation 7 always chooses the highest scoring next word candidate at each time step. At test time we can reduce the effect of search error by pursuing not only one but k next word candidates at each point, which is commonly known as beam search. While still approximate, this strategy can recover higher scoring sequences that are often also better in terms of our final evaluation metric. The algorithm maintains the k highest scoring partial sequences, where k is a hyper-parameter. Setting k = 1 reduces the algorithm to a greedy left-to-right search (Eq. <ref type="formula">7</ref>).</p><p>Input: model p θ , beam size k Result: sequence of words [w g 1 , w g 2 , . . . , w g n ] empty heaps {H t } t=1,...T ; an empty hidden state vector h 1 ;</p><p>Algorithm 2: Pseudo-code of beam search with beam size k.</p><p>The current version of the paper updates the first version uploaded on arXiv as follows:</p><p>• on the summarization task, we report results using both ROUGE-2 and BLEU to demonstrate that MIXER can work with any metric. • on machine translation and image captioning we use LSTM instead of Elman RNN to demonstrate the MIXER can work with any underlying parametric model. • BLEU is evaluated using up to 4-grams, and it is computed at the corpus level (except in the image captioning case) as this seems the most common practice in the summarization and machine translation literature. • we have added several references as suggested by our reviewers • we have shortened the paper by moving some content to the Supplementary Material.</p></div>			</div>
			<div type="references">

				<listBibl>

<biblStruct xml:id="b0">
	<analytic>
		<title level="a" type="main">Decoder integration and expected bleu training for recurrent neural network language models</title>
		<author>
			<persName xmlns="http://www.tei-c.org/ns/1.0"><forename type="first">M</forename><surname>Auli</surname></persName>
		</author>
		<author>
			<persName xmlns="http://www.tei-c.org/ns/1.0"><forename type="first">J</forename><surname>Gao</surname></persName>
		</author>
	</analytic>
	<monogr>
		<title level="m">Proc. of ACL</title>
		<meeting>of ACL</meeting>
		<imprint>
			<date type="published" when="2014-06" />
		</imprint>
	</monogr>
</biblStruct>

<biblStruct xml:id="b1">
	<monogr>
		<title level="m" type="main">Multiple object recognition with visual attention</title>
		<author>
			<persName xmlns="http://www.tei-c.org/ns/1.0"><forename type="first">J</forename><forename type="middle">L</forename><surname>Ba</surname></persName>
		</author>
		<author>
			<persName xmlns="http://www.tei-c.org/ns/1.0"><forename type="first">V</forename><surname>Mnih</surname></persName>
		</author>
		<author>
			<persName xmlns="http://www.tei-c.org/ns/1.0"><forename type="first">K</forename><surname>Kavukcuoglu</surname></persName>
		</author>
		<imprint/>
	</monogr>
</biblStruct>

<biblStruct xml:id="b2">
	<analytic>
		<title level="a" type="main">Neural machine translation by jointly learning to align and translate</title>
		<author>
			<persName xmlns="http://www.tei-c.org/ns/1.0"><forename type="first">D</forename><surname>Bahdanau</surname></persName>
		</author>
		<author>
			<persName xmlns="http://www.tei-c.org/ns/1.0"><forename type="first">K</forename><surname>Cho</surname></persName>
		</author>
		<author>
			<persName xmlns="http://www.tei-c.org/ns/1.0"><forename type="first">Y</forename><surname>Bengio</surname></persName>
		</author>
	</analytic>
	<monogr>
		<title level="m">ICLR</title>
		<imprint>
			<date type="published" when="2015" />
		</imprint>
	</monogr>
</biblStruct>

<biblStruct xml:id="b3">
	<analytic>
		<title level="a" type="main">Scheduled sampling for sequence prediction with recurrent neural networks</title>
		<author>
			<persName xmlns="http://www.tei-c.org/ns/1.0"><forename type="first">S</forename><surname>Bengio</surname></persName>
		</author>
		<author>
			<persName xmlns="http://www.tei-c.org/ns/1.0"><forename type="first">O</forename><surname>Vinyals</surname></persName>
		</author>
		<author>
			<persName xmlns="http://www.tei-c.org/ns/1.0"><forename type="first">N</forename><surname>Jaitly</surname></persName>
		</author>
		<author>
			<persName xmlns="http://www.tei-c.org/ns/1.0"><forename type="first">N</forename><surname>Shazeer</surname></persName>
		</author>
	</analytic>
	<monogr>
		<title level="m">NIPS</title>
		<imprint>
			<date type="published" when="2015" />
		</imprint>
	</monogr>
</biblStruct>

<biblStruct xml:id="b4">
	<analytic>
		<title level="a" type="main">Report on the 11th iwslt evaluation campaign</title>
		<author>
			<persName xmlns="http://www.tei-c.org/ns/1.0"><forename type="first">M</forename><surname>Cettolo</surname></persName>
		</author>
		<author>
			<persName xmlns="http://www.tei-c.org/ns/1.0"><forename type="first">J</forename><surname>Niehues</surname></persName>
		</author>
		<author>
			<persName xmlns="http://www.tei-c.org/ns/1.0"><forename type="first">S</forename><surname>Stüker</surname></persName>
		</author>
		<author>
			<persName xmlns="http://www.tei-c.org/ns/1.0"><forename type="first">L</forename><surname>Bentivogli</surname></persName>
		</author>
		<author>
			<persName xmlns="http://www.tei-c.org/ns/1.0"><forename type="first">Federico</forename></persName>
		</author>
		<author>
			<persName xmlns="http://www.tei-c.org/ns/1.0"><forename type="first">M</forename></persName>
		</author>
	</analytic>
	<monogr>
		<title level="m">Proc. of IWSLT</title>
		<meeting>of IWSLT</meeting>
		<imprint>
			<date type="published" when="2014" />
		</imprint>
	</monogr>
</biblStruct>

<biblStruct xml:id="b5">
	<analytic>
		<title level="a" type="main">Search-based structured prediction as classification</title>
		<author>
			<persName xmlns="http://www.tei-c.org/ns/1.0"><forename type="first">Iii</forename><surname>Daume</surname></persName>
		</author>
		<author>
			<persName xmlns="http://www.tei-c.org/ns/1.0"><forename type="first">H</forename><surname>Langford</surname></persName>
		</author>
		<author>
			<persName xmlns="http://www.tei-c.org/ns/1.0"><forename type="first">J</forename><surname>Marcu</surname></persName>
		</author>
		<author>
			<persName xmlns="http://www.tei-c.org/ns/1.0"><forename type="first">D</forename></persName>
		</author>
	</analytic>
	<monogr>
		<title level="j">Machine Learning Journal</title>
		<imprint>
			<date type="published" when="2009" />
		</imprint>
	</monogr>
</biblStruct>

<biblStruct xml:id="b6">
	<analytic>
		<title level="a" type="main">Imagenet: a large-scale hierarchical image database</title>
		<author>
			<persName xmlns="http://www.tei-c.org/ns/1.0"><forename type="first">J</forename><surname>Deng</surname></persName>
		</author>
		<author>
			<persName xmlns="http://www.tei-c.org/ns/1.0"><forename type="first">W</forename><surname>Dong</surname></persName>
		</author>
		<author>
			<persName xmlns="http://www.tei-c.org/ns/1.0"><forename type="first">R</forename><surname>Socher</surname></persName>
		</author>
		<author>
			<persName xmlns="http://www.tei-c.org/ns/1.0"><forename type="first">L</forename><forename type="middle">J</forename><surname>Li</surname></persName>
		</author>
		<author>
			<persName xmlns="http://www.tei-c.org/ns/1.0"><forename type="first">K</forename><surname>Li</surname></persName>
		</author>
		<author>
			<persName xmlns="http://www.tei-c.org/ns/1.0"><forename type="first">L</forename><surname>Fei-Fei</surname></persName>
		</author>
	</analytic>
	<monogr>
		<title level="m">IEEE Conference on Computer Vision and Pattern Recognition</title>
		<imprint>
			<date type="published" when="2009" />
		</imprint>
	</monogr>
</biblStruct>

<biblStruct xml:id="b7">
	<analytic>
		<title level="a" type="main">Finding structure in time</title>
		<author>
			<persName xmlns="http://www.tei-c.org/ns/1.0"><forename type="first">Jeffrey</forename><forename type="middle">L</forename><surname>Elman</surname></persName>
		</author>
	</analytic>
	<monogr>
		<title level="j">Cognitive Science</title>
		<imprint>
			<biblScope unit="volume">14</biblScope>
			<biblScope unit="issue">2</biblScope>
			<biblScope unit="page" from="179" to="211" />
			<date type="published" when="1990" />
		</imprint>
	</monogr>
</biblStruct>

<biblStruct xml:id="b8">
	<monogr>
		<title/>
		<author>
			<persName xmlns="http://www.tei-c.org/ns/1.0"><forename type="first">D</forename><surname>Graff</surname></persName>
		</author>
		<author>
			<persName xmlns="http://www.tei-c.org/ns/1.0"><forename type="first">J</forename><surname>Kong</surname></persName>
		</author>
		<author>
			<persName xmlns="http://www.tei-c.org/ns/1.0"><forename type="first">K</forename><surname>Chen</surname></persName>
		</author>
		<author>
			<persName xmlns="http://www.tei-c.org/ns/1.0"><forename type="first">K</forename><surname>Maeda</surname></persName>
		</author>
		<author>
			<persName xmlns="http://www.tei-c.org/ns/1.0"><surname>English Gigaword</surname></persName>
		</author>
		<imprint>
			<date type="published" when="2003" />
		</imprint>
	</monogr>
	<note type="report_type">Technical report</note>
</biblStruct>

<biblStruct xml:id="b9">
	<analytic>
		<title level="a" type="main">Towards end-to-end speech recognition with recurrent neural networks</title>
		<author>
			<persName xmlns="http://www.tei-c.org/ns/1.0"><forename type="first">A</forename><surname>Graves</surname></persName>
		</author>
		<author>
			<persName xmlns="http://www.tei-c.org/ns/1.0"><forename type="first">N</forename><surname>Jaitly</surname></persName>
		</author>
	</analytic>
	<monogr>
		<title level="m">ICML</title>
		<imprint>
			<date type="published" when="2014" />
		</imprint>
	</monogr>
</biblStruct>

<biblStruct xml:id="b10">
	<analytic>
		<title level="a" type="main">Maximum expected bleu training of phrase and lexicon translation models</title>
		<author>
			<persName xmlns="http://www.tei-c.org/ns/1.0"><forename type="first">X</forename><surname>He</surname></persName>
		</author>
		<author>
			<persName xmlns="http://www.tei-c.org/ns/1.0"><forename type="first">L</forename><surname>Deng</surname></persName>
		</author>
	</analytic>
	<monogr>
		<title level="m">ACL</title>
		<imprint>
			<date type="published" when="2012" />
		</imprint>
	</monogr>
</biblStruct>

<biblStruct xml:id="b11">
	<analytic>
		<title level="a" type="main">Long short-term memory</title>
		<author>
			<persName xmlns="http://www.tei-c.org/ns/1.0"><forename type="first">S</forename><surname>Hochreiter</surname></persName>
		</author>
		<author>
			<persName xmlns="http://www.tei-c.org/ns/1.0"><forename type="first">J</forename><surname>Schmidhuber</surname></persName>
		</author>
	</analytic>
	<monogr>
		<title level="j">Neural Computation</title>
		<imprint>
			<biblScope unit="volume">9</biblScope>
			<biblScope unit="issue">8</biblScope>
			<biblScope unit="page" from="1735" to="1780" />
			<date type="published" when="1997" />
		</imprint>
	</monogr>
</biblStruct>

<biblStruct xml:id="b12">
	<analytic>
		<title level="a" type="main">Improved backing-off for M-gram language modeling</title>
		<author>
			<persName xmlns="http://www.tei-c.org/ns/1.0"><forename type="first">Reinhard</forename><surname>Kneser</surname></persName>
		</author>
		<author>
			<persName xmlns="http://www.tei-c.org/ns/1.0"><forename type="first">Hermann</forename><surname>Ney</surname></persName>
		</author>
	</analytic>
	<monogr>
		<title level="m">Proc. of the International Conference on Acoustics, Speech, and Signal Processing</title>
		<meeting>of the International Conference on Acoustics, Speech, and Signal essing</meeting>
		<imprint>
			<date type="published" when="1995-05" />
			<biblScope unit="page" from="181" to="184" />
		</imprint>
	</monogr>
</biblStruct>

<biblStruct xml:id="b13">
	<analytic>
		<title level="a" type="main">Moses: Open source toolkit for statistical machine translation</title>
		<author>
			<persName xmlns="http://www.tei-c.org/ns/1.0"><forename type="first">Philipp</forename><surname>Koehn</surname></persName>
		</author>
		<author>
			<persName xmlns="http://www.tei-c.org/ns/1.0"><surname>Hoang</surname></persName>
		</author>
		<author>
			<persName xmlns="http://www.tei-c.org/ns/1.0"><surname>Hieu</surname></persName>
		</author>
		<author>
			<persName xmlns="http://www.tei-c.org/ns/1.0"><forename type="first">Alexandra</forename><surname>Birch</surname></persName>
		</author>
		<author>
			<persName xmlns="http://www.tei-c.org/ns/1.0"><forename type="first">Chris</forename><surname>Callison-Burch</surname></persName>
		</author>
		<author>
			<persName xmlns="http://www.tei-c.org/ns/1.0"><surname>Federico</surname></persName>
		</author>
		<author>
			<persName xmlns="http://www.tei-c.org/ns/1.0"><surname>Marcello</surname></persName>
		</author>
		<author>
			<persName xmlns="http://www.tei-c.org/ns/1.0"><surname>Bertoldi</surname></persName>
		</author>
		<author>
			<persName xmlns="http://www.tei-c.org/ns/1.0"><surname>Nicola</surname></persName>
		</author>
		<author>
			<persName xmlns="http://www.tei-c.org/ns/1.0"><surname>Cowan</surname></persName>
		</author>
		<author>
			<persName xmlns="http://www.tei-c.org/ns/1.0"><surname>Brooke</surname></persName>
		</author>
		<author>
			<persName xmlns="http://www.tei-c.org/ns/1.0"><surname>Shen</surname></persName>
		</author>
		<author>
			<persName xmlns="http://www.tei-c.org/ns/1.0"><surname>Wade</surname></persName>
		</author>
		<author>
			<persName xmlns="http://www.tei-c.org/ns/1.0"><forename type="first">Christine</forename><surname>Moran</surname></persName>
		</author>
		<author>
			<persName xmlns="http://www.tei-c.org/ns/1.0"><surname>Zens</surname></persName>
		</author>
		<author>
			<persName xmlns="http://www.tei-c.org/ns/1.0"><surname>Richard</surname></persName>
		</author>
		<author>
			<persName xmlns="http://www.tei-c.org/ns/1.0"><forename type="first">Chris</forename><surname>Dyer</surname></persName>
		</author>
		<author>
			<persName xmlns="http://www.tei-c.org/ns/1.0"><surname>Bojar</surname></persName>
		</author>
		<author>
			<persName xmlns="http://www.tei-c.org/ns/1.0"><surname>Ondrej</surname></persName>
		</author>
		<author>
			<persName xmlns="http://www.tei-c.org/ns/1.0"><forename type="first">Alexandra</forename><surname>Constantin</surname></persName>
		</author>
		<author>
			<persName xmlns="http://www.tei-c.org/ns/1.0"><forename type="first">Evan</forename><surname>Herbst</surname></persName>
		</author>
	</analytic>
	<monogr>
		<title level="m">Proc. of ACL Demo and Poster Sessions</title>
		<meeting>of ACL Demo and Poster Sessions</meeting>
		<imprint>
			<date type="published" when="2007-06" />
		</imprint>
	</monogr>
</biblStruct>

<biblStruct xml:id="b14">
	<analytic>
		<title level="a" type="main">An end-to-end discriminative approach to machine translation</title>
		<author>
			<persName xmlns="http://www.tei-c.org/ns/1.0"><forename type="first">Percy</forename><surname>Liang</surname></persName>
		</author>
		<author>
			<persName xmlns="http://www.tei-c.org/ns/1.0"><forename type="first">Alexandre</forename><surname>Bouchard-Côté</surname></persName>
		</author>
		<author>
			<persName xmlns="http://www.tei-c.org/ns/1.0"><forename type="first">Ben</forename><surname>Taskar</surname></persName>
		</author>
		<author>
			<persName xmlns="http://www.tei-c.org/ns/1.0"><forename type="first">Dan</forename><surname>Klein</surname></persName>
		</author>
	</analytic>
	<monogr>
		<title level="m">acl-coling2006</title>
		<imprint>
			<date type="published" when="2006-07" />
			<biblScope unit="page" from="761" to="768" />
		</imprint>
	</monogr>
</biblStruct>

<biblStruct xml:id="b15">
	<analytic>
		<title level="a" type="main">Automatic evaluation of summaries using n-gram co-occurrence statistics</title>
		<author>
			<persName xmlns="http://www.tei-c.org/ns/1.0"><forename type="first">C</forename><forename type="middle">Y</forename><surname>Lin</surname></persName>
		</author>
		<author>
			<persName xmlns="http://www.tei-c.org/ns/1.0"><forename type="first">E</forename><forename type="middle">H</forename><surname>Hovy</surname></persName>
		</author>
	</analytic>
	<monogr>
		<title level="m">HLT-NAACL</title>
		<imprint>
			<date type="published" when="2003" />
		</imprint>
	</monogr>
</biblStruct>

<biblStruct xml:id="b16">
	<monogr>
		<title level="m" type="main">Microsoft coco: Common objects in context</title>
		<author>
			<persName xmlns="http://www.tei-c.org/ns/1.0"><forename type="first">T</forename><forename type="middle">Y</forename><surname>Lin</surname></persName>
		</author>
		<author>
			<persName xmlns="http://www.tei-c.org/ns/1.0"><forename type="first">M</forename><surname>Maire</surname></persName>
		</author>
		<author>
			<persName xmlns="http://www.tei-c.org/ns/1.0"><forename type="first">S</forename><surname>Belongie</surname></persName>
		</author>
		<author>
			<persName xmlns="http://www.tei-c.org/ns/1.0"><forename type="first">J</forename><surname>Hays</surname></persName>
		</author>
		<author>
			<persName xmlns="http://www.tei-c.org/ns/1.0"><forename type="first">P</forename><surname>Perona</surname></persName>
		</author>
		<author>
			<persName xmlns="http://www.tei-c.org/ns/1.0"><forename type="first">D</forename><surname>Ramanan</surname></persName>
		</author>
		<author>
			<persName xmlns="http://www.tei-c.org/ns/1.0"><forename type="first">P</forename><surname>Dollar</surname></persName>
		</author>
		<author>
			<persName xmlns="http://www.tei-c.org/ns/1.0"><forename type="first">C</forename><forename type="middle">L</forename><surname>Zitnick</surname></persName>
		</author>
		<imprint>
			<date type="published" when="2014" />
		</imprint>
	</monogr>
	<note type="report_type">Technical report</note>
</biblStruct>

<biblStruct xml:id="b17">
	<analytic>
		<title level="a" type="main">Direct loss minimization for structured prediction</title>
		<author>
			<persName xmlns="http://www.tei-c.org/ns/1.0"><forename type="first">D</forename><surname>Mcallester</surname></persName>
		</author>
		<author>
			<persName xmlns="http://www.tei-c.org/ns/1.0"><forename type="first">T</forename><surname>Hazan</surname></persName>
		</author>
		<author>
			<persName xmlns="http://www.tei-c.org/ns/1.0"><forename type="first">J</forename><surname>Keshet</surname></persName>
		</author>
	</analytic>
	<monogr>
		<title level="m">NIPS</title>
		<imprint>
			<date type="published" when="2010" />
		</imprint>
	</monogr>
</biblStruct>

<biblStruct xml:id="b18">
	<analytic>
		<title level="a" type="main">Recurrent neural network based language model</title>
		<author>
			<persName xmlns="http://www.tei-c.org/ns/1.0"><forename type="first">T</forename><surname>Mikolov</surname></persName>
		</author>
		<author>
			<persName xmlns="http://www.tei-c.org/ns/1.0"><forename type="first">M</forename><surname>Karafit</surname></persName>
		</author>
		<author>
			<persName xmlns="http://www.tei-c.org/ns/1.0"><forename type="first">L</forename><surname>Burget</surname></persName>
		</author>
		<author>
			<persName xmlns="http://www.tei-c.org/ns/1.0"><forename type="first">J</forename><surname>Cernock</surname></persName>
		</author>
		<author>
			<persName xmlns="http://www.tei-c.org/ns/1.0"><forename type="first">S</forename><surname>Khudanpur</surname></persName>
		</author>
	</analytic>
	<monogr>
		<title level="m">INTERSPEECH</title>
		<imprint>
			<date type="published" when="2010" />
		</imprint>
	</monogr>
</biblStruct>

<biblStruct xml:id="b19">
	<analytic>
		<title level="a" type="main">Recurrent models of visual attention</title>
		<author>
			<persName xmlns="http://www.tei-c.org/ns/1.0"><forename type="first">V</forename><surname>Mnih</surname></persName>
		</author>
		<author>
			<persName xmlns="http://www.tei-c.org/ns/1.0"><forename type="first">N</forename><surname>Heess</surname></persName>
		</author>
		<author>
			<persName xmlns="http://www.tei-c.org/ns/1.0"><forename type="first">A</forename><surname>Graves</surname></persName>
		</author>
		<author>
			<persName xmlns="http://www.tei-c.org/ns/1.0"><forename type="first">K</forename><surname>Kavukcuoglu</surname></persName>
		</author>
	</analytic>
	<monogr>
		<title level="m">NIPS</title>
		<imprint>
			<date type="published" when="2014" />
		</imprint>
	</monogr>
</biblStruct>

<biblStruct xml:id="b20">
	<analytic>
		<title level="a" type="main">Hierarchical probabilistic neural network language model</title>
		<author>
			<persName xmlns="http://www.tei-c.org/ns/1.0"><forename type="first">F</forename><surname>Morin</surname></persName>
		</author>
		<author>
			<persName xmlns="http://www.tei-c.org/ns/1.0"><forename type="first">Y</forename><surname>Bengio</surname></persName>
		</author>
	</analytic>
	<monogr>
		<title level="m">AISTATS</title>
		<imprint>
			<date type="published" when="2005" />
		</imprint>
	</monogr>
</biblStruct>

<biblStruct xml:id="b21">
	<analytic>
		<title level="a" type="main">Bleu: a method for automatic evaluation of machine translation</title>
		<author>
			<persName xmlns="http://www.tei-c.org/ns/1.0"><forename type="first">K</forename><surname>Papineni</surname></persName>
		</author>
		<author>
			<persName xmlns="http://www.tei-c.org/ns/1.0"><forename type="first">S</forename><surname>Roukos</surname></persName>
		</author>
		<author>
			<persName xmlns="http://www.tei-c.org/ns/1.0"><forename type="first">T</forename><surname>Ward</surname></persName>
		</author>
		<author>
			<persName xmlns="http://www.tei-c.org/ns/1.0"><forename type="first">W</forename><forename type="middle">J</forename><surname>Zhu</surname></persName>
		</author>
	</analytic>
	<monogr>
		<title level="m">ACL</title>
		<imprint>
			<date type="published" when="2002" />
		</imprint>
	</monogr>
</biblStruct>

<biblStruct xml:id="b22">
	<monogr>
		<title level="m" type="main">Building natural language generation systems</title>
		<author>
			<persName xmlns="http://www.tei-c.org/ns/1.0"><forename type="first">E</forename><surname>Reiter</surname></persName>
		</author>
		<author>
			<persName xmlns="http://www.tei-c.org/ns/1.0"><forename type="first">R</forename><surname>Dale</surname></persName>
		</author>
		<imprint>
			<date type="published" when="2000" />
			<publisher>Cambridge university press</publisher>
		</imprint>
	</monogr>
</biblStruct>

<biblStruct xml:id="b23">
	<analytic>
		<title level="a" type="main">A reduction of imitation learning and structured prediction to no-regret online learning</title>
		<author>
			<persName xmlns="http://www.tei-c.org/ns/1.0"><forename type="first">S</forename><surname>Ross</surname></persName>
		</author>
		<author>
			<persName xmlns="http://www.tei-c.org/ns/1.0"><forename type="first">G</forename><forename type="middle">J</forename><surname>Gordon</surname></persName>
		</author>
		<author>
			<persName xmlns="http://www.tei-c.org/ns/1.0"><forename type="first">J</forename><forename type="middle">A</forename><surname>Bagnell</surname></persName>
		</author>
	</analytic>
	<monogr>
		<title level="m">AISTATS</title>
		<imprint>
			<date type="published" when="2011" />
		</imprint>
	</monogr>
</biblStruct>

<biblStruct xml:id="b24">
	<analytic>
		<title level="a" type="main">Expected bleu training for graphs: Bbn system description for wmt11 system combination task</title>
		<author>
			<persName xmlns="http://www.tei-c.org/ns/1.0"><forename type="first">Antti-Veikko I</forename><surname>Rosti</surname></persName>
		</author>
		<author>
			<persName xmlns="http://www.tei-c.org/ns/1.0"><surname>Zhang</surname></persName>
		</author>
		<author>
			<persName xmlns="http://www.tei-c.org/ns/1.0"><surname>Bing</surname></persName>
		</author>
		<author>
			<persName xmlns="http://www.tei-c.org/ns/1.0"><forename type="first">Spyros</forename><surname>Matsoukas</surname></persName>
		</author>
		<author>
			<persName xmlns="http://www.tei-c.org/ns/1.0"><forename type="first">Richard</forename><surname>Schwartz</surname></persName>
		</author>
	</analytic>
	<monogr>
		<title level="m">Proc. of WMT</title>
		<meeting>of WMT</meeting>
		<imprint>
			<publisher>Association for Computational Linguistics</publisher>
			<date type="published" when="2011-07" />
			<biblScope unit="page" from="159" to="165" />
		</imprint>
	</monogr>
</biblStruct>

<biblStruct xml:id="b25">
	<analytic>
		<title level="a" type="main">Learning internal representations by backpropagating errors</title>
		<author>
			<persName xmlns="http://www.tei-c.org/ns/1.0"><forename type="first">D</forename><forename type="middle">E</forename><surname>Rumelhart</surname></persName>
		</author>
		<author>
			<persName xmlns="http://www.tei-c.org/ns/1.0"><forename type="first">G</forename><forename type="middle">E</forename><surname>Hinton</surname></persName>
		</author>
		<author>
			<persName xmlns="http://www.tei-c.org/ns/1.0"><forename type="first">R</forename><forename type="middle">J</forename><surname>Williams</surname></persName>
		</author>
	</analytic>
	<monogr>
		<title level="j">Nature</title>
		<imprint>
			<biblScope unit="volume">323</biblScope>
			<biblScope unit="page" from="533" to="536" />
			<date type="published" when="1986" />
		</imprint>
	</monogr>
</biblStruct>

<biblStruct xml:id="b26">
	<analytic>
		<title level="a" type="main">A neural attention model for abstractive sentence summarization</title>
		<author>
			<persName xmlns="http://www.tei-c.org/ns/1.0"><forename type="first">A</forename><forename type="middle">M</forename><surname>Rush</surname></persName>
		</author>
		<author>
			<persName xmlns="http://www.tei-c.org/ns/1.0"><forename type="first">S</forename><surname>Chopra</surname></persName>
		</author>
		<author>
			<persName xmlns="http://www.tei-c.org/ns/1.0"><forename type="first">Weston</forename></persName>
		</author>
		<author>
			<persName xmlns="http://www.tei-c.org/ns/1.0"><forename type="first">J</forename></persName>
		</author>
	</analytic>
	<monogr>
		<title level="m">EMNLP</title>
		<imprint>
			<date type="published" when="2015" />
		</imprint>
	</monogr>
</biblStruct>

<biblStruct xml:id="b27">
	<analytic>
		<title level="a" type="main">Sequence to sequence learning with neural networks</title>
		<author>
			<persName xmlns="http://www.tei-c.org/ns/1.0"><surname>Sutskever</surname></persName>
		</author>
		<author>
			<persName xmlns="http://www.tei-c.org/ns/1.0"><surname>Ilya</surname></persName>
		</author>
		<author>
			<persName xmlns="http://www.tei-c.org/ns/1.0"><forename type="first">Oriol</forename><surname>Vinyals</surname></persName>
		</author>
		<author>
			<persName xmlns="http://www.tei-c.org/ns/1.0"><forename type="first">Quoc</forename><surname>Le</surname></persName>
		</author>
	</analytic>
	<monogr>
		<title level="m">Proc. of NIPS</title>
		<meeting>of NIPS</meeting>
		<imprint>
			<date type="published" when="2014" />
		</imprint>
	</monogr>
</biblStruct>

<biblStruct xml:id="b28">
	<monogr>
		<title level="m" type="main">Reinforcement learning: An introduction</title>
		<author>
			<persName xmlns="http://www.tei-c.org/ns/1.0"><forename type="first">R</forename><forename type="middle">S</forename><surname>Sutton</surname></persName>
		</author>
		<author>
			<persName xmlns="http://www.tei-c.org/ns/1.0"><forename type="first">A</forename><forename type="middle">G</forename><surname>Barto</surname></persName>
		</author>
		<imprint>
			<date type="published" when="1988" />
			<publisher>MIT Press</publisher>
		</imprint>
	</monogr>
</biblStruct>

<biblStruct xml:id="b29">
	<analytic>
		<title level="a" type="main">Improving multi-step prediction of learned time series models</title>
		<author>
			<persName xmlns="http://www.tei-c.org/ns/1.0"><forename type="first">A</forename><surname>Venkatraman</surname></persName>
		</author>
		<author>
			<persName xmlns="http://www.tei-c.org/ns/1.0"><forename type="first">M</forename><surname>Hebert</surname></persName>
		</author>
		<author>
			<persName xmlns="http://www.tei-c.org/ns/1.0"><forename type="first">J</forename><forename type="middle">A</forename><surname>Bagnell</surname></persName>
		</author>
	</analytic>
	<monogr>
		<title level="m">AAAI</title>
		<imprint>
			<date type="published" when="2015" />
		</imprint>
	</monogr>
</biblStruct>

<biblStruct xml:id="b30">
	<analytic>
		<title level="a" type="main">Simple statistical gradient-following algorithms for connectionist reinforcement learning</title>
		<author>
			<persName xmlns="http://www.tei-c.org/ns/1.0"><forename type="first">R</forename><forename type="middle">J</forename><surname>Williams</surname></persName>
		</author>
	</analytic>
	<monogr>
		<title level="m">Machine Learning</title>
		<imprint>
			<date type="published" when="1992" />
			<biblScope unit="volume">8</biblScope>
			<biblScope unit="page" from="229" to="256" />
		</imprint>
	</monogr>
</biblStruct>

<biblStruct xml:id="b31">
	<analytic>
		<title level="a" type="main">Show, attend and tell: Neural image caption generation with visual attention</title>
		<author>
			<persName xmlns="http://www.tei-c.org/ns/1.0"><forename type="first">X</forename><surname>Xu</surname></persName>
		</author>
		<author>
			<persName xmlns="http://www.tei-c.org/ns/1.0"><forename type="first">J</forename><surname>Ba</surname></persName>
		</author>
		<author>
			<persName xmlns="http://www.tei-c.org/ns/1.0"><forename type="first">R</forename><surname>Kiros</surname></persName>
		</author>
		<author>
			<persName xmlns="http://www.tei-c.org/ns/1.0"><forename type="first">A</forename><surname>Courville</surname></persName>
		</author>
		<author>
			<persName xmlns="http://www.tei-c.org/ns/1.0"><forename type="first">R</forename><surname>Salakhutdinov</surname></persName>
		</author>
		<author>
			<persName xmlns="http://www.tei-c.org/ns/1.0"><forename type="first">R</forename><surname>Zemel</surname></persName>
		</author>
		<author>
			<persName xmlns="http://www.tei-c.org/ns/1.0"><forename type="first">Y</forename><surname>Bengio</surname></persName>
		</author>
	</analytic>
	<monogr>
		<title level="m">ICML</title>
		<imprint>
			<date type="published" when="2015" />
		</imprint>
	</monogr>
</biblStruct>

<biblStruct xml:id="b32">
	<monogr>
		<title level="m" type="main">Reinforcement learning neural turing machines</title>
		<author>
			<persName xmlns="http://www.tei-c.org/ns/1.0"><forename type="first">W</forename><surname>Zaremba</surname></persName>
		</author>
		<author>
			<persName xmlns="http://www.tei-c.org/ns/1.0"><forename type="first">I</forename><surname>Sutskever</surname></persName>
		</author>
		<imprint>
			<date type="published" when="2015" />
		</imprint>
	</monogr>
	<note type="report_type">Technical report</note>
</biblStruct>

				</listBibl>
			</div>
		</back>
	</text>
</TEI>
