<?xml version="1.0" encoding="UTF-8"?>
<TEI xml:space="preserve" xmlns="http://www.tei-c.org/ns/1.0" 
xmlns:xsi="http://www.w3.org/2001/XMLSchema-instance" 
xsi:schemaLocation="http://www.tei-c.org/ns/1.0 /Users/cindy/tmp/grobid-0.6.1/grobid-home/schemas/xsd/Grobid.xsd"
 xmlns:xlink="http://www.w3.org/1999/xlink">
	<teiHeader xml:lang="en">
		<fileDesc>
			<titleStmt>
				<title level="a" type="main">Hierarchical Graph Representation Learning with Differentiable Pooling</title>
			</titleStmt>
			<publicationStmt>
				<publisher/>
				<availability status="unknown"><licence/></availability>
				<date type="published" when="2019-02-20">20 Feb 2019</date>
			</publicationStmt>
			<sourceDesc>
				<biblStruct>
					<analytic>
						<author>
							<persName xmlns="http://www.tei-c.org/ns/1.0"><forename type="first">Rex</forename><surname>Ying</surname></persName>
							<email>rexying@stanford.edu</email>
							<affiliation key="aff0">
								<orgName type="institution">Stanford University</orgName>
							</affiliation>
						</author>
						<author>
							<persName xmlns="http://www.tei-c.org/ns/1.0"><forename type="first">Christopher</forename><surname>Morris</surname></persName>
							<email>christopher.morris@udo.edu</email>
							<affiliation key="aff1">
								<orgName type="institution">TU Dortmund University Xiang Ren</orgName>
							</affiliation>
						</author>
						<author>
							<persName xmlns="http://www.tei-c.org/ns/1.0"><forename type="first">William</forename><forename type="middle">L</forename><surname>Hamilton</surname></persName>
							<affiliation key="aff2">
								<orgName type="institution">University of Southern</orgName>
								<address>
									<country>California</country>
								</address>
							</affiliation>
						</author>
						<author>
							<persName xmlns="http://www.tei-c.org/ns/1.0"><forename type="first">Jure</forename><surname>Leskovec</surname></persName>
							<affiliation key="aff3">
								<orgName type="institution">Stanford University</orgName>
							</affiliation>
						</author>
						<title level="a" type="main">Hierarchical Graph Representation Learning with Differentiable Pooling</title>
					</analytic>
					<monogr>
						<imprint>
							<date type="published" when="2019-02-20">20 Feb 2019</date>
						</imprint>
					</monogr>
					<idno type="arXiv">arXiv:1806.08804v4[cs.LG]</idno>
				</biblStruct>
			</sourceDesc>
		</fileDesc>
		<encodingDesc>
			<appInfo>
				<application version="0.6.1" ident="GROBID" when="2021-01-31T12:44+0000">
					<desc>GROBID - A machine learning software for extracting information from scholarly documents</desc>
					<ref target="https://github.com/kermitt2/grobid"/>
				</application>
			</appInfo>
		</encodingDesc>
		<profileDesc>
			<abstract>
				<p>Recently, graph neural networks (GNNs) have revolutionized the field of graph representation learning through effectively learned node embeddings, and achieved state-of-the-art results in tasks such as node classification and link prediction. However, current GNN methods are inherently flat and do not learn hierarchical representations of graphs-a limitation that is especially problematic for the task of graph classification, where the goal is to predict the label associated with an entire graph. Here we propose DIFFPOOL, a differentiable graph pooling module that can generate hierarchical representations of graphs and can be combined with various graph neural network architectures in an end-to-end fashion. DIFFPOOL learns a differentiable soft cluster assignment for nodes at each layer of a deep GNN, mapping nodes to a set of clusters, which then form the coarsened input for the next GNN layer. Our experimental results show that combining existing GNN methods with DIFFPOOL yields an average improvement of 5-10% accuracy on graph classification benchmarks, compared to all existing pooling approaches, achieving a new state-of-the-art on four out of five benchmark data sets.</p>
			</abstract>
		</profileDesc>
	</teiHeader>
	<text xml:lang="en">
		<body>
<div xmlns="http://www.tei-c.org/ns/1.0"><head n="1">Introduction</head><p>In recent years there has been a surge of interest in developing graph neural networks (GNNs)general deep learning architectures that can operate over graph structured data, such as social network data <ref type="bibr" target="#b15">[16,</ref><ref type="bibr" target="#b21">22,</ref><ref type="bibr" target="#b36">37]</ref> or graph-based representations of molecules <ref type="bibr" target="#b6">[7,</ref><ref type="bibr" target="#b10">11,</ref><ref type="bibr" target="#b14">15]</ref>. The general approach with GNNs is to view the underlying graph as a computation graph and learn neural network primitives that generate individual node embeddings by passing, transforming, and aggregating node feature information across the graph <ref type="bibr" target="#b14">[15,</ref><ref type="bibr" target="#b15">16]</ref>. The generated node embeddings can then be used as input to any differentiable prediction layer, e.g., for node classification <ref type="bibr" target="#b15">[16]</ref> or link prediction <ref type="bibr" target="#b32">[33]</ref>, and the whole model can be trained in an end-to-end fashion.</p><p>However, a major limitation of current GNN architectures is that they are inherently flat as they only propagate information across the edges of the graph and are unable to infer and aggregate the information in a hierarchical way. For example, in order to successfully encode the graph structure of organic molecules, one would ideally want to encode the local molecular structure (e.g., individual  <ref type="figure">Figure 1</ref>: High-level illustration of our proposed method DIFFPOOL. At each hierarchical layer, we run a GNN model to obtain embeddings of nodes. We then use these learned embeddings to cluster nodes together and run another GNN layer on this coarsened graph. This whole process is repeated for L layers and we use the final output representation to classify the graph.</p><p>atoms and their direct bonds) as well as the coarse-grained structure of the molecular graph (e.g., groups of atoms and bonds representing functional units in a molecule). This lack of hierarchical structure is especially problematic for the task of graph classification, where the goal is to predict the label associated with an entire graph. When applying GNNs to graph classification, the standard approach is to generate embeddings for all the nodes in the graph and then to globally pool all these node embeddings together, e.g., using a simple summation or neural network that operates over sets <ref type="bibr" target="#b6">[7,</ref><ref type="bibr" target="#b10">11,</ref><ref type="bibr" target="#b14">15,</ref><ref type="bibr" target="#b25">26]</ref>. This global pooling approach ignores any hierarchical structure that might be present in the graph, and it prevents researchers from building effective GNN models for predictive tasks over entire graphs.</p><p>Here we propose DIFFPOOL, a differentiable graph pooling module that can be adapted to various graph neural network architectures in an hierarchical and end-to-end fashion ( <ref type="figure">Figure 1</ref>). DIFFPOOL allows for developing deeper GNN models that can learn to operate on hierarchical representations of a graph. We develop a graph analogue of the spatial pooling operation in CNNs <ref type="bibr" target="#b23">[24]</ref>, which allows for deep CNN architectures to iteratively operate on coarser and coarser representations of an image. The challenge in the GNN setting-compared to standard CNNs-is that graphs contain no natural notion of spatial locality, i.e., one cannot simply pool together all nodes in a "m × m patch" on a graph, because the complex topological structure of graphs precludes any straightforward, deterministic definition of a "patch". Moreover, unlike image data, graph data sets often contain graphs with varying numbers of nodes and edges, which makes defining a general graph pooling operator even more challenging.</p><p>In order to solve the above challenges, we require a model that learns how to cluster together nodes to build a hierarchical multi-layer scaffold on top of the underlying graph. Our approach DIFFPOOL learns a differentiable soft assignment at each layer of a deep GNN, mapping nodes to a set of clusters based on their learned embeddings. In this framework, we generate deep GNNs by "stacking" GNN layers in a hierarchical fashion <ref type="figure">(Figure 1</ref>): the input nodes at the layer l GNN module correspond to the clusters learned at the layer l − 1 GNN module. Thus, each layer of DIFFPOOL coarsens the input graph more and more, and DIFFPOOL is able to generate a hierarchical representation of any input graph after training. We show that DIFFPOOL can be combined with various GNN approaches, resulting in an average 7% gain in accuracy and a new state of the art on four out of five benchmark graph classification tasks. Finally, we show that DIFFPOOL can learn interpretable hierarchical clusters that correspond to well-defined communities in the input graphs.</p></div>
<div xmlns="http://www.tei-c.org/ns/1.0"><head n="2">Related Work</head><p>Our work builds upon a rich line of recent research on graph neural networks and graph classification.</p><p>General graph neural networks. A wide variety of graph neural network (GNN) models have been proposed in recent years, including methods inspired by convolutional neural networks <ref type="bibr" target="#b4">[5,</ref><ref type="bibr" target="#b7">8,</ref><ref type="bibr" target="#b10">11,</ref><ref type="bibr" target="#b15">16,</ref><ref type="bibr" target="#b21">22,</ref><ref type="bibr" target="#b24">25,</ref><ref type="bibr" target="#b29">30,</ref><ref type="bibr" target="#b36">37]</ref>, recurrent neural networks <ref type="bibr" target="#b25">[26]</ref>, recursive neural networks <ref type="bibr" target="#b0">[1,</ref><ref type="bibr" target="#b30">31]</ref> and loopy belief propagation <ref type="bibr" target="#b6">[7]</ref>. Most of these approaches fit within the framework of "neural message passing" proposed by Gilmer et al. <ref type="bibr" target="#b14">[15]</ref>. In the message passing framework, a GNN is viewed as a message passing algorithm where node representations are iteratively computed from the features of their neighbor nodes using a differentiable aggregation function. Hamilton et al. <ref type="bibr" target="#b16">[17]</ref> provides a conceptual review of recent advancements in this area, and Bronstein et al. <ref type="bibr" target="#b3">[4]</ref> outlines connections to spectral graph convolutions.</p><p>Graph classification with graph neural networks. GNNs have been applied to a wide variety of tasks, including node classification <ref type="bibr" target="#b15">[16,</ref><ref type="bibr" target="#b21">22]</ref>, link prediction <ref type="bibr" target="#b31">[32]</ref>, graph classification <ref type="bibr" target="#b6">[7,</ref><ref type="bibr" target="#b10">11,</ref><ref type="bibr" target="#b40">41]</ref>, and chemoinformatics <ref type="bibr" target="#b28">[29,</ref><ref type="bibr" target="#b27">28,</ref><ref type="bibr" target="#b13">14,</ref><ref type="bibr" target="#b18">19,</ref><ref type="bibr" target="#b32">33]</ref>. In the context of graph classification-the task that we study here-a major challenge in applying GNNs is going from node embeddings, which are the output of GNNs, to a representation of the entire graph. Common approaches to this problem include simply summing up or averaging all the node embeddings in a final layer <ref type="bibr" target="#b10">[11]</ref>, introducing a "virtual node" that is connected to all the nodes in the graph <ref type="bibr" target="#b25">[26]</ref>, or aggregating the node embeddings using a deep learning architecture that operates over sets <ref type="bibr" target="#b14">[15]</ref>. However, all of these methods have the limitation that they do not learn hierarchical representations (i.e., all the node embeddings are globally pooled together in a single layer), and thus are unable to capture the natural structures of many real-world graphs. Some recent approaches have also proposed applying CNN architectures to the concatenation of all the node embeddings <ref type="bibr" target="#b29">[30,</ref><ref type="bibr" target="#b40">41]</ref>, but this requires a specifying (or learning) a canonical ordering over nodes, which is in general very difficult and equivalent to solving graph isomorphism.</p><p>Lastly, there are some recent works that learn hierarchical graph representations by combining GNNs with deterministic graph clustering algorithms <ref type="bibr" target="#b7">[8,</ref><ref type="bibr" target="#b35">36,</ref><ref type="bibr" target="#b12">13]</ref>, following a two-stage approach. However, unlike these previous approaches, we seek to learn the hierarchical structure in an end-to-end fashion, rather than relying on a deterministic graph clustering subroutine.</p></div>
<div xmlns="http://www.tei-c.org/ns/1.0"><head n="3">Proposed Method</head><p>The key idea of DIFFPOOL is that it enables the construction of deep, multi-layer GNN models by providing a differentiable module to hierarchically pool graph nodes. In this section, we outline the DIFFPOOL module and show how it is applied in a deep GNN architecture.</p></div>
<div xmlns="http://www.tei-c.org/ns/1.0"><head n="3.1">Preliminaries</head><p>We represent a graph G as (A, F ), where A ∈ {0, 1} n×n is the adjacency matrix, and F ∈ R n×d is the node feature matrix assuming each node has d features. <ref type="bibr" target="#b0">1</ref> Given a set of labeled graphs</p><formula xml:id="formula_0">D = {(G 1 , y 1 ), (G 2 , y 2 ), ...}</formula><p>where y i ∈ Y is the label corresponding to graph G i ∈ G, the goal of graph classification is to learn a mapping f : G → Y that maps graphs to the set of labels. The challenge-compared to standard supervised machine learning setup-is that we need a way to extract useful feature vectors from these input graphs. That is, in order to apply standard machine learning methods for classification, e.g., neural networks, we need a procedure to convert each graph to an finite dimensional vector in R D .</p><p>Graph neural networks. In this work, we build upon graph neural networks in order to learn useful representations for graph classification in an end-to-end fashion. In particular, we consider GNNs that employ the following general "message-passing" architecture:</p><formula xml:id="formula_1">H (k) = M (A, H (k−1) ; θ (k) ),<label>(1)</label></formula><p>where H (k) ∈ R n×d are the node embeddings (i.e., "messages") computed after k steps of the GNN and M is the message propagation function, which depends on the adjacency matrix, trainable parameters θ (k) , and the node embeddings H (k−1) generated from the previous message-passing step. <ref type="bibr" target="#b1">2</ref> The input node embeddings H (0) at the initial message-passing iteration (k = 1), are initialized using the node features on the graph, H (0) = F .</p><p>There are many possible implementations of the propagation function M <ref type="bibr" target="#b14">[15,</ref><ref type="bibr" target="#b15">16]</ref>. For example, one popular variant of GNNs-Kipf's et al. <ref type="bibr" target="#b21">[22]</ref> Graph Convolutional Networks (GCNs)-implements M using a combination of linear transformations and ReLU non-linearities:</p><formula xml:id="formula_2">H (k) = M (A, H (k−1) ; W (k) ) = ReLU(D − 1 2ÃD − 1 H (k−1) W (k−1) ),<label>(2)</label></formula><p>We do not consider edge features, although one can easily extend the algorithm to support edge features using techniques introduced in <ref type="bibr" target="#b35">[36]</ref>. <ref type="bibr" target="#b1">2</ref> For notational convenience, we assume that the embedding dimension is d for all H (k) ; however, in general this restriction is not necessary. whereÃ = A + I,D = jÃ ij and W (k) ∈ R d×d is a trainable weight matrix. The differentiable pooling model we propose can be applied to any GNN model implementing Equation <ref type="formula" target="#formula_1">1</ref>, and is agnostic with regards to the specifics of how M is implemented.</p><p>A full GNN module will run K iterations of Equation <ref type="formula" target="#formula_1">1</ref>to generate the final output node embeddings Z = H (K) ∈ R n×d , where K is usually in the range 2-6. For simplicity, in the following sections we will abstract away the internal structure of the GNNs and use Z = GNN(A, X) to denote an arbitrary GNN module implementing K iterations of message passing according to some adjacency matrix A and initial input node features X.</p><p>Stacking GNNs and pooling layers. GNNs implementing Equation <ref type="formula" target="#formula_1">1</ref>are inherently flat, as they only propagate information across edges of a graph. The goal of this work is to define a general, end-to-end differentiable strategy that allows one to stack multiple GNN modules in a hierarchical fashion. Formally, given Z = GNN(A, X), the output of a GNN module, and a graph adjacency matrix A ∈ R n×n , we seek to define a strategy to output a new coarsened graph containing m &lt; n nodes, with weighted adjacency matrix A ∈ R m×m and node embeddings Z ∈ R m×d . This new coarsened graph can then be used as input to another GNN layer, and this whole process can be repeated L times, generating a model with L GNN layers that operate on a series of coarser and coarser versions of the input graph ( <ref type="figure">Figure 1</ref>). Thus, our goal is to learn how to cluster or pool together nodes using the output of a GNN, so that we can use this coarsened graph as input to another GNN layer. What makes designing such a pooling layer for GNNs especially challenging-compared to the usual graph coarsening task-is that our goal is not to simply cluster the nodes in one graph, but to provide a general recipe to hierarchically pool nodes across a broad set of input graphs. That is, we need our model to learn a pooling strategy that will generalize across graphs with different nodes, edges, and that can adapt to the various graph structures during inference.</p></div>
<div xmlns="http://www.tei-c.org/ns/1.0"><head n="3.2">Differentiable Pooling via Learned Assignments</head><p>Our proposed approach, DIFFPOOL, addresses the above challenges by learning a cluster assignment matrix over the nodes using the output of a GNN model. The key intuition is that we stack L GNN modules and learn to assign nodes to clusters at layer l in an end-to-end fashion, using embeddings generated from a GNN at layer l − 1. Thus, we are using GNNs to both extract node embeddings that are useful for graph classification, as well to extract node embeddings that are useful for hierarchical pooling. Using this construction, the GNNs in DIFFPOOL learn to encode a general pooling strategy that is useful for a large set of training graphs. We first describe how the DIFFPOOL module pools nodes at each layer given an assignment matrix; following this, we discuss how we generate the assignment matrix using a GNN architecture.</p><p>Pooling with an assignment matrix. We denote the learned cluster assignment matrix at layer l as S (l) ∈ R n l ×n l+1 . Each row of S (l) corresponds to one of the n l nodes (or clusters) at layer l, and each column of S (l) corresponds to one of the n l+1 clusters at the next layer l + 1. Intuitively, S (l) provides a soft assignment of each node at layer l to a cluster in the next coarsened layer l + 1.</p><p>Suppose that S (l) has already been computed, i.e., that we have computed the assignment matrix at the l-th layer of our model. We denote the input adjacency matrix at this layer as A (l) and denote the input node embedding matrix at this layer as Z <ref type="bibr">(l)</ref> . Given these inputs, the DIFFPOOL layer (A (l+1) , X (l+1) ) = DIFFPOOL(A (l) , Z (l) ) coarsens the input graph, generating a new coarsened adjacency matrix A (l+1) and a new matrix of embeddings X (l+1) for each of the nodes/clusters in this coarsened graph. In particular, we apply the two following equations:</p><formula xml:id="formula_3">X (l+1) = S (l) T Z (l) ∈ R n l+1 ×d ,<label>(3)</label></formula><formula xml:id="formula_4">A (l+1) = S (l) T A (l) S (l) ∈ R n l+1 ×n l+1 .<label>(4)</label></formula><p>Equation (3) takes the node embeddings Z (l) and aggregates these embeddings according to the cluster assignments S (l) , generating embeddings for each of the n l+1 clusters. Similarly, Equation <ref type="formula" target="#formula_4">4</ref>takes the adjacency matrix A (l) and generates a coarsened adjacency matrix denoting the connectivity strength between each pair of clusters.</p><p>Through Equations (3) and (4), the DIFFPOOL layer coarsens the graph: the next layer adjacency matrix A (l+1) represents a coarsened graph with n l+1 nodes or cluster nodes, where each individual cluster node in the new coarsened graph corresponds to a cluster of nodes in the graph at layer l.</p><p>Note that A (l+1) is a real matrix and represents a fully connected edge-weighted graph; each entry A (l+1) ij can be viewed as the connectivity strength between cluster i and cluster j. Similarly, the i-th row of X (l+1) corresponds to the embedding of cluster i. Together, the coarsened adjacency matrix A (l+1) and cluster embeddings X (l+1) can be used as input to another GNN layer, a process which we describe in detail below.</p><p>Learning the assignment matrix. In the following we describe the architecture of DIFFPOOL, i.e., how DIFFPOOL generates the assignment matrix S (l) and embedding matrices Z (l) that are used in Equations <ref type="formula" target="#formula_3">3</ref>and <ref type="bibr" target="#b3">(4)</ref>. We generate these two matrices using two separate GNNs that are both applied to the input cluster node features X (l) and coarsened adjacency matrix A <ref type="bibr">(l)</ref> . The embedding GNN at layer l is a standard GNN module applied to these inputs:</p><formula xml:id="formula_5">Z (l) = GNN l,embed (A (l) , X (l) ),<label>(5)</label></formula><p>i.e., we take the adjacency matrix between the cluster nodes at layer l (from Equation 4) and the pooled features for the clusters (from Equation 3) and pass these matrices through a standard GNN to get new embeddings Z (l) for the cluster nodes. In contrast, the pooling GNN at layer l, uses the input cluster features X (l) and cluster adjacency matrix A (l) to generate an assignment matrix:</p><formula xml:id="formula_6">S (l) = softmax GNN l,pool (A (l) , X (l) ) ,<label>(6)</label></formula><p>where the softmax function is applied in a row-wise fashion. The output dimension of GNN l,pool corresponds to a pre-defined maximum number of clusters in layer l, and is a hyperparameter of the model.</p><p>Note that these two GNNs consume the same input data but have distinct parameterizations and play separate roles: The embedding GNN generates new embeddings for the input nodes at this layer, while the pooling GNN generates a probabilistic assignment of the input nodes to n l+1 clusters.</p><p>In the base case, the inputs to Equations (5) and Equations (6) at layer l = 0 are simply the input adjacency matrix A and the node features F for the original graph. At the penultimate layer L − 1 of a deep GNN model using DIFFPOOL, we set the assignment matrix S (L−1) be a vector of 1's, i.e., all nodes at the final layer L are assigned to a single cluster, generating a final embedding vector corresponding to the entire graph. This final output embedding can then be used as feature input to a differentiable classifier (e.g., a softmax layer), and the entire system can be trained end-to-end using stochastic gradient descent.</p><p>Permutation invariance. Note that in order to be useful for graph classification, the pooling layer should be invariant under node permutations. For DIFFPOOL we get the following positive result, which shows that any deep GNN model based on DIFFPOOL is permutation invariant, as long as the component GNNs are permutation invariant.</p><p>Proposition 1. Let P ∈ {0, 1} n×n be any permutation matrix, then DIFFPOOL(A, Z) = DIFFPOOL(P AP T , P X) as long as GNN(A, X) = GNN(P AP T , X) (i.e., as long as the GNN method used is permutation invariant).</p><p>Proof. Equations (5) and (6) are permutation invariant by the assumption that the GNN module is permutation invariant. And since any permutation matrix is orthogonal, applying P T P = I to Equation (3) and (4) finishes the proof.</p></div>
<div xmlns="http://www.tei-c.org/ns/1.0"><head n="3.3">Auxiliary Link Prediction Objective and Entropy Regularization</head><p>In practice, it can be difficult to train the pooling GNN (Equation 4) using only gradient signal from the graph classification task. Intuitively, we have a non-convex optimization problem and it can be difficult to push the pooling GNN away from spurious local minima early in training. To alleviate this issue, we train the pooling GNN with an auxiliary link prediction objective, which encodes the intuition that nearby nodes should be pooled together. In particular, at each layer l, we minimize L LP = ||A (l) , S (l) S (l) T || F , where || • || F denotes the Frobenius norm. Note that the adjacency matrix A (l) at deeper layers is a function of lower level assignment matrices, and changes during training.</p><p>Another important characteristic of the pooling GNN (Equation 4) is that the output cluster assignment for each node should generally be close to a one-hot vector, so that the membership for each cluster or subgraph is clearly defined. We therefore regularize the entropy of the cluster assignment by minimizing</p><formula xml:id="formula_7">L E = 1 n n i=1 H(S i ),</formula><p>where H denotes the entropy function, and S i is the i-th row of S. During training, L LP and L E from each layer are added to the classification loss. In practice we observe that training with the side objective takes longer to converge, but nevertheless achieves better performance and more interpretable cluster assignments.</p></div>
<div xmlns="http://www.tei-c.org/ns/1.0"><head n="4">Experiments</head><p>We evaluate the benefits of DIFFPOOL against a number of state-of-the-art graph classification approaches, with the goal of answering the following questions:</p><p>Q1 How does DIFFPOOL compare to other pooling methods proposed for GNNs (e.g., using sort pooling <ref type="bibr" target="#b40">[41]</ref> or the SET2SET method <ref type="bibr" target="#b14">[15]</ref>)? Q2 How does DIFFPOOL combined with GNNs compare to the state-of-the-art for graph classification task, including both GNNs and kernel-based methods? Q3 Does DIFFPOOL compute meaningful and interpretable clusters on the input graphs?</p><p>Data sets. To probe the ability of DIFFPOOL to learn complex hierarchical structures from graphs in different domains, we evaluate on a variety of relatively large graph data sets chosen from benchmarks commonly used in graph classification <ref type="bibr" target="#b19">[20]</ref>. We use protein data sets including ENZYMES, PRO-TEINS <ref type="bibr" target="#b2">[3,</ref><ref type="bibr" target="#b11">12]</ref>, D&amp;D <ref type="bibr" target="#b9">[10]</ref>, the social network data set REDDIT-MULTI-12K <ref type="bibr" target="#b39">[40]</ref>, and the scientific collaboration data set COLLAB <ref type="bibr" target="#b39">[40]</ref>. See Appendix A for statistics and properties. For all these data sets, we perform 10-fold cross-validation to evaluate model performance, and report the accuracy averaged over 10 folds.</p><p>Model configurations. In our experiments, the GNN model used for DIFFPOOL is built on top of the GRAPHSAGE architecture, as we found this architecture to have superior performance compared to the standard GCN approach as introduced in <ref type="bibr" target="#b21">[22]</ref>. We use the "mean" variant of GRAPHSAGE <ref type="bibr" target="#b15">[16]</ref> and apply a DIFFPOOL layer after every two GRAPHSAGE layers in our architecture. A total of 2 DIFFPOOL layers are used for the datasets. For small datasets such as ENZYMES and COLLAB, 1 DIFFPOOL layer can achieve similar performance. After each DIFFPOOL layer, 3 layers of graph convolutions are performed, before the next DIFFPOOL layer, or the readout layer. The embedding matrix and the assignment matrix are computed by two separate GRAPHSAGE models respectively. In the 2 DIFFPOOL layer architecture, the number of clusters is set as 25% of the number of nodes before applying DIFFPOOL, while in the 1 DIFFPOOL layer architecture, the number of clusters is set as 10%. Batch normalization <ref type="bibr" target="#b17">[18]</ref> is applied after every layer of GRAPHSAGE. We also found that adding an 2 normalization to the node embeddings at each layer made the training more stable. In Section 4.2, we also test an analogous variant of DIFFPOOL on the STRUCTURE2VEC <ref type="bibr" target="#b6">[7]</ref> architecture, in order to demonstrate how DIFFPOOL can be applied on top of other GNN models. All models are trained for 3 000 epochs with early stopping applied when the validation loss starts to drop. We also evaluate two simplified versions of DIFFPOOL:</p><p>• DIFFPOOL-DET, is a DIFFPOOL model where assignment matrices are generated using a deterministic graph clustering algorithm <ref type="bibr" target="#b8">[9]</ref>. • DIFFPOOL-NOLP is a variant of DIFFPOOL where the link prediction side objective is turned off.</p></div>
<div xmlns="http://www.tei-c.org/ns/1.0"><head n="4.1">Baseline Methods</head><p>In the performance comparison on graph classification, we consider baselines based upon GNNs (combined with different pooling methods) as well as state-of-the-art kernel-based approaches.</p></div>
<div xmlns="http://www.tei-c.org/ns/1.0"><head>GNN-based methods.</head><p>• GRAPHSAGE with global mean-pooling <ref type="bibr" target="#b15">[16]</ref>. Other GNN variants such as those proposed in <ref type="bibr" target="#b21">[22]</ref> are omitted as empirically GraphSAGE obtained higher performance in the task. • STRUCTURE2VEC (S2V) <ref type="bibr" target="#b6">[7]</ref> is a state-of-the-art graph representation learning algorithm that combines a latent variable model with GNNs. It uses global mean pooling. • Edge-conditioned filters in CNN for graphs (ECC) <ref type="bibr" target="#b35">[36]</ref> incorporates edge information into the GCN model and performs pooling using a graph coarsening algorithm. • PATCHYSAN <ref type="bibr" target="#b29">[30]</ref> defines a receptive field (neighborhood) for each node, and using a canonical node ordering, applies convolutions on linear sequences of node embeddings. • SET2SET replaces the global mean-pooling in the traditional GNN architectures by the aggregation used in SET2SET <ref type="bibr" target="#b38">[39]</ref>. Set2Set aggregation has been shown to perform better than mean pooling in previous work <ref type="bibr" target="#b14">[15]</ref>. We use GRAPHSAGE as the base GNN model. • SORTPOOL <ref type="bibr" target="#b40">[41]</ref> applies a GNN architecture and then performs a single layer of soft pooling followed by 1D convolution on sorted node embeddings.</p><p>For all the GNN baselines, we use 10-fold cross validation numbers reported by the original authors when possible. For the GRAPHSAGE and SET2SET baselines, we use the base implementation and hyperparameter sweeps as in our DIFFPOOL approach. When baseline approaches did not have the necessary published numbers, we contacted the original authors and used their code (if available) to run the model, performing a hyperparameter search based on the original author's guidelines.</p><p>Kernel-based algorithms. We use the GRAPHLET <ref type="bibr" target="#b34">[35]</ref>, the SHORTEST-PATH <ref type="bibr" target="#b1">[2]</ref>, WEISFEILER-LEHMAN kernel (WL) <ref type="bibr" target="#b33">[34]</ref>, and WEISFEILER-LEHMAN OPTIMAL ASSIGNMENT KERNEL (WL-OA) <ref type="bibr" target="#b22">[23]</ref> as kernel baselines. For each kernel, we computed the normalized gram matrix. We computed the classification accuracies using the C-SVM implementation of LIBSVM <ref type="bibr" target="#b5">[6]</ref>, using 10-fold cross validation. The C parameter was selected from {10 −3 , 10 −2 , . . . , 10 2 , 10 3 } by 10-fold cross validation on the training folds. Moreover, for WL and WL-OA we additionally selected the number of iteration from {0, . . . , 5}. <ref type="table" target="#tab_1">Table 1</ref> compares the performance of DIFFPOOL to these state-of-the-art graph classification baselines. These results provide positive answers to our motivating questions Q1 and Q2: We observe that our DIFFPOOL approach obtains the highest average performance among all pooling approaches for GNNs, improves upon the base GRAPHSAGE architecture by an average of 6.27%, and achieves stateof-the-art results on 4 out of 5 benchmarks. Interestingly, our simplified model variant, DIFFPOOL-DET, achieves state-of-the-art performance on the COLLAB benchmark. This is because many collaboration graphs in COLLAB show only single-layer community structures, which can be captured well with pre-computed graph clustering algorithm <ref type="bibr" target="#b8">[9]</ref>. One observation is that despite significant performance improvement, DIFFPOOL could be unstable to train, and there is significant variation in accuracy across different runs, even with the same hyperparameter setting. It is observed that adding the link predictioin objective makes training more stable, and reduces the standard deviation of accuracy across different runs.</p></div>
<div xmlns="http://www.tei-c.org/ns/1.0"><head n="4.2">Results for Graph Classification</head><p>Differentiable Pooling on STRUCTURE2VEC. DIFFPOOL can be applied to other GNN architectures besides GRAPHSAGE to capture hierarchical structure in the graph data. To further support answering Q1, we also applied DIFFPOOL on Structure2Vec (S2V). We ran experiments using S2V with three layer architecture, as reported in <ref type="bibr" target="#b6">[7]</ref>. In the first variant, one DIFFPOOL layer is applied after the first layer of S2V, and two more S2V layers are stacked on top of the output of DIFFPOOL.</p><p>The second variant applies one DIFFPOOL layer after the first and second layer of S2V respectively. In both variants, S2V model is used to compute the embedding matrix, while GRAPHSAGE model is used to compute the assignment matrix. The results in terms of classification accuracy are summarized in <ref type="table" target="#tab_2">Table 2</ref>. We observe that DIFFPOOL significantly improves the performance of S2V on both ENZYMES and D&amp;D data sets. Similar performance trends are also observed on other data sets. The results demonstrate that DIFFPOOL is a general strategy to pool over hierarchical structure that can benefit different GNN architectures.</p><p>Running time. Although applying DIFFPOOL requires additional computation of an assignment matrix, we observed that DIFFPOOL did not incur substantial additional running time in practice. This is because each DIFFPOOL layer reduces the size of graphs by extracting a coarser representation of the graph, which speeds up the graph convolution operation in the next layer. Concretely, we found that GRAPHSAGE with DIFFPOOL was 12× faster than the GRAPHSAGE model with SET2SET pooling, while still achieving significantly higher accuracy on all benchmarks.</p></div>
<div xmlns="http://www.tei-c.org/ns/1.0"><head n="4.3">Analysis of Cluster Assignment in DIFFPOOL</head><p>Hierarchical cluster structure. To address Q3, we investigated the extent to which DIFFPOOL learns meaningful node clusters by visualizing the cluster assignments in different layers. <ref type="figure" target="#fig_0">Figure  2</ref> shows such a visualization of node assignments in the first and second layers on a graph from COLLAB data set, where node color indicates its cluster membership. Node cluster membership is determined by taking the argmax of its cluster assignment probabilities. We observe that even when learning cluster assignment based solely on the graph classification objective, DIFFPOOL can still capture the hierarchical community structure. We also observe significant improvement in membership assignment quality with link prediction auxiliary objectives.</p><p>Dense vs. sparse subgraph structure. In addition, we observe that DIFFPOOL learns to collapse nodes into soft clusters in a non-uniform way, with a tendency to collapse densely-connected subgraphs into clusters. Since GNNs can efficiently perform message-passing on dense, clique-like subgraphs (due to their small diameters) <ref type="bibr" target="#b26">[27]</ref>, pooling together nodes in such a dense subgraph is not likely to lead to any loss of structural information. This intuitively explains why collapsing dense subgraphs is a useful pooling strategy for DIFFPOOL. In contrast, sparse subgraphs may contain many interesting structures, including path-, cycle-and tree-like structures, and given the high-diameter induced by sparsity, GNN message-passing may fail to capture these structures. Thus, by separately pooling distinct parts of a sparse subgraph, DIFFPOOL can learn to capture the meaningful structures present in sparse graph regions (e.g., as in <ref type="figure" target="#fig_0">Figure 2</ref>).</p><p>Assignment for nodes with similar representations. Since the assignment network computes the soft cluster assignment based on features of input nodes and their neighbors, nodes with both similar input features and neighborhood structure will have similar cluster assignment. In fact, one can construct synthetic cases where 2 nodes, although far away, have exactly the same neighborhood structure and features for self and all neighbors. In this case the pooling network is forced to assign them into the same cluster, which is different from the concept of pooling in other architectures such as image ConvNets. In some cases we do observe that disconnected nodes are pooled together.</p><p>In practice we rely on the identifiability assumption similar to Theorem 1 in GraphSAGE <ref type="bibr" target="#b15">[16]</ref>, where nodes are identifiable via their features. This holds in many real datasets <ref type="bibr" target="#b2">3</ref> . The auxiliary link prediction objective is observed to also help discouraging nodes that are far away to be pooled together. Furthermore, it is possible to use more sophisticated GNN aggregation function such as However, some chemistry molecular graph datasets contain many nodes that are structurally similar, and assignment network is observed to pool together nodes that are far away. Note that although we globally set the number of clusters to be 25% of the nodes, the assignment GNN automatically learns the appropriate number of meaningful clusters to assign for these different graphs.</p><p>high-order moments <ref type="bibr" target="#b37">[38]</ref> to distinguish nodes that are similar in structure and feature space. The overall framework remains unchanged.</p><p>Sensitivity of the Pre-defined Maximum Number of Clusters. We found that the assignment varies according to the depth of the network and C, the maximum number of clusters. With larger C, the pooling GNN can model more complex hierarchical structure. The trade-off is that very large C results in more noise and less efficiency. Although the value of C is a pre-defined parameter, the pooling net learns to use the appropriate number of clusters by end-to-end training. In particular, some clusters might not be used by the assignment matrix. Column corresponding to unused cluster has low values for all nodes. This is observed in <ref type="figure" target="#fig_0">Figure 2</ref>(c), where nodes are assigned predominantly into 3 clusters.</p></div>
<div xmlns="http://www.tei-c.org/ns/1.0"><head n="5">Conclusion</head><p>We introduced a differentiable pooling method for GNNs that is able to extract the complex hierarchical structure of real-world graphs. By using the proposed pooling layer in conjunction with existing GNN models, we achieved new state-of-the-art results on several graph classification benchmarks.</p><p>Interesting future directions include learning hard cluster assignments to further reduce computational cost in higher layers while also ensuring differentiability, and applying the hierarchical pooling method to other downstream tasks that require modeling of the entire graph structure.</p></div><figure xmlns="http://www.tei-c.org/ns/1.0" xml:id="fig_0"><head>Figure 2 :</head><label>2</label><figDesc>Visualization of hierarchical cluster assignment in DIFFPOOL, using example graphs from COLLAB. The left figure (a) shows hierarchical clustering over two layers, where nodes in the second layer correspond to clusters in the first layer. (Colors are used to connect the nodes/clusters across the layers, and dotted lines are used to indicate clusters.) The right two plots (b and c) show two more examples first-layer clusters in different graphs.</figDesc></figure>
<figure xmlns="http://www.tei-c.org/ns/1.0" type="table" xml:id="tab_1"><head>Table 1 :</head><label>1</label><figDesc>Classification accuracies in percent. The far-right column gives the relative increase in accuracy compared to the baseline GRAPHSAGE approach.</figDesc><table><row><cell></cell><cell>Method</cell><cell></cell><cell></cell><cell>Data Set</cell><cell></cell><cell></cell><cell></cell></row><row><cell></cell><cell></cell><cell cols="6">ENZYMES D&amp;D REDDIT-MULTI-12K COLLAB PROTEINS Gain</cell></row><row><cell>Kernel</cell><cell>GRAPHLET SHORTEST-PATH 1-WL WL-OA</cell><cell>41.03 42.32 53.43 60.13</cell><cell>74.85 78.86 74.02 79.04</cell><cell>21.73 36.93 39.03 44.38</cell><cell>64.66 59.10 78.61 80.74</cell><cell>72.91 76.43 73.76 75.26</cell><cell></cell></row><row><cell></cell><cell>PATCHYSAN</cell><cell>-</cell><cell>76.27</cell><cell>41.32</cell><cell>72.60</cell><cell>75.00</cell><cell>4.17</cell></row><row><cell></cell><cell>GRAPHSAGE</cell><cell>54.25</cell><cell>75.42</cell><cell>42.24</cell><cell>68.25</cell><cell>70.48</cell><cell>-</cell></row><row><cell></cell><cell>ECC</cell><cell>53.50</cell><cell>74.10</cell><cell>41.73</cell><cell>67.79</cell><cell>72.65</cell><cell>0.11</cell></row><row><cell>GNN</cell><cell>SET2SET SORTPOOL DIFFPOOL-DET</cell><cell>60.15 57.12 58.33</cell><cell>78.12 79.37 75.47</cell><cell>43.49 41.82 46.18</cell><cell>71.75 73.76 82.13</cell><cell>74.29 75.54 75.62</cell><cell>3.32 3.39 5.42</cell></row><row><cell></cell><cell>DIFFPOOL-NOLP</cell><cell>61.95</cell><cell>79.98</cell><cell>46.65</cell><cell>75.58</cell><cell>76.22</cell><cell>5.95</cell></row><row><cell></cell><cell>DIFFPOOL</cell><cell>62.53</cell><cell>80.64</cell><cell>47.08</cell><cell>75.48</cell><cell>76.25</cell><cell>6.27</cell></row></table><note></note></figure>
<figure xmlns="http://www.tei-c.org/ns/1.0" type="table" xml:id="tab_2"><head>Table 2 :</head><label>2</label><figDesc>Accuracy results of applying DIFFPOOL to S2V.</figDesc><table><row><cell>Data Set</cell><cell></cell><cell>Method</cell><cell></cell></row><row><cell></cell><cell cols="3">S2V S2V WITH 1 DIFFPOOL S2V WITH 2 DIFFPOOL</cell></row><row><cell cols="2">ENZYMES 61.10</cell><cell>62.86</cell><cell>63.33</cell></row><row><cell>D&amp;D</cell><cell>78.92</cell><cell>80.75</cell><cell>82.07</cell></row></table><note></note></figure>
		</body>
		<back>

			<div type="acknowledgement">
<div xmlns="http://www.tei-c.org/ns/1.0"><head>Acknowledgement</head><p>This research has been supported in part by DARPA SIMPLEX, Stanford Data Science Initiative, Huawei, JD and Chan Zuckerberg Biohub. Christopher Morris is funded by the German Science Foundation (DFG) within the Collaborative Research Center SFB 876 "Providing Information by Resource-Constrained Data Analysis", project A6 "Resource-efficient Graph Mining". The authors also thank Marinka Zitnik for help in visualizing the high-level illustration of the proposed methods.</p></div>
			</div>

			<div type="references">

				<listBibl>

<biblStruct xml:id="b0">
	<analytic>
		<title level="a" type="main">Processing directed acyclic graphs with recursive neural networks</title>
		<author>
			<persName xmlns="http://www.tei-c.org/ns/1.0"><forename type="first">M</forename><surname>Bianchini</surname></persName>
		</author>
		<author>
			<persName xmlns="http://www.tei-c.org/ns/1.0"><forename type="first">M</forename><surname>Gori</surname></persName>
		</author>
		<author>
			<persName xmlns="http://www.tei-c.org/ns/1.0"><forename type="first">F</forename><surname>Scarselli</surname></persName>
		</author>
	</analytic>
	<monogr>
		<title level="j">IEEE Transactions on Neural Networks</title>
		<imprint>
			<biblScope unit="volume">12</biblScope>
			<biblScope unit="issue">6</biblScope>
			<biblScope unit="page" from="1464" to="1470" />
			<date type="published" when="2001" />
		</imprint>
	</monogr>
</biblStruct>

<biblStruct xml:id="b1">
	<analytic>
		<title level="a" type="main">Shortest-path kernels on graphs</title>
		<author>
			<persName xmlns="http://www.tei-c.org/ns/1.0"><forename type="first">K</forename><forename type="middle">M</forename><surname>Borgwardt</surname></persName>
		</author>
		<author>
			<persName xmlns="http://www.tei-c.org/ns/1.0"><forename type="first">H.-P</forename><surname>Kriegel</surname></persName>
		</author>
	</analytic>
	<monogr>
		<title level="m">IEEE International Conference on Data Mining</title>
		<imprint>
			<date type="published" when="2005" />
			<biblScope unit="page" from="74" to="81" />
		</imprint>
	</monogr>
</biblStruct>

<biblStruct xml:id="b2">
	<analytic>
		<title level="a" type="main">Protein function prediction via graph kernels</title>
		<author>
			<persName xmlns="http://www.tei-c.org/ns/1.0"><forename type="first">K</forename><forename type="middle">M</forename><surname>Borgwardt</surname></persName>
		</author>
		<author>
			<persName xmlns="http://www.tei-c.org/ns/1.0"><forename type="first">C</forename><forename type="middle">S</forename><surname>Ong</surname></persName>
		</author>
		<author>
			<persName xmlns="http://www.tei-c.org/ns/1.0"><forename type="first">S</forename><surname>Schönauer</surname></persName>
		</author>
		<author>
			<persName xmlns="http://www.tei-c.org/ns/1.0"><forename type="first">S</forename><forename type="middle">V N</forename><surname>Vishwanathan</surname></persName>
		</author>
		<author>
			<persName xmlns="http://www.tei-c.org/ns/1.0"><forename type="first">A</forename><forename type="middle">J</forename><surname>Smola</surname></persName>
		</author>
		<author>
			<persName xmlns="http://www.tei-c.org/ns/1.0"><forename type="first">H.-P</forename><surname>Kriegel</surname></persName>
		</author>
	</analytic>
	<monogr>
		<title level="j">Bioinformatics</title>
		<imprint>
			<biblScope unit="volume">21</biblScope>
			<biblScope unit="page" from="47" to="56" />
			<date type="published" when="2005" />
		</imprint>
	</monogr>
	<note>Supplement 1</note>
</biblStruct>

<biblStruct xml:id="b3">
	<analytic>
		<title level="a" type="main">Geometric deep learning: Going beyond euclidean data</title>
		<author>
			<persName xmlns="http://www.tei-c.org/ns/1.0"><forename type="first">M</forename><forename type="middle">M</forename><surname>Bronstein</surname></persName>
		</author>
		<author>
			<persName xmlns="http://www.tei-c.org/ns/1.0"><forename type="first">J</forename><surname>Bruna</surname></persName>
		</author>
		<author>
			<persName xmlns="http://www.tei-c.org/ns/1.0"><forename type="first">Y</forename><surname>Lecun</surname></persName>
		</author>
		<author>
			<persName xmlns="http://www.tei-c.org/ns/1.0"><forename type="first">A</forename><surname>Szlam</surname></persName>
		</author>
		<author>
			<persName xmlns="http://www.tei-c.org/ns/1.0"><forename type="first">P</forename><surname>Vandergheynst</surname></persName>
		</author>
	</analytic>
	<monogr>
		<title level="j">IEEE Signal Processing Magazine</title>
		<imprint>
			<biblScope unit="volume">34</biblScope>
			<biblScope unit="issue">4</biblScope>
			<biblScope unit="page" from="18" to="42" />
			<date type="published" when="2017" />
		</imprint>
	</monogr>
</biblStruct>

<biblStruct xml:id="b4">
	<analytic>
		<title level="a" type="main">Spectral networks and deep locally connected networks on graphs</title>
		<author>
			<persName xmlns="http://www.tei-c.org/ns/1.0"><forename type="first">J</forename><surname>Bruna</surname></persName>
		</author>
		<author>
			<persName xmlns="http://www.tei-c.org/ns/1.0"><forename type="first">W</forename><surname>Zaremba</surname></persName>
		</author>
		<author>
			<persName xmlns="http://www.tei-c.org/ns/1.0"><forename type="first">A</forename><surname>Szlam</surname></persName>
		</author>
		<author>
			<persName xmlns="http://www.tei-c.org/ns/1.0"><forename type="first">Y</forename><surname>Lecun</surname></persName>
		</author>
	</analytic>
	<monogr>
		<title level="m">International Conference on Learning Representations</title>
		<imprint>
			<date type="published" when="2014" />
		</imprint>
	</monogr>
</biblStruct>

<biblStruct xml:id="b5">
	<analytic>
		<title level="a" type="main">LIBSVM: A library for support vector machines</title>
		<author>
			<persName xmlns="http://www.tei-c.org/ns/1.0"><forename type="first">C.-C</forename><surname>Chang</surname></persName>
		</author>
		<author>
			<persName xmlns="http://www.tei-c.org/ns/1.0"><forename type="first">C.-J</forename><surname>Lin</surname></persName>
		</author>
		<idno>2:27:1-27:27</idno>
		<ptr target="http://www.csie.ntu.edu.tw/~cjlin/libsvm" />
	</analytic>
	<monogr>
		<title level="j">ACM Transactions on Intelligent Systems and Technology</title>
		<imprint>
			<date type="published" when="2011" />
		</imprint>
	</monogr>
</biblStruct>

<biblStruct xml:id="b6">
	<analytic>
		<title level="a" type="main">Discriminative embeddings of latent variable models for structured data</title>
		<author>
			<persName xmlns="http://www.tei-c.org/ns/1.0"><forename type="first">H</forename><surname>Dai</surname></persName>
		</author>
		<author>
			<persName xmlns="http://www.tei-c.org/ns/1.0"><forename type="first">B</forename><surname>Dai</surname></persName>
		</author>
		<author>
			<persName xmlns="http://www.tei-c.org/ns/1.0"><forename type="first">L</forename><surname>Song</surname></persName>
		</author>
	</analytic>
	<monogr>
		<title level="m">International Conference on Machine Learning</title>
		<imprint>
			<date type="published" when="2016" />
			<biblScope unit="page" from="2702" to="2711" />
		</imprint>
	</monogr>
</biblStruct>

<biblStruct xml:id="b7">
	<analytic>
		<title level="a" type="main">Convolutional neural networks on graphs with fast localized spectral filtering</title>
		<author>
			<persName xmlns="http://www.tei-c.org/ns/1.0"><forename type="first">M</forename><surname>Defferrard</surname></persName>
		</author>
		<author>
			<persName xmlns="http://www.tei-c.org/ns/1.0"><forename type="first">X</forename><surname>Bresson</surname></persName>
		</author>
		<author>
			<persName xmlns="http://www.tei-c.org/ns/1.0"><forename type="first">P</forename><surname>Vandergheynst</surname></persName>
		</author>
	</analytic>
	<monogr>
		<title level="m">Advances in Neural Information Processing Systems</title>
		<imprint>
			<date type="published" when="2016" />
			<biblScope unit="page" from="3844" to="3852" />
		</imprint>
	</monogr>
</biblStruct>

<biblStruct xml:id="b8">
	<analytic>
		<title level="a" type="main">Weighted graph cuts without eigenvectors a multilevel approach</title>
		<author>
			<persName xmlns="http://www.tei-c.org/ns/1.0"><forename type="first">I</forename><forename type="middle">S</forename><surname>Dhillon</surname></persName>
		</author>
		<author>
			<persName xmlns="http://www.tei-c.org/ns/1.0"><forename type="first">Y</forename><surname>Guan</surname></persName>
		</author>
		<author>
			<persName xmlns="http://www.tei-c.org/ns/1.0"><forename type="first">B</forename><surname>Kulis</surname></persName>
		</author>
	</analytic>
	<monogr>
		<title level="j">IEEE Transactions on Pattern Analysis and Machine Intelligence</title>
		<imprint>
			<biblScope unit="volume">29</biblScope>
			<biblScope unit="issue">11</biblScope>
			<biblScope unit="page" from="1944" to="1957" />
			<date type="published" when="2007" />
		</imprint>
	</monogr>
</biblStruct>

<biblStruct xml:id="b9">
	<analytic>
		<title level="a" type="main">Distinguishing enzyme structures from non-enzymes without alignments</title>
		<author>
			<persName xmlns="http://www.tei-c.org/ns/1.0"><forename type="first">P</forename><forename type="middle">D</forename><surname>Dobson</surname></persName>
		</author>
		<author>
			<persName xmlns="http://www.tei-c.org/ns/1.0"><forename type="first">A</forename><forename type="middle">J</forename><surname>Doig</surname></persName>
		</author>
	</analytic>
	<monogr>
		<title level="j">Journal of Molecular Biology</title>
		<imprint>
			<biblScope unit="volume">330</biblScope>
			<biblScope unit="issue">4</biblScope>
			<biblScope unit="page" from="771" to="783" />
			<date type="published" when="2003" />
		</imprint>
	</monogr>
</biblStruct>

<biblStruct xml:id="b10">
	<analytic>
		<title level="a" type="main">Convolutional networks on graphs for learning molecular fingerprints</title>
		<author>
			<persName xmlns="http://www.tei-c.org/ns/1.0"><forename type="first">D</forename><forename type="middle">K</forename><surname>Duvenaud</surname></persName>
		</author>
		<author>
			<persName xmlns="http://www.tei-c.org/ns/1.0"><forename type="first">D</forename><surname>Maclaurin</surname></persName>
		</author>
		<author>
			<persName xmlns="http://www.tei-c.org/ns/1.0"><forename type="first">J</forename><surname>Iparraguirre</surname></persName>
		</author>
		<author>
			<persName xmlns="http://www.tei-c.org/ns/1.0"><forename type="first">R</forename><surname>Bombarell</surname></persName>
		</author>
		<author>
			<persName xmlns="http://www.tei-c.org/ns/1.0"><forename type="first">T</forename><surname>Hirzel</surname></persName>
		</author>
		<author>
			<persName xmlns="http://www.tei-c.org/ns/1.0"><forename type="first">A</forename><surname>Aspuru-Guzik</surname></persName>
		</author>
		<author>
			<persName xmlns="http://www.tei-c.org/ns/1.0"><forename type="first">R</forename><forename type="middle">P</forename><surname>Adams</surname></persName>
		</author>
	</analytic>
	<monogr>
		<title level="m">Advances in Neural Information Processing Systems</title>
		<imprint>
			<date type="published" when="2015" />
			<biblScope unit="page" from="2224" to="2232" />
		</imprint>
	</monogr>
</biblStruct>

<biblStruct xml:id="b11">
	<analytic>
		<title level="a" type="main">Scalable kernels for graphs with continuous attributes</title>
		<author>
			<persName xmlns="http://www.tei-c.org/ns/1.0"><forename type="first">A</forename><surname>Feragen</surname></persName>
		</author>
		<author>
			<persName xmlns="http://www.tei-c.org/ns/1.0"><forename type="first">N</forename><surname>Kasenburg</surname></persName>
		</author>
		<author>
			<persName xmlns="http://www.tei-c.org/ns/1.0"><forename type="first">J</forename><surname>Petersen</surname></persName>
		</author>
		<author>
			<persName xmlns="http://www.tei-c.org/ns/1.0"><forename type="first">M</forename><forename type="middle">D</forename><surname>Bruijne</surname></persName>
		</author>
		<author>
			<persName xmlns="http://www.tei-c.org/ns/1.0"><forename type="first">K</forename><forename type="middle">M</forename><surname>Borgwardt</surname></persName>
		</author>
		<ptr target="http://image.diku.dk/aasa/papers/graphkernels_nips_erratum.pdf" />
	</analytic>
	<monogr>
		<title level="m">Advances in Neural Information Processing Systems</title>
		<imprint>
			<date type="published" when="2013" />
			<biblScope unit="page" from="216" to="224" />
		</imprint>
	</monogr>
</biblStruct>

<biblStruct xml:id="b12">
	<analytic>
		<title level="a" type="main">SplineCNN: Fast geometric deep learning with continuous B-spline kernels</title>
		<author>
			<persName xmlns="http://www.tei-c.org/ns/1.0"><forename type="first">M</forename><surname>Fey</surname></persName>
		</author>
		<author>
			<persName xmlns="http://www.tei-c.org/ns/1.0"><forename type="first">J</forename><forename type="middle">E</forename><surname>Lenssen</surname></persName>
		</author>
		<author>
			<persName xmlns="http://www.tei-c.org/ns/1.0"><forename type="first">F</forename><surname>Weichert</surname></persName>
		</author>
		<author>
			<persName xmlns="http://www.tei-c.org/ns/1.0"><forename type="first">H</forename><surname>Müller</surname></persName>
		</author>
	</analytic>
	<monogr>
		<title level="m">IEEE Conference on Computer Vision and Pattern Recognition</title>
		<imprint>
			<date type="published" when="2018" />
		</imprint>
	</monogr>
</biblStruct>

<biblStruct xml:id="b13">
	<analytic>
		<title level="a" type="main">Protein interface prediction using graph convolutional networks</title>
		<author>
			<persName xmlns="http://www.tei-c.org/ns/1.0"><forename type="first">A</forename><surname>Fout</surname></persName>
		</author>
		<author>
			<persName xmlns="http://www.tei-c.org/ns/1.0"><forename type="first">J</forename><surname>Byrd</surname></persName>
		</author>
		<author>
			<persName xmlns="http://www.tei-c.org/ns/1.0"><forename type="first">B</forename><surname>Shariat</surname></persName>
		</author>
		<author>
			<persName xmlns="http://www.tei-c.org/ns/1.0"><forename type="first">A</forename><surname>Ben-Hur</surname></persName>
		</author>
	</analytic>
	<monogr>
		<title level="m">Advances in Neural Information Processing Systems</title>
		<imprint>
			<date type="published" when="2017" />
			<biblScope unit="page" from="6533" to="6542" />
		</imprint>
	</monogr>
</biblStruct>

<biblStruct xml:id="b14">
	<analytic>
		<title level="a" type="main">Neural message passing for quantum chemistry</title>
		<author>
			<persName xmlns="http://www.tei-c.org/ns/1.0"><forename type="first">J</forename><surname>Gilmer</surname></persName>
		</author>
		<author>
			<persName xmlns="http://www.tei-c.org/ns/1.0"><forename type="first">S</forename><forename type="middle">S</forename><surname>Schoenholz</surname></persName>
		</author>
		<author>
			<persName xmlns="http://www.tei-c.org/ns/1.0"><forename type="first">P</forename><forename type="middle">F</forename><surname>Riley</surname></persName>
		</author>
		<author>
			<persName xmlns="http://www.tei-c.org/ns/1.0"><forename type="first">O</forename><surname>Vinyals</surname></persName>
		</author>
		<author>
			<persName xmlns="http://www.tei-c.org/ns/1.0"><forename type="first">G</forename><forename type="middle">E</forename><surname>Dahl</surname></persName>
		</author>
	</analytic>
	<monogr>
		<title level="m">International Conference on Machine Learning</title>
		<imprint>
			<date type="published" when="2017" />
			<biblScope unit="page" from="1263" to="1272" />
		</imprint>
	</monogr>
</biblStruct>

<biblStruct xml:id="b15">
	<analytic>
		<title level="a" type="main">Inductive representation learning on large graphs</title>
		<author>
			<persName xmlns="http://www.tei-c.org/ns/1.0"><forename type="first">W</forename><forename type="middle">L</forename><surname>Hamilton</surname></persName>
		</author>
		<author>
			<persName xmlns="http://www.tei-c.org/ns/1.0"><forename type="first">R</forename><surname>Ying</surname></persName>
		</author>
		<author>
			<persName xmlns="http://www.tei-c.org/ns/1.0"><forename type="first">J</forename><surname>Leskovec</surname></persName>
		</author>
	</analytic>
	<monogr>
		<title level="m">Advances in Neural Information Processing Systems</title>
		<imprint>
			<date type="published" when="2017" />
			<biblScope unit="page" from="1025" to="1035" />
		</imprint>
	</monogr>
</biblStruct>

<biblStruct xml:id="b16">
	<analytic>
		<title level="a" type="main">Representation learning on graphs: Methods and applications</title>
		<author>
			<persName xmlns="http://www.tei-c.org/ns/1.0"><forename type="first">W</forename><forename type="middle">L</forename><surname>Hamilton</surname></persName>
		</author>
		<author>
			<persName xmlns="http://www.tei-c.org/ns/1.0"><forename type="first">R</forename><surname>Ying</surname></persName>
		</author>
		<author>
			<persName xmlns="http://www.tei-c.org/ns/1.0"><forename type="first">J</forename><surname>Leskovec</surname></persName>
		</author>
	</analytic>
	<monogr>
		<title level="j">IEEE Data Engineering Bulletin</title>
		<imprint>
			<biblScope unit="volume">40</biblScope>
			<biblScope unit="issue">3</biblScope>
			<biblScope unit="page" from="52" to="74" />
			<date type="published" when="2017" />
		</imprint>
	</monogr>
</biblStruct>

<biblStruct xml:id="b17">
	<analytic>
		<title level="a" type="main">Batch normalization: Accelerating deep network training by reducing internal covariate shift</title>
		<author>
			<persName xmlns="http://www.tei-c.org/ns/1.0"><forename type="first">S</forename><surname>Ioffe</surname></persName>
		</author>
		<author>
			<persName xmlns="http://www.tei-c.org/ns/1.0"><forename type="first">C</forename><surname>Szegedy</surname></persName>
		</author>
	</analytic>
	<monogr>
		<title level="m">International Conference on Machine Learning</title>
		<imprint>
			<date type="published" when="2015" />
			<biblScope unit="page" from="448" to="456" />
		</imprint>
	</monogr>
</biblStruct>

<biblStruct xml:id="b18">
	<analytic>
		<title level="a" type="main">Predicting organic reaction outcomes with Weisfeiler-Lehman network</title>
		<author>
			<persName xmlns="http://www.tei-c.org/ns/1.0"><forename type="first">W</forename><surname>Jin</surname></persName>
		</author>
		<author>
			<persName xmlns="http://www.tei-c.org/ns/1.0"><forename type="first">C</forename><forename type="middle">W</forename><surname>Coley</surname></persName>
		</author>
		<author>
			<persName xmlns="http://www.tei-c.org/ns/1.0"><forename type="first">R</forename><surname>Barzilay</surname></persName>
		</author>
		<author>
			<persName xmlns="http://www.tei-c.org/ns/1.0"><forename type="first">T</forename><forename type="middle">S</forename><surname>Jaakkola</surname></persName>
		</author>
	</analytic>
	<monogr>
		<title level="m">Advances in Neural Information Processing Systems</title>
		<imprint>
			<date type="published" when="2017" />
			<biblScope unit="page" from="2604" to="2613" />
		</imprint>
	</monogr>
</biblStruct>

<biblStruct xml:id="b19">
	<monogr>
		<title level="m" type="main">Benchmark data sets for graph kernels</title>
		<author>
			<persName xmlns="http://www.tei-c.org/ns/1.0"><forename type="first">K</forename><surname>Kersting</surname></persName>
		</author>
		<author>
			<persName xmlns="http://www.tei-c.org/ns/1.0"><forename type="first">N</forename><forename type="middle">M</forename><surname>Kriege</surname></persName>
		</author>
		<author>
			<persName xmlns="http://www.tei-c.org/ns/1.0"><forename type="first">C</forename><surname>Morris</surname></persName>
		</author>
		<author>
			<persName xmlns="http://www.tei-c.org/ns/1.0"><forename type="first">P</forename><surname>Mutzel</surname></persName>
		</author>
		<author>
			<persName xmlns="http://www.tei-c.org/ns/1.0"><forename type="first">M</forename><surname>Neumann</surname></persName>
		</author>
		<imprint>
			<date type="published" when="2016" />
		</imprint>
	</monogr>
</biblStruct>

<biblStruct xml:id="b20">
	<monogr>
		<author>
			<persName xmlns="http://www.tei-c.org/ns/1.0"><forename type="first">T</forename><forename type="middle">N</forename><surname>Kipf</surname></persName>
		</author>
		<author>
			<persName xmlns="http://www.tei-c.org/ns/1.0"><forename type="first">E</forename><surname>Fetaya</surname></persName>
		</author>
		<author>
			<persName xmlns="http://www.tei-c.org/ns/1.0"><forename type="first">K</forename><forename type="middle">C</forename><surname>Wang</surname></persName>
		</author>
		<author>
			<persName xmlns="http://www.tei-c.org/ns/1.0"><forename type="first">M</forename><surname>Welling</surname></persName>
		</author>
		<author>
			<persName xmlns="http://www.tei-c.org/ns/1.0"><forename type="first">R</forename><surname>Zemel</surname></persName>
		</author>
		<title level="m">Neural relational inference for interacting systems. International Conference on Machine Learning</title>
		<imprint>
			<date type="published" when="2018" />
		</imprint>
	</monogr>
</biblStruct>

<biblStruct xml:id="b21">
	<analytic>
		<title level="a" type="main">Semi-supervised classification with graph convolutional networks</title>
		<author>
			<persName xmlns="http://www.tei-c.org/ns/1.0"><forename type="first">T</forename><forename type="middle">N</forename><surname>Kipf</surname></persName>
		</author>
		<author>
			<persName xmlns="http://www.tei-c.org/ns/1.0"><forename type="first">M</forename><surname>Welling</surname></persName>
		</author>
	</analytic>
	<monogr>
		<title level="m">International Conference on Learning Representations</title>
		<imprint>
			<date type="published" when="2017" />
		</imprint>
	</monogr>
</biblStruct>

<biblStruct xml:id="b22">
	<analytic>
		<title level="a" type="main">On valid optimal assignment kernels and applications to graph classification</title>
		<author>
			<persName xmlns="http://www.tei-c.org/ns/1.0"><forename type="first">N</forename><forename type="middle">M</forename><surname>Kriege</surname></persName>
		</author>
		<author>
			<persName xmlns="http://www.tei-c.org/ns/1.0"><forename type="first">P.-L</forename><surname>Giscard</surname></persName>
		</author>
		<author>
			<persName xmlns="http://www.tei-c.org/ns/1.0"><forename type="first">R</forename><surname>Wilson</surname></persName>
		</author>
	</analytic>
	<monogr>
		<title level="m">Advances in Neural Information Processing Systems</title>
		<imprint>
			<date type="published" when="2016" />
			<biblScope unit="page" from="1623" to="1631" />
		</imprint>
	</monogr>
</biblStruct>

<biblStruct xml:id="b23">
	<analytic>
		<title level="a" type="main">ImageNet classification with deep convolutional neural networks</title>
		<author>
			<persName xmlns="http://www.tei-c.org/ns/1.0"><forename type="first">A</forename><surname>Krizhevsky</surname></persName>
		</author>
		<author>
			<persName xmlns="http://www.tei-c.org/ns/1.0"><forename type="first">I</forename><surname>Sutskever</surname></persName>
		</author>
		<author>
			<persName xmlns="http://www.tei-c.org/ns/1.0"><forename type="first">G</forename><forename type="middle">E</forename><surname>Hinton</surname></persName>
		</author>
	</analytic>
	<monogr>
		<title level="m">Advances in Neural Information Processing Systems</title>
		<imprint>
			<date type="published" when="2012" />
			<biblScope unit="page" from="1097" to="1105" />
		</imprint>
	</monogr>
</biblStruct>

<biblStruct xml:id="b24">
	<analytic>
		<title level="a" type="main">Deriving neural architectures from sequence and graph kernels</title>
		<author>
			<persName xmlns="http://www.tei-c.org/ns/1.0"><forename type="first">T</forename><surname>Lei</surname></persName>
		</author>
		<author>
			<persName xmlns="http://www.tei-c.org/ns/1.0"><forename type="first">W</forename><surname>Jin</surname></persName>
		</author>
		<author>
			<persName xmlns="http://www.tei-c.org/ns/1.0"><forename type="first">R</forename><surname>Barzilay</surname></persName>
		</author>
		<author>
			<persName xmlns="http://www.tei-c.org/ns/1.0"><forename type="first">T</forename><forename type="middle">S</forename><surname>Jaakkola</surname></persName>
		</author>
	</analytic>
	<monogr>
		<title level="m">International Conference on Machine Learning</title>
		<imprint>
			<date type="published" when="2017" />
			<biblScope unit="page" from="2024" to="2033" />
		</imprint>
	</monogr>
</biblStruct>

<biblStruct xml:id="b25">
	<analytic>
		<title level="a" type="main">Gated graph sequence neural networks</title>
		<author>
			<persName xmlns="http://www.tei-c.org/ns/1.0"><forename type="first">Y</forename><surname>Li</surname></persName>
		</author>
		<author>
			<persName xmlns="http://www.tei-c.org/ns/1.0"><forename type="first">D</forename><surname>Tarlow</surname></persName>
		</author>
		<author>
			<persName xmlns="http://www.tei-c.org/ns/1.0"><forename type="first">M</forename><surname>Brockschmidt</surname></persName>
		</author>
		<author>
			<persName xmlns="http://www.tei-c.org/ns/1.0"><forename type="first">R</forename><surname>Zemel</surname></persName>
		</author>
	</analytic>
	<monogr>
		<title level="m">International Conference on Learning Representations</title>
		<imprint>
			<date type="published" when="2016" />
		</imprint>
	</monogr>
</biblStruct>

<biblStruct xml:id="b26">
	<analytic>
		<title level="a" type="main">Graph partition neural networks for semi-supervised classification</title>
		<author>
			<persName xmlns="http://www.tei-c.org/ns/1.0"><forename type="first">R</forename><surname>Liao</surname></persName>
		</author>
		<author>
			<persName xmlns="http://www.tei-c.org/ns/1.0"><forename type="first">M</forename><surname>Brockschmidt</surname></persName>
		</author>
		<author>
			<persName xmlns="http://www.tei-c.org/ns/1.0"><forename type="first">D</forename><surname>Tarlow</surname></persName>
		</author>
		<author>
			<persName xmlns="http://www.tei-c.org/ns/1.0"><forename type="first">A</forename><forename type="middle">L</forename><surname>Gaunt</surname></persName>
		</author>
		<author>
			<persName xmlns="http://www.tei-c.org/ns/1.0"><forename type="first">R</forename><surname>Urtasun</surname></persName>
		</author>
		<author>
			<persName xmlns="http://www.tei-c.org/ns/1.0"><forename type="first">R</forename><surname>Zemel</surname></persName>
		</author>
	</analytic>
	<monogr>
		<title level="m">International Conference on Learning Representations (Workshop Track)</title>
		<imprint>
			<date type="published" when="2018" />
		</imprint>
	</monogr>
</biblStruct>

<biblStruct xml:id="b27">
	<analytic>
		<title level="a" type="main">Deep architectures and deep learning in chemoinformatics: The prediction of aqueous solubility for drug-like molecules</title>
		<author>
			<persName xmlns="http://www.tei-c.org/ns/1.0"><forename type="first">A</forename><surname>Lusci</surname></persName>
		</author>
		<author>
			<persName xmlns="http://www.tei-c.org/ns/1.0"><forename type="first">G</forename><surname>Pollastri</surname></persName>
		</author>
		<author>
			<persName xmlns="http://www.tei-c.org/ns/1.0"><forename type="first">P</forename><surname>Baldi</surname></persName>
		</author>
	</analytic>
	<monogr>
		<title level="j">Journal of Chemical Information and Modeling</title>
		<imprint>
			<biblScope unit="volume">53</biblScope>
			<biblScope unit="issue">7</biblScope>
			<biblScope unit="page" from="1563" to="1575" />
			<date type="published" when="2013" />
		</imprint>
	</monogr>
</biblStruct>

<biblStruct xml:id="b28">
	<analytic>
		<title level="a" type="main">Automatic generation of complementary descriptors with molecular graph networks</title>
		<author>
			<persName xmlns="http://www.tei-c.org/ns/1.0"><forename type="first">C</forename><surname>Merkwirth</surname></persName>
		</author>
		<author>
			<persName xmlns="http://www.tei-c.org/ns/1.0"><forename type="first">T</forename><surname>Lengauer</surname></persName>
		</author>
	</analytic>
	<monogr>
		<title level="j">Journal of Chemical Information and Modeling</title>
		<imprint>
			<biblScope unit="volume">45</biblScope>
			<biblScope unit="issue">5</biblScope>
			<biblScope unit="page" from="1159" to="1168" />
			<date type="published" when="2005" />
		</imprint>
	</monogr>
</biblStruct>

<biblStruct xml:id="b29">
	<analytic>
		<title level="a" type="main">Learning convolutional neural networks for graphs</title>
		<author>
			<persName xmlns="http://www.tei-c.org/ns/1.0"><forename type="first">M</forename><surname>Niepert</surname></persName>
		</author>
		<author>
			<persName xmlns="http://www.tei-c.org/ns/1.0"><forename type="first">M</forename><surname>Ahmed</surname></persName>
		</author>
		<author>
			<persName xmlns="http://www.tei-c.org/ns/1.0"><forename type="first">K</forename><surname>Kutzkov</surname></persName>
		</author>
	</analytic>
	<monogr>
		<title level="m">International Conference on Machine Learning</title>
		<imprint>
			<date type="published" when="2016" />
			<biblScope unit="page" from="2014" to="2023" />
		</imprint>
	</monogr>
</biblStruct>

<biblStruct xml:id="b30">
	<analytic>
		<title level="a" type="main">The graph neural network model</title>
		<author>
			<persName xmlns="http://www.tei-c.org/ns/1.0"><forename type="first">F</forename><surname>Scarselli</surname></persName>
		</author>
		<author>
			<persName xmlns="http://www.tei-c.org/ns/1.0"><forename type="first">M</forename><surname>Gori</surname></persName>
		</author>
		<author>
			<persName xmlns="http://www.tei-c.org/ns/1.0"><forename type="first">A</forename><forename type="middle">C</forename><surname>Tsoi</surname></persName>
		</author>
		<author>
			<persName xmlns="http://www.tei-c.org/ns/1.0"><forename type="first">M</forename><surname>Hagenbuchner</surname></persName>
		</author>
		<author>
			<persName xmlns="http://www.tei-c.org/ns/1.0"><forename type="first">G</forename><surname>Monfardini</surname></persName>
		</author>
	</analytic>
	<monogr>
		<title level="j">Transactions on Neural Networks</title>
		<imprint>
			<biblScope unit="volume">20</biblScope>
			<biblScope unit="issue">1</biblScope>
			<biblScope unit="page" from="61" to="80" />
			<date type="published" when="2009" />
		</imprint>
	</monogr>
</biblStruct>

<biblStruct xml:id="b31">
	<analytic>
		<title level="a" type="main">Modeling relational data with graph convolutional networks</title>
		<author>
			<persName xmlns="http://www.tei-c.org/ns/1.0"><forename type="first">M</forename><surname>Schlichtkrull</surname></persName>
		</author>
		<author>
			<persName xmlns="http://www.tei-c.org/ns/1.0"><forename type="first">T</forename><forename type="middle">N</forename><surname>Kipf</surname></persName>
		</author>
		<author>
			<persName xmlns="http://www.tei-c.org/ns/1.0"><forename type="first">P</forename><surname>Bloem</surname></persName>
		</author>
		<author>
			<persName xmlns="http://www.tei-c.org/ns/1.0"><forename type="first">R</forename><surname>Van Den</surname></persName>
		</author>
		<author>
			<persName xmlns="http://www.tei-c.org/ns/1.0"><forename type="first">I</forename><surname>Berg</surname></persName>
		</author>
		<author>
			<persName xmlns="http://www.tei-c.org/ns/1.0"><forename type="first">M</forename><surname>Titov</surname></persName>
		</author>
		<author>
			<persName xmlns="http://www.tei-c.org/ns/1.0"><surname>Welling</surname></persName>
		</author>
	</analytic>
	<monogr>
		<title level="m">Extended Semantic Web Conference</title>
		<imprint>
			<date type="published" when="2018" />
		</imprint>
	</monogr>
</biblStruct>

<biblStruct xml:id="b32">
	<analytic>
		<title level="a" type="main">SchNet: A continuous-filter convolutional neural network for modeling quantum interactions</title>
		<author>
			<persName xmlns="http://www.tei-c.org/ns/1.0"><forename type="first">K</forename><surname>Schütt</surname></persName>
		</author>
		<author>
			<persName xmlns="http://www.tei-c.org/ns/1.0"><forename type="first">P</forename><forename type="middle">J</forename><surname>Kindermans</surname></persName>
		</author>
		<author>
			<persName xmlns="http://www.tei-c.org/ns/1.0"><forename type="first">H</forename><forename type="middle">E</forename><surname>Sauceda</surname></persName>
		</author>
		<author>
			<persName xmlns="http://www.tei-c.org/ns/1.0"><forename type="first">S</forename><surname>Chmiela</surname></persName>
		</author>
		<author>
			<persName xmlns="http://www.tei-c.org/ns/1.0"><forename type="first">A</forename><surname>Tkatchenko</surname></persName>
		</author>
		<author>
			<persName xmlns="http://www.tei-c.org/ns/1.0"><forename type="first">K</forename><forename type="middle">R</forename><surname>Müller</surname></persName>
		</author>
	</analytic>
	<monogr>
		<title level="m">Advances in Neural Information Processing Systems</title>
		<imprint>
			<date type="published" when="2017" />
			<biblScope unit="page" from="992" to="1002" />
		</imprint>
	</monogr>
</biblStruct>

<biblStruct xml:id="b33">
	<analytic>
		<title level="a" type="main">Weisfeiler-Lehman graph kernels</title>
		<author>
			<persName xmlns="http://www.tei-c.org/ns/1.0"><forename type="first">N</forename><surname>Shervashidze</surname></persName>
		</author>
		<author>
			<persName xmlns="http://www.tei-c.org/ns/1.0"><forename type="first">P</forename><surname>Schweitzer</surname></persName>
		</author>
		<author>
			<persName xmlns="http://www.tei-c.org/ns/1.0"><forename type="first">E</forename><forename type="middle">J</forename><surname>Van Leeuwen</surname></persName>
		</author>
		<author>
			<persName xmlns="http://www.tei-c.org/ns/1.0"><forename type="first">K</forename><surname>Mehlhorn</surname></persName>
		</author>
		<author>
			<persName xmlns="http://www.tei-c.org/ns/1.0"><forename type="first">K</forename><forename type="middle">M</forename><surname>Borgwardt</surname></persName>
		</author>
	</analytic>
	<monogr>
		<title level="j">Journal of Machine Learning Research</title>
		<imprint>
			<biblScope unit="volume">12</biblScope>
			<biblScope unit="page" from="2539" to="2561" />
			<date type="published" when="2011" />
		</imprint>
	</monogr>
</biblStruct>

<biblStruct xml:id="b34">
	<analytic>
		<title level="a" type="main">Efficient graphlet kernels for large graph comparison</title>
		<author>
			<persName xmlns="http://www.tei-c.org/ns/1.0"><forename type="first">N</forename><surname>Shervashidze</surname></persName>
		</author>
		<author>
			<persName xmlns="http://www.tei-c.org/ns/1.0"><forename type="first">S</forename><forename type="middle">V N</forename><surname>Vishwanathan</surname></persName>
		</author>
		<author>
			<persName xmlns="http://www.tei-c.org/ns/1.0"><forename type="first">T</forename><forename type="middle">H</forename><surname>Petri</surname></persName>
		</author>
		<author>
			<persName xmlns="http://www.tei-c.org/ns/1.0"><forename type="first">K</forename><surname>Mehlhorn</surname></persName>
		</author>
		<author>
			<persName xmlns="http://www.tei-c.org/ns/1.0"><forename type="first">K</forename><forename type="middle">M</forename><surname>Borgwardt</surname></persName>
		</author>
	</analytic>
	<monogr>
		<title level="m">International Conference on Artificial Intelligence and Statistics</title>
		<imprint>
			<date type="published" when="2009" />
			<biblScope unit="page" from="488" to="495" />
		</imprint>
	</monogr>
</biblStruct>

<biblStruct xml:id="b35">
	<analytic>
		<title level="a" type="main">Dynamic edge-conditioned filters in convolutional neural networks on graphs</title>
		<author>
			<persName xmlns="http://www.tei-c.org/ns/1.0"><forename type="first">M</forename><surname>Simonovsky</surname></persName>
		</author>
		<author>
			<persName xmlns="http://www.tei-c.org/ns/1.0"><forename type="first">N</forename><surname>Komodakis</surname></persName>
		</author>
	</analytic>
	<monogr>
		<title level="m">IEEE Conference on Computer Vision and Pattern Recognition</title>
		<imprint>
			<date type="published" when="2017" />
			<biblScope unit="page" from="29" to="38" />
		</imprint>
	</monogr>
</biblStruct>

<biblStruct xml:id="b36">
	<analytic>
		<title level="a" type="main">Graph attention networks</title>
		<author>
			<persName xmlns="http://www.tei-c.org/ns/1.0"><forename type="first">P</forename><surname>Veličković</surname></persName>
		</author>
		<author>
			<persName xmlns="http://www.tei-c.org/ns/1.0"><forename type="first">G</forename><surname>Cucurull</surname></persName>
		</author>
		<author>
			<persName xmlns="http://www.tei-c.org/ns/1.0"><forename type="first">A</forename><surname>Casanova</surname></persName>
		</author>
		<author>
			<persName xmlns="http://www.tei-c.org/ns/1.0"><forename type="first">A</forename><surname>Romero</surname></persName>
		</author>
		<author>
			<persName xmlns="http://www.tei-c.org/ns/1.0"><forename type="first">P</forename><surname>Liò</surname></persName>
		</author>
		<author>
			<persName xmlns="http://www.tei-c.org/ns/1.0"><forename type="first">Y</forename><surname>Bengio</surname></persName>
		</author>
	</analytic>
	<monogr>
		<title level="m">International Conference on Learning Representations</title>
		<imprint>
			<date type="published" when="2018" />
		</imprint>
	</monogr>
</biblStruct>

<biblStruct xml:id="b37">
	<monogr>
		<author>
			<persName xmlns="http://www.tei-c.org/ns/1.0"><forename type="first">S</forename><surname>Verma</surname></persName>
		</author>
		<author>
			<persName xmlns="http://www.tei-c.org/ns/1.0"><forename type="first">Z.-L</forename><surname>Zhang</surname></persName>
		</author>
		<idno type="arXiv">arXiv:1805.08090</idno>
		<title level="m">Graph capsule convolutional neural networks</title>
		<imprint>
			<date type="published" when="2018" />
		</imprint>
	</monogr>
	<note type="report_type">arXiv preprint</note>
</biblStruct>

<biblStruct xml:id="b38">
	<analytic>
		<title level="a" type="main">Order matters: Sequence to sequence for sets</title>
		<author>
			<persName xmlns="http://www.tei-c.org/ns/1.0"><forename type="first">O</forename><surname>Vinyals</surname></persName>
		</author>
		<author>
			<persName xmlns="http://www.tei-c.org/ns/1.0"><forename type="first">S</forename><surname>Bengio</surname></persName>
		</author>
		<author>
			<persName xmlns="http://www.tei-c.org/ns/1.0"><forename type="first">M</forename><surname>Kudlur</surname></persName>
		</author>
	</analytic>
	<monogr>
		<title level="m">International Conference on Learning Representations</title>
		<imprint>
			<date type="published" when="2015" />
		</imprint>
	</monogr>
</biblStruct>

<biblStruct xml:id="b39">
	<analytic>
		<title level="a" type="main">A structural smoothing framework for robust graph comparison</title>
		<author>
			<persName xmlns="http://www.tei-c.org/ns/1.0"><forename type="first">P</forename><surname>Yanardag</surname></persName>
		</author>
		<author>
			<persName xmlns="http://www.tei-c.org/ns/1.0"><forename type="first">S</forename><forename type="middle">V N</forename><surname>Vishwanathan</surname></persName>
		</author>
	</analytic>
	<monogr>
		<title level="m">Advances in Neural Information Processing Systems</title>
		<imprint>
			<date type="published" when="2015" />
			<biblScope unit="page" from="2134" to="2142" />
		</imprint>
	</monogr>
</biblStruct>

<biblStruct xml:id="b40">
	<analytic>
		<title level="a" type="main">An end-to-end deep learning architecture for graph classification</title>
		<author>
			<persName xmlns="http://www.tei-c.org/ns/1.0"><forename type="first">M</forename><surname>Zhang</surname></persName>
		</author>
		<author>
			<persName xmlns="http://www.tei-c.org/ns/1.0"><forename type="first">Z</forename><surname>Cui</surname></persName>
		</author>
		<author>
			<persName xmlns="http://www.tei-c.org/ns/1.0"><forename type="first">M</forename><surname>Neumann</surname></persName>
		</author>
		<author>
			<persName xmlns="http://www.tei-c.org/ns/1.0"><forename type="first">Y</forename><surname>Chen</surname></persName>
		</author>
	</analytic>
	<monogr>
		<title level="m">AAAI Conference on Artificial Intelligence</title>
		<imprint>
			<date type="published" when="2018" />
		</imprint>
	</monogr>
</biblStruct>

				</listBibl>
			</div>
		</back>
	</text>
</TEI>
