<?xml version="1.0" encoding="UTF-8"?>
<TEI xml:space="preserve" xmlns="http://www.tei-c.org/ns/1.0" 
xmlns:xsi="http://www.w3.org/2001/XMLSchema-instance" 
xsi:schemaLocation="http://www.tei-c.org/ns/1.0 /Users/cindy/tmp/grobid-0.6.1/grobid-home/schemas/xsd/Grobid.xsd"
 xmlns:xlink="http://www.w3.org/1999/xlink">
	<teiHeader xml:lang="en">
		<fileDesc>
			<titleStmt>
				<title level="a" type="main">Conditional Generative Adversarial Nets</title>
			</titleStmt>
			<publicationStmt>
				<publisher/>
				<availability status="unknown"><licence/></availability>
				<date type="published" when="2014-11-06">6 Nov 2014</date>
			</publicationStmt>
			<sourceDesc>
				<biblStruct>
					<analytic>
						<author>
							<persName xmlns="http://www.tei-c.org/ns/1.0"><forename type="first">Mehdi</forename><surname>Mirza</surname></persName>
							<email>mirzamom@iro.umontreal.ca</email>
							<affiliation key="aff0">
								<orgName type="laboratory">Département d&apos;informatique</orgName>
								<orgName type="institution">Université de Montréal Montréal</orgName>
								<address>
									<postCode>H3C 3J7</postCode>
									<region>QC</region>
								</address>
							</affiliation>
						</author>
						<author>
							<persName xmlns="http://www.tei-c.org/ns/1.0"><forename type="first">Simon</forename><surname>Osindero</surname></persName>
							<email>osindero@yahoo-inc.com</email>
							<affiliation key="aff1">
								<orgName type="department">Flickr / Yahoo Inc. San Francisco</orgName>
								<address>
									<postCode>94103</postCode>
									<region>CA</region>
								</address>
							</affiliation>
						</author>
						<title level="a" type="main">Conditional Generative Adversarial Nets</title>
					</analytic>
					<monogr>
						<imprint>
							<date type="published" when="2014-11-06">6 Nov 2014</date>
						</imprint>
					</monogr>
					<idno type="arXiv">arXiv:1411.1784v1[cs.LG]</idno>
				</biblStruct>
			</sourceDesc>
		</fileDesc>
		<encodingDesc>
			<appInfo>
				<application version="0.6.1" ident="GROBID" when="2021-01-31T12:40+0000">
					<desc>GROBID - A machine learning software for extracting information from scholarly documents</desc>
					<ref target="https://github.com/kermitt2/grobid"/>
				</application>
			</appInfo>
		</encodingDesc>
		<profileDesc>
			<abstract>
				<p>Generative Adversarial Nets [8] were recently introduced as a novel way to train generative models. In this work we introduce the conditional version of generative adversarial nets, which can be constructed by simply feeding the data, y, we wish to condition on to both the generator and discriminator. We show that this model can generate MNIST digits conditioned on class labels. We also illustrate how this model could be used to learn a multi-modal model, and provide preliminary examples of an application to image tagging in which we demonstrate how this approach can generate descriptive tags which are not part of training labels.</p>
			</abstract>
		</profileDesc>
	</teiHeader>
	<text xml:lang="en">
		<body>
<div xmlns="http://www.tei-c.org/ns/1.0"><head>Introduction</head><p>Generative adversarial nets were recently introduced as an alternative framework for training generative models in order to sidestep the difficulty of approximating many intractable probabilistic computations.</p><p>Adversarial nets have the advantages that Markov chains are never needed, only backpropagation is used to obtain gradients, no inference is required during learning, and a wide variety of factors and interactions can easily be incorporated into the model. Furthermore, as demonstrated in <ref type="bibr" target="#b7">[8]</ref>, it can produce state of the art log-likelihood estimates and realistic samples.</p><p>In an unconditioned generative model, there is no control on modes of the data being generated. However, by conditioning the model on additional information it is possible to direct the data generation process. Such conditioning could be based on class labels, on some part of data for inpainting like <ref type="bibr" target="#b4">[5]</ref>, or even on data from different modality.</p><p>In this work we show how can we construct the conditional adversarial net. And for empirical results we demonstrate two set of experiment. One on MNIST digit data set conditioned on class labels and one on MIR Flickr 25,000 dataset <ref type="bibr" target="#b9">[10]</ref> for multi-modal learning.</p></div>
<div xmlns="http://www.tei-c.org/ns/1.0"><head n="2">Related Work</head></div>
<div xmlns="http://www.tei-c.org/ns/1.0"><head n="2.1">Multi-modal Learning For Image Labelling</head><p>Despite the many recent successes of supervised neural networks (and convolutional networks in particular) <ref type="bibr" target="#b12">[13,</ref><ref type="bibr" target="#b16">17]</ref>, it remains challenging to scale such models to accommodate an extremely large number of predicted output categories. A second issue is that much of the work to date has focused on learning one-to-one mappings from input to output. However, many interesting problems are more naturally thought of as a probabilistic one-to-many mapping. For instance in the case of image labeling there may be many different tags that could appropriately applied to a given image, and different (human) annotators may use different (but typically synonymous or related) terms to describe the same image.</p><p>One way to help address the first issue is to leverage additional information from other modalities: for instance, by using natural language corpora to learn a vector representation for labels in which geometric relations are semantically meaningful. When making predictions in such spaces, we benefit from the fact that when prediction errors we are still often 'close' to the truth (e.g. predicting 'table' instead of 'chair'), and also from the fact that we can naturally make predictive generalizations to labels that were not seen during training time. Works such as <ref type="bibr" target="#b2">[3]</ref> have shown that even a simple linear mapping from image feature-space to word-representation-space can yield improved classification performance.</p><p>One way to address the second problem is to use a conditional probabilistic generative model, the input is taken to be the conditioning variable and the one-to-many mapping is instantiated as a conditional predictive distribution.</p><p>[16] take a similar approach to this problem, and train a multi-modal Deep Boltzmann Machine on the MIR Flickr 25,000 dataset as we do in this work.</p><p>Additionally, in <ref type="bibr" target="#b11">[12]</ref> the authors show how to train a supervised multi-modal neural language model, and they are able to generate descriptive sentence for images.</p></div>
<div xmlns="http://www.tei-c.org/ns/1.0"><head n="3">Conditional Adversarial Nets</head></div>
<div xmlns="http://www.tei-c.org/ns/1.0"><head n="3.1">Generative Adversarial Nets</head><p>Generative adversarial nets were recently introduced as a novel way to train a generative model. They consists of two 'adversarial' models: a generative model G that captures the data distribution, and a discriminative model D that estimates the probability that a sample came from the training data rather than G. Both G and D could be a non-linear mapping function, such as a multi-layer perceptron.</p><p>To learn a generator distribution p g over data data x, the generator builds a mapping function from a prior noise distribution p z (z) to data space as G(z; θ g ). And the discriminator, D(x; θ d ), outputs a single scalar representing the probability that x came form training data rather than p g .</p><p>G and D are both trained simultaneously: we adjust parameters for G to minimize log(1 − D(G(z)) and adjust parameters for D to minimize logD(X), as if they are following the two-player min-max game with value function</p><formula xml:id="formula_0">V (G, D): min G max D V (D, G) = E x∼pdata(x) [log D(x)] + E z∼pz(z) [log(1 − D(G(z)))].</formula><p>(1)</p></div>
<div xmlns="http://www.tei-c.org/ns/1.0"><head n="3.2">Conditional Adversarial Nets</head><p>Generative adversarial nets can be extended to a conditional model if both the generator and discriminator are conditioned on some extra information y. y could be any kind of auxiliary information, such as class labels or data from other modalities. We can perform the conditioning by feeding y into the both the discriminator and generator as additional input layer.</p><p>In the generator the prior input noise p z (z), and y are combined in joint hidden representation, and the adversarial training framework allows for considerable flexibility in how this hidden representation is composed. <ref type="bibr" target="#b0">1</ref> In the discriminator x and y are presented as inputs and to a discriminative function (embodied again by a MLP in this case).</p><p>The objective function of a two-player minimax game would be as Eq 2  </p><formula xml:id="formula_1">min G max D V (D, G) = E x∼pdata(x) [log D(x|y)] + E z∼pz(z) [log(1 − D(G(z|y)))].<label>(2)</label></formula></div>
<div xmlns="http://www.tei-c.org/ns/1.0"><head n="4.1">Unimodal</head><p>We trained a conditional adversarial net on MNIST images conditioned on their class labels, encoded as one-hot vectors.</p><p>In the generator net, a noise prior z with dimensionality 100 was drawn from a uniform distribution within the unit hypercube. Both z and y are mapped to hidden layers with Rectified Linear Unit (ReLu) activation <ref type="bibr" target="#b3">[4,</ref><ref type="bibr" target="#b10">11]</ref>, with layer sizes 200 and 1000 respectively, before both being mapped to second, combined hidden ReLu layer of dimensionality 1200. We then have a final sigmoid unit layer as our output for generating the 784-dimensional MNIST samples.</p><p>For now we simply have the conditioning input and prior noise as inputs to a single hidden layer of a MLP, but one could imagine using higher order interactions allowing for complex generation mechanisms that would be extremely difficult to work with in a traditional generative framework.</p></div>
<div xmlns="http://www.tei-c.org/ns/1.0"><head>Model</head><p>MNIST DBN <ref type="bibr" target="#b0">[1]</ref> 138 ± 2 Stacked CAE <ref type="bibr" target="#b0">[1]</ref> 121 ± 1.6 Deep GSN <ref type="bibr" target="#b1">[2]</ref> 214 ± 1.1 Adversarial nets 225 ± 2 Conditional adversarial nets 132 ± 1.8 <ref type="table">Table 1</ref>: Parzen window-based log-likelihood estimates for MNIST. We followed the same procedure as <ref type="bibr" target="#b7">[8]</ref> for computing these values.</p><p>The discriminator maps x to a maxout <ref type="bibr" target="#b5">[6]</ref> layer with 240 units and 5 pieces, and y to a maxout layer with 50 units and 5 pieces. Both of the hidden layers mapped to a joint maxout layer with 240 units and 4 pieces before being fed to the sigmoid layer. (The precise architecture of the discriminator is not critical as long as it has sufficient power; we have found that maxout units are typically well suited to the task.)</p><p>The model was trained using stochastic gradient decent with mini-batches of size 100 and initial learning rate of 0.1 which was exponentially decreased down to .000001 with decay factor of 1.00004. Also momentum was used with initial value of .5 which was increased up to 0.7. Dropout <ref type="bibr" target="#b8">[9]</ref> with probability of 0.5 was applied to both the generator and discriminator. And best estimate of log-likelihood on the validation set was used as stopping point. <ref type="table">Table 1</ref> shows Gaussian Parzen window log-likelihood estimate for the MNIST dataset test data.</p><p>samples were drawn from each 10 class and a Gaussian Parzen window was fitted to these samples. We then estimate the log-likelihood of the test set using the Parzen window distribution. (See <ref type="bibr" target="#b7">[8]</ref> for more details of how this estimate is constructed.)</p><p>The conditional adversarial net results that we present are comparable with some other network based, but are outperformed by several other approaches -including non-conditional adversarial nets. We present these results more as a proof-of-concept than as demonstration of efficacy, and believe that with further exploration of hyper-parameter space and architecture that the conditional model should match or exceed the non-conditional results.  </p></div>
<div xmlns="http://www.tei-c.org/ns/1.0"><head n="4.2">Multimodal</head><p>Photo sites such as Flickr are a rich source of labeled data in the form of images and their associated user-generated metadata (UGM) -in particular user-tags.</p><p>User-generated metadata differ from more 'canonical' image labelling schems in that they are typically more descriptive, and are semantically much closer to how humans describe images with natural language rather than just identifying the objects present in an image. Another aspect of UGM is that synoymy is prevalent and different users may use different vocabulary to describe the same concepts -consequently, having an efficient way to normalize these labels becomes important. Conceptual word embeddings <ref type="bibr" target="#b13">[14]</ref> can be very useful here since related concepts end up being represented by similar vectors.</p><p>In this section we demonstrate automated tagging of images, with multi-label predictions, using conditional adversarial nets to generate a (possibly multi-modal) distribution of tag-vectors conditional on image features.</p><p>For image features we pre-train a convolutional model similar to the one from <ref type="bibr" target="#b12">[13]</ref> on the full ImageNet dataset with 21,000 labels <ref type="bibr" target="#b14">[15]</ref>. We use the output of the last fully connected layer with 4096 units as image representations.</p><p>For the world representation we first gather a corpus of text from concatenation of user-tags, titles and descriptions from YFCC100M 2 dataset metadata. After pre-processing and cleaning of the text we trained a skip-gram model <ref type="bibr" target="#b13">[14]</ref> with word vector size of 200. And we omitted any word appearing less than 200 times from the vocabulary, thereby ending up with a dictionary of size 247465.</p><p>We keep the convolutional model and the language model fixed during training of the adversarial net. And leave the experiments when we even backpropagate through these models as future work.</p><p>For our experiments we use MIR Flickr 25,000 dataset <ref type="bibr" target="#b9">[10]</ref>, and extract the image and tags features using the convolutional model and language model we described above. Images without any tag were omitted from our experiments and annotations were treated as extra tags. The first 150,000 examples were used as training set. Images with multiple tags were repeated inside the training set once for each associated tag.</p><p>For evaluation, we generate 100 samples for each image and find top 20 closest words using cosine similarity of vector representation of the words in the vocabulary to each sample. Then we select the top 10 most common words among all 100 samples. <ref type="table">Table 4</ref>.2 shows some samples of the user assigned tags and annotations along with the generated tags.</p><p>The best working model's generator receives Gaussian noise of size 100 as noise prior and maps it to 500 dimension ReLu layer. And maps 4096 dimension image feature vector to 2000 dimension ReLu hidden layer. Both of these layers are mapped to a joint representation of 200 dimension linear layer which would output the generated word vectors.</p><p>The discriminator is consisted of 500 and 1200 dimension ReLu hidden layers for word vectors and image features respectively and maxout layer with 1000 units and 3 pieces as the join layer which is finally fed to the one single sigmoid unit.</p><p>The model was trained using stochastic gradient decent with mini-batches of size 100 and initial learning rate of 0.1 which was exponentially decreased down to .000001 with decay factor of 1.00004. Also momentum was used with initial value of .5 which was increased up to 0.7. Dropout with probability of 0.5 was applied to both the generator and discriminator.</p><p>The hyper-parameters and architectural choices were obtained by cross-validation and a mix of random grid search and manual selection (albeit over a somewhat limited search space.)</p></div>
<div xmlns="http://www.tei-c.org/ns/1.0"><head>Future Work</head><p>The results shown in this paper are extremely preliminary, but they demonstrate the potential of conditional adversarial nets and show promise for interesting and useful applications.</p><p>In future explorations between now and the workshop we expect to present more sophisticated models, as well as a more detailed and thorough analysis of their performance and characteristics.  <ref type="table">Table 2</ref>: Samples of generated tags Also, in the current experiments we only use each tag individually. But by using multiple tags at the same time (effectively posing generative problem as one of 'set generation') we hope to achieve better results.</p><p>Another obvious direction left for future work is to construct a joint training scheme to learn the language model. Works such as <ref type="bibr" target="#b11">[12]</ref> has shown that we can learn a language model for suited for the specific task.</p></div><figure xmlns="http://www.tei-c.org/ns/1.0" xml:id="fig_0"><head>Fig 1</head><label>1</label><figDesc>illustrates the structure of a simple conditional adversarial net.</figDesc></figure>
<figure xmlns="http://www.tei-c.org/ns/1.0" xml:id="fig_1"><head>Figure 1 :</head><label>1</label><figDesc>Conditional adversarial net 4 Experimental Results</figDesc></figure>
<figure xmlns="http://www.tei-c.org/ns/1.0" xml:id="fig_2"><head>Fig</head><label></label><figDesc>shows some of the generated samples. Each row is conditioned on one label and each column is a different generated sample.</figDesc></figure>
<figure xmlns="http://www.tei-c.org/ns/1.0" xml:id="fig_3"><head>Figure 2 :</head><label>2</label><figDesc>Generated MNIST digits, each row conditioned on one label</figDesc></figure>
<figure xmlns="http://www.tei-c.org/ns/1.0" type="table" xml:id="tab_0"><head></head><label></label><figDesc>Yahoo Flickr Creative Common 100M http://webscope.sandbox.yahoo.com/catalog. php?datatype=i&amp;did=67.</figDesc><table><row><cell>User tags + annotations</cell><cell cols="2">Generated tags</cell></row><row><cell></cell><cell cols="3">taxi, passenger, line,</cell></row><row><cell>montanha, trem, inverno,</cell><cell cols="2">transportation,</cell><cell>railway</cell></row><row><cell>frio, people, male, plant</cell><cell>station,</cell><cell cols="2">passengers,</cell></row><row><cell>life, tree, structures, trans-</cell><cell cols="3">railways, signals, rail,</cell></row><row><cell>port, car</cell><cell>rails</cell><cell></cell></row><row><cell></cell><cell>chicken,</cell><cell cols="2">fattening,</cell></row><row><cell></cell><cell cols="3">cooked, peanut, cream,</cell></row><row><cell>food, raspberry, delicious,</cell><cell>cookie,</cell><cell cols="2">house made,</cell></row><row><cell>homemade</cell><cell cols="3">bread, biscuit, bakes</cell></row><row><cell></cell><cell cols="3">creek, lake, along, near,</cell></row><row><cell></cell><cell cols="3">river, rocky, treeline, val-</cell></row><row><cell>water, river</cell><cell cols="2">ley, woods, waters</cell></row><row><cell></cell><cell cols="3">love, people, posing, girl,</cell></row><row><cell>people, portrait, female,</cell><cell cols="3">young, strangers, pretty,</cell></row><row><cell>baby, indoor</cell><cell cols="3">women, happy, life</cell></row></table><note></note></figure>
		</body>
		<back>

			<div type="acknowledgement">
<div xmlns="http://www.tei-c.org/ns/1.0"><head>Acknowledgments</head><p>This project was developed in Pylearn2 <ref type="bibr" target="#b6">[7]</ref> framework, and we would like to thank Pylearn2 developers. We also like to thank Ian Goodfellow for helpful discussion during his affiliation at University of Montreal. The authors gratefully acknowledge the support from the Vision &amp; Machine Learning, and Production Engineering teams at Flickr (in alphabetical order: Andrew Stadlen, Arel Cordero, Clayton Mellina, Cyprien Noel, Frank Liu, Gerry Pesavento, Huy Nguyen, Jack Culpepper, John Ko, Pierre Garrigues, Rob Hess, Stacey Svetlichnaya, Tobi Baumgartner, and Ye Lu).</p></div>
			</div>

			<div type="references">

				<listBibl>

<biblStruct xml:id="b0">
	<monogr>
		<title level="m" type="main">Better mixing via deep representations</title>
		<author>
			<persName xmlns="http://www.tei-c.org/ns/1.0"><forename type="first">Y</forename><surname>Bengio</surname></persName>
		</author>
		<author>
			<persName xmlns="http://www.tei-c.org/ns/1.0"><forename type="first">G</forename><surname>Mesnil</surname></persName>
		</author>
		<author>
			<persName xmlns="http://www.tei-c.org/ns/1.0"><forename type="first">Y</forename><surname>Dauphin</surname></persName>
		</author>
		<author>
			<persName xmlns="http://www.tei-c.org/ns/1.0"><forename type="first">S</forename><surname>Rifai</surname></persName>
		</author>
		<imprint>
			<date type="published" when="2013" />
		</imprint>
	</monogr>
</biblStruct>

<biblStruct xml:id="b1">
	<analytic>
		<title level="a" type="main">Deep generative stochastic networks trainable by backprop</title>
		<author>
			<persName xmlns="http://www.tei-c.org/ns/1.0"><forename type="first">Y</forename><surname>Bengio</surname></persName>
		</author>
		<author>
			<persName xmlns="http://www.tei-c.org/ns/1.0"><forename type="first">E</forename><surname>Thibodeau-Laufer</surname></persName>
		</author>
		<author>
			<persName xmlns="http://www.tei-c.org/ns/1.0"><forename type="first">G</forename><surname>Alain</surname></persName>
		</author>
		<author>
			<persName xmlns="http://www.tei-c.org/ns/1.0"><forename type="first">Yosinski</forename></persName>
		</author>
		<author>
			<persName xmlns="http://www.tei-c.org/ns/1.0"><forename type="first">J</forename></persName>
		</author>
	</analytic>
	<monogr>
		<title level="m">Proceedings of the 30th International Conference on Machine Learning (ICML&apos;14)</title>
		<meeting>the 30th International Conference on Machine Learning (ICML&apos;14)</meeting>
		<imprint>
			<date type="published" when="2014" />
		</imprint>
	</monogr>
</biblStruct>

<biblStruct xml:id="b2">
	<analytic>
		<title level="a" type="main">Devise: A deep visual-semantic embedding model</title>
		<author>
			<persName xmlns="http://www.tei-c.org/ns/1.0"><forename type="first">A</forename><surname>Frome</surname></persName>
		</author>
		<author>
			<persName xmlns="http://www.tei-c.org/ns/1.0"><forename type="first">G</forename><forename type="middle">S</forename><surname>Corrado</surname></persName>
		</author>
		<author>
			<persName xmlns="http://www.tei-c.org/ns/1.0"><forename type="first">J</forename><surname>Shlens</surname></persName>
		</author>
		<author>
			<persName xmlns="http://www.tei-c.org/ns/1.0"><forename type="first">S</forename><surname>Bengio</surname></persName>
		</author>
		<author>
			<persName xmlns="http://www.tei-c.org/ns/1.0"><forename type="first">J</forename><surname>Dean</surname></persName>
		</author>
		<author>
			<persName xmlns="http://www.tei-c.org/ns/1.0"><forename type="first">T</forename><surname>Mikolov</surname></persName>
		</author>
	</analytic>
	<monogr>
		<title level="m">Advances in Neural Information Processing Systems</title>
		<imprint>
			<date type="published" when="2013" />
			<biblScope unit="page" from="2121" to="2129" />
		</imprint>
	</monogr>
</biblStruct>

<biblStruct xml:id="b3">
	<analytic>
		<title level="a" type="main">Deep sparse rectifier neural networks</title>
		<author>
			<persName xmlns="http://www.tei-c.org/ns/1.0"><forename type="first">X</forename><surname>Glorot</surname></persName>
		</author>
		<author>
			<persName xmlns="http://www.tei-c.org/ns/1.0"><forename type="first">A</forename><surname>Bordes</surname></persName>
		</author>
		<author>
			<persName xmlns="http://www.tei-c.org/ns/1.0"><forename type="first">Y</forename><surname>Bengio</surname></persName>
		</author>
	</analytic>
	<monogr>
		<title level="m">International Conference on Artificial Intelligence and Statistics</title>
		<imprint>
			<date type="published" when="2011" />
			<biblScope unit="page" from="315" to="323" />
		</imprint>
	</monogr>
</biblStruct>

<biblStruct xml:id="b4">
	<analytic>
		<title level="a" type="main">Multi-prediction deep boltzmann machines</title>
		<author>
			<persName xmlns="http://www.tei-c.org/ns/1.0"><forename type="first">I</forename><surname>Goodfellow</surname></persName>
		</author>
		<author>
			<persName xmlns="http://www.tei-c.org/ns/1.0"><forename type="first">M</forename><surname>Mirza</surname></persName>
		</author>
		<author>
			<persName xmlns="http://www.tei-c.org/ns/1.0"><forename type="first">A</forename><surname>Courville</surname></persName>
		</author>
		<author>
			<persName xmlns="http://www.tei-c.org/ns/1.0"><forename type="first">Y</forename><surname>Bengio</surname></persName>
		</author>
	</analytic>
	<monogr>
		<title level="m">Advances in Neural Information Processing Systems</title>
		<imprint>
			<date type="published" when="2013" />
			<biblScope unit="page" from="548" to="556" />
		</imprint>
	</monogr>
</biblStruct>

<biblStruct xml:id="b5">
	<monogr>
		<author>
			<persName xmlns="http://www.tei-c.org/ns/1.0"><forename type="first">I</forename><forename type="middle">J</forename><surname>Goodfellow</surname></persName>
		</author>
		<author>
			<persName xmlns="http://www.tei-c.org/ns/1.0"><forename type="first">D</forename><surname>Warde-Farley</surname></persName>
		</author>
		<author>
			<persName xmlns="http://www.tei-c.org/ns/1.0"><forename type="first">M</forename><surname>Mirza</surname></persName>
		</author>
		<author>
			<persName xmlns="http://www.tei-c.org/ns/1.0"><forename type="first">A</forename><surname>Courville</surname></persName>
		</author>
		<author>
			<persName xmlns="http://www.tei-c.org/ns/1.0"><forename type="first">Y</forename><surname>Bengio</surname></persName>
		</author>
		<title level="m">Maxout networks. In ICML</title>
		<imprint>
			<date type="published" when="2013" />
		</imprint>
	</monogr>
</biblStruct>

<biblStruct xml:id="b6">
	<monogr>
		<author>
			<persName xmlns="http://www.tei-c.org/ns/1.0"><forename type="first">I</forename><forename type="middle">J</forename><surname>Goodfellow</surname></persName>
		</author>
		<author>
			<persName xmlns="http://www.tei-c.org/ns/1.0"><forename type="first">D</forename><surname>Warde-Farley</surname></persName>
		</author>
		<author>
			<persName xmlns="http://www.tei-c.org/ns/1.0"><forename type="first">P</forename><surname>Lamblin</surname></persName>
		</author>
		<author>
			<persName xmlns="http://www.tei-c.org/ns/1.0"><forename type="first">V</forename><surname>Dumoulin</surname></persName>
		</author>
		<author>
			<persName xmlns="http://www.tei-c.org/ns/1.0"><forename type="first">M</forename><surname>Mirza</surname></persName>
		</author>
		<author>
			<persName xmlns="http://www.tei-c.org/ns/1.0"><forename type="first">R</forename><surname>Pascanu</surname></persName>
		</author>
		<author>
			<persName xmlns="http://www.tei-c.org/ns/1.0"><forename type="first">J</forename><surname>Bergstra</surname></persName>
		</author>
		<author>
			<persName xmlns="http://www.tei-c.org/ns/1.0"><forename type="first">F</forename><surname>Bastien</surname></persName>
		</author>
		<author>
			<persName xmlns="http://www.tei-c.org/ns/1.0"><forename type="first">Y</forename><surname>Bengio</surname></persName>
		</author>
		<idno type="arXiv">arXiv:1308.4214</idno>
		<title level="m">Pylearn2: a machine learning research library</title>
		<imprint>
			<date type="published" when="2013" />
		</imprint>
	</monogr>
	<note type="report_type">arXiv preprint</note>
</biblStruct>

<biblStruct xml:id="b7">
	<analytic>
		<title level="a" type="main">Generative adversarial nets</title>
		<author>
			<persName xmlns="http://www.tei-c.org/ns/1.0"><forename type="first">I</forename><forename type="middle">J</forename><surname>Goodfellow</surname></persName>
		</author>
		<author>
			<persName xmlns="http://www.tei-c.org/ns/1.0"><forename type="first">J</forename><surname>Pouget-Abadie</surname></persName>
		</author>
		<author>
			<persName xmlns="http://www.tei-c.org/ns/1.0"><forename type="first">M</forename><surname>Mirza</surname></persName>
		</author>
		<author>
			<persName xmlns="http://www.tei-c.org/ns/1.0"><forename type="first">B</forename><surname>Xu</surname></persName>
		</author>
		<author>
			<persName xmlns="http://www.tei-c.org/ns/1.0"><forename type="first">D</forename><surname>Warde-Farley</surname></persName>
		</author>
		<author>
			<persName xmlns="http://www.tei-c.org/ns/1.0"><forename type="first">S</forename><surname>Ozair</surname></persName>
		</author>
		<author>
			<persName xmlns="http://www.tei-c.org/ns/1.0"><forename type="first">A</forename><surname>Courville</surname></persName>
		</author>
		<author>
			<persName xmlns="http://www.tei-c.org/ns/1.0"><forename type="first">Y</forename><surname>Bengio</surname></persName>
		</author>
	</analytic>
	<monogr>
		<title level="m">NIPS</title>
		<imprint>
			<date type="published" when="2014" />
		</imprint>
	</monogr>
</biblStruct>

<biblStruct xml:id="b8">
	<monogr>
		<title level="m" type="main">Improving neural networks by preventing co-adaptation of feature detectors</title>
		<author>
			<persName xmlns="http://www.tei-c.org/ns/1.0"><forename type="first">G</forename><forename type="middle">E</forename><surname>Hinton</surname></persName>
		</author>
		<author>
			<persName xmlns="http://www.tei-c.org/ns/1.0"><forename type="first">N</forename><surname>Srivastava</surname></persName>
		</author>
		<author>
			<persName xmlns="http://www.tei-c.org/ns/1.0"><forename type="first">A</forename><surname>Krizhevsky</surname></persName>
		</author>
		<author>
			<persName xmlns="http://www.tei-c.org/ns/1.0"><forename type="first">I</forename><surname>Sutskever</surname></persName>
		</author>
		<author>
			<persName xmlns="http://www.tei-c.org/ns/1.0"><forename type="first">R</forename><surname>Salakhutdinov</surname></persName>
		</author>
		<idno type="arXiv">arXiv:1207.0580</idno>
		<imprint>
			<date type="published" when="2012" />
		</imprint>
	</monogr>
	<note type="report_type">Technical report</note>
</biblStruct>

<biblStruct xml:id="b9">
	<analytic>
		<title level="a" type="main">The mir flickr retrieval evaluation</title>
		<author>
			<persName xmlns="http://www.tei-c.org/ns/1.0"><forename type="first">M</forename><forename type="middle">J</forename><surname>Huiskes</surname></persName>
		</author>
		<author>
			<persName xmlns="http://www.tei-c.org/ns/1.0"><forename type="first">M</forename><forename type="middle">S</forename><surname>Lew</surname></persName>
		</author>
	</analytic>
	<monogr>
		<title level="m">MIR &apos;08: Proceedings of the ACM International Conference on Multimedia Information Retrieval</title>
		<meeting><address><addrLine>New York, NY, USA</addrLine></address></meeting>
		<imprint>
			<publisher>ACM</publisher>
			<date type="published" when="2008" />
		</imprint>
	</monogr>
</biblStruct>

<biblStruct xml:id="b10">
	<analytic>
		<title level="a" type="main">What is the best multi-stage architecture for object recognition</title>
		<author>
			<persName xmlns="http://www.tei-c.org/ns/1.0"><forename type="first">K</forename><surname>Jarrett</surname></persName>
		</author>
		<author>
			<persName xmlns="http://www.tei-c.org/ns/1.0"><forename type="first">K</forename><surname>Kavukcuoglu</surname></persName>
		</author>
		<author>
			<persName xmlns="http://www.tei-c.org/ns/1.0"><forename type="first">M</forename><surname>Ranzato</surname></persName>
		</author>
		<author>
			<persName xmlns="http://www.tei-c.org/ns/1.0"><forename type="first">Y</forename><surname>Lecun</surname></persName>
		</author>
	</analytic>
	<monogr>
		<title level="m">ICCV&apos;09</title>
		<imprint>
			<date type="published" when="2009" />
		</imprint>
	</monogr>
</biblStruct>

<biblStruct xml:id="b11">
	<analytic>
		<title level="a" type="main">Multimodal neural language models</title>
		<author>
			<persName xmlns="http://www.tei-c.org/ns/1.0"><forename type="first">R</forename><surname>Kiros</surname></persName>
		</author>
		<author>
			<persName xmlns="http://www.tei-c.org/ns/1.0"><forename type="first">R</forename><surname>Zemel</surname></persName>
		</author>
		<author>
			<persName xmlns="http://www.tei-c.org/ns/1.0"><forename type="first">R</forename><surname>Salakhutdinov</surname></persName>
		</author>
	</analytic>
	<monogr>
		<title level="m">Proc. NIPS Deep Learning Workshop</title>
		<meeting>NIPS Deep Learning Workshop</meeting>
		<imprint>
			<date type="published" when="2013" />
		</imprint>
	</monogr>
</biblStruct>

<biblStruct xml:id="b12">
	<analytic>
		<title level="a" type="main">ImageNet classification with deep convolutional neural networks</title>
		<author>
			<persName xmlns="http://www.tei-c.org/ns/1.0"><forename type="first">A</forename><surname>Krizhevsky</surname></persName>
		</author>
		<author>
			<persName xmlns="http://www.tei-c.org/ns/1.0"><forename type="first">I</forename><surname>Sutskever</surname></persName>
		</author>
		<author>
			<persName xmlns="http://www.tei-c.org/ns/1.0"><forename type="first">G</forename><surname>Hinton</surname></persName>
		</author>
	</analytic>
	<monogr>
		<title level="m">Advances in Neural Information Processing Systems</title>
		<imprint>
			<date type="published" when="2012" />
			<biblScope unit="volume">25</biblScope>
		</imprint>
	</monogr>
</biblStruct>

<biblStruct xml:id="b13">
	<analytic>
		<title level="a" type="main">Efficient estimation of word representations in vector space</title>
		<author>
			<persName xmlns="http://www.tei-c.org/ns/1.0"><forename type="first">T</forename><surname>Mikolov</surname></persName>
		</author>
		<author>
			<persName xmlns="http://www.tei-c.org/ns/1.0"><forename type="first">K</forename><surname>Chen</surname></persName>
		</author>
		<author>
			<persName xmlns="http://www.tei-c.org/ns/1.0"><forename type="first">G</forename><surname>Corrado</surname></persName>
		</author>
		<author>
			<persName xmlns="http://www.tei-c.org/ns/1.0"><forename type="first">J</forename><surname>Dean</surname></persName>
		</author>
	</analytic>
	<monogr>
		<title level="m">International Conference on Learning Representations: Workshops Track</title>
		<imprint>
			<date type="published" when="2013" />
		</imprint>
	</monogr>
</biblStruct>

<biblStruct xml:id="b14">
	<analytic>
		<title level="a" type="main">Attribute learning in large-scale datasets</title>
		<author>
			<persName xmlns="http://www.tei-c.org/ns/1.0"><forename type="first">O</forename><surname>Russakovsky</surname></persName>
		</author>
		<author>
			<persName xmlns="http://www.tei-c.org/ns/1.0"><forename type="first">L</forename><surname>Fei-Fei</surname></persName>
		</author>
	</analytic>
	<monogr>
		<title level="m">European Conference of Computer Vision (ECCV), International Workshop on Parts and Attributes</title>
		<meeting><address><addrLine>Crete, Greece</addrLine></address></meeting>
		<imprint>
			<date type="published" when="2010" />
		</imprint>
	</monogr>
</biblStruct>

<biblStruct xml:id="b15">
	<analytic>
		<title level="a" type="main">Multimodal learning with deep boltzmann machines</title>
		<author>
			<persName xmlns="http://www.tei-c.org/ns/1.0"><forename type="first">N</forename><surname>Srivastava</surname></persName>
		</author>
		<author>
			<persName xmlns="http://www.tei-c.org/ns/1.0"><forename type="first">R</forename><surname>Salakhutdinov</surname></persName>
		</author>
	</analytic>
	<monogr>
		<title level="m">NIPS</title>
		<imprint>
			<date type="published" when="2012" />
		</imprint>
	</monogr>
</biblStruct>

<biblStruct xml:id="b16">
	<monogr>
		<author>
			<persName xmlns="http://www.tei-c.org/ns/1.0"><forename type="first">C</forename><surname>Szegedy</surname></persName>
		</author>
		<author>
			<persName xmlns="http://www.tei-c.org/ns/1.0"><forename type="first">W</forename><surname>Liu</surname></persName>
		</author>
		<author>
			<persName xmlns="http://www.tei-c.org/ns/1.0"><forename type="first">Y</forename><surname>Jia</surname></persName>
		</author>
		<author>
			<persName xmlns="http://www.tei-c.org/ns/1.0"><forename type="first">P</forename><surname>Sermanet</surname></persName>
		</author>
		<author>
			<persName xmlns="http://www.tei-c.org/ns/1.0"><forename type="first">S</forename><surname>Reed</surname></persName>
		</author>
		<author>
			<persName xmlns="http://www.tei-c.org/ns/1.0"><forename type="first">D</forename><surname>Anguelov</surname></persName>
		</author>
		<author>
			<persName xmlns="http://www.tei-c.org/ns/1.0"><forename type="first">D</forename><surname>Erhan</surname></persName>
		</author>
		<author>
			<persName xmlns="http://www.tei-c.org/ns/1.0"><forename type="first">V</forename><surname>Vanhoucke</surname></persName>
		</author>
		<author>
			<persName xmlns="http://www.tei-c.org/ns/1.0"><forename type="first">A</forename><surname>Rabinovich</surname></persName>
		</author>
		<idno type="arXiv">arXiv:1409.4842</idno>
		<title level="m">Going deeper with convolutions</title>
		<imprint>
			<date type="published" when="2014" />
		</imprint>
	</monogr>
	<note type="report_type">arXiv preprint</note>
</biblStruct>

				</listBibl>
			</div>
		</back>
	</text>
</TEI>
