<?xml version="1.0" encoding="UTF-8"?>
<TEI xml:space="preserve" xmlns="http://www.tei-c.org/ns/1.0" 
xmlns:xsi="http://www.w3.org/2001/XMLSchema-instance" 
xsi:schemaLocation="http://www.tei-c.org/ns/1.0 /Users/cindy/tmp/grobid-0.6.1/grobid-home/schemas/xsd/Grobid.xsd"
 xmlns:xlink="http://www.w3.org/1999/xlink">
	<teiHeader xml:lang="en">
		<fileDesc>
			<titleStmt>
				<title level="a" type="main"></title>
			</titleStmt>
			<publicationStmt>
				<publisher/>
				<availability status="unknown"><licence/></availability>
			</publicationStmt>
			<sourceDesc>
				<biblStruct>
					<analytic>
						<author>
							<persName xmlns="http://www.tei-c.org/ns/1.0"><forename type="first">Eugene</forename><surname>Vorontsov</surname></persName>
							<email>eugene.vorontsov@polymtl.ca</email>
							<affiliation key="aff1">
								<orgName type="institution">Montreal Institute for Learning Algorithms</orgName>
								<address>
									<settlement>Montréal</settlement>
									<country key="CA">Canada</country>
								</address>
							</affiliation>
						</author>
						<author>
							<persName xmlns="http://www.tei-c.org/ns/1.0"><forename type="first">Chiheb</forename><surname>Trabelsi</surname></persName>
							<email>chiheb.trabelsi@polymtl.ca</email>
							<affiliation key="aff1">
								<orgName type="institution">Montreal Institute for Learning Algorithms</orgName>
								<address>
									<settlement>Montréal</settlement>
									<country key="CA">Canada</country>
								</address>
							</affiliation>
						</author>
						<author>
							<persName xmlns="http://www.tei-c.org/ns/1.0"><forename type="first">Samuel</forename><surname>Kadoury</surname></persName>
							<email>samuel.kadoury@polymtl.ca</email>
							<affiliation key="aff2">
								<orgName type="institution">CHUM Research Center</orgName>
								<address>
									<settlement>Montréal</settlement>
									<country key="CA">Canada</country>
								</address>
							</affiliation>
						</author>
						<author>
							<persName xmlns="http://www.tei-c.org/ns/1.0"><forename type="first">Chris</forename><surname>Pal</surname></persName>
							<affiliation key="aff1">
								<orgName type="institution">Montreal Institute for Learning Algorithms</orgName>
								<address>
									<settlement>Montréal</settlement>
									<country key="CA">Canada</country>
								</address>
							</affiliation>
						</author>
						<author>
							<affiliation key="aff0">
								<orgName type="institution">1É cole Polytechnique de Montréal</orgName>
								<address>
									<settlement>Montréal</settlement>
									<country key="CA">Canada</country>
								</address>
							</affiliation>
						</author>
					</analytic>
					<monogr>
						<imprint>
							<date/>
						</imprint>
					</monogr>
				</biblStruct>
			</sourceDesc>
		</fileDesc>
		<encodingDesc>
			<appInfo>
				<application version="0.6.1" ident="GROBID" when="2021-01-31T12:44+0000">
					<desc>GROBID - A machine learning software for extracting information from scholarly documents</desc>
					<ref target="https://github.com/kermitt2/grobid"/>
				</application>
			</appInfo>
		</encodingDesc>
		<profileDesc>
			<abstract>
				<p>It is well known that it is challenging to train deep neural networks and recurrent neural networks for tasks that exhibit long term dependencies. The vanishing or exploding gradient problem is a well known issue associated with these challenges. One approach to addressing vanishing and exploding gradients is to use either soft or hard constraints on weight matrices so as to encourage or enforce orthogonality. Orthogonal matrices preserve gradient norm during backpropagation and can therefore be a desirable property; however, we find that hard constraints on orthogonality can negatively affect the speed of convergence and model performance. This paper explores the issues of optimization convergence, speed and gradient stability using a variety of different methods for encouraging or enforcing orthogonality. In particular we propose a weight matrix factorization and parameterization strategy through which we can bound matrix norms and therein control the degree of expansivity induced during backpropagation.</p>
			</abstract>
		</profileDesc>
	</teiHeader>
	<text xml:lang="en">
		<body>
<div xmlns="http://www.tei-c.org/ns/1.0"><head>INTRODUCTION</head><p>The depth of deep neural networks confers representational power, but also makes model optimization more challenging. Training deep networks with gradient descent based methods is known to be difficult as a consequence of the vanishing and exploding gradient problem <ref type="bibr" target="#b5">(Hochreiter &amp; Schmidhuber, 1997)</ref>. Typically, exploding gradients are avoided by clipping large gradients <ref type="bibr" target="#b12">(Pascanu et al., 2013)</ref> or introducing an L 2 or L 1 weight norm penalty. The latter has the effect of bounding the spectral radius of the linear transformations, thus limiting the maximal gain across the transformation. <ref type="bibr" target="#b6">Krueger &amp; Memisevic (2015)</ref> attempt to stabilize the norm of propagating signals directly by penalizing differences in successive norm pairs in the forward pass and <ref type="bibr" target="#b12">Pascanu et al. (2013)</ref> propose to penalize successive gradient norm pairs in the backward pass. These regularizers affect the network parameterization with respect to the data instead of penalizing weights directly.</p><p>Both expansivity and contractivity of linear transformations can also be limited by more tightly bounding their spectra. By limiting the transformations to be orthogonal, their singular spectra are limited to unitary gain causing the transformations to be norm-preserving. <ref type="bibr" target="#b7">Le et al. (2015)</ref> and <ref type="bibr" target="#b4">Henaff et al. (2016)</ref> have respectively shown that identity initialization and orthogonal initialization can be beneficial. <ref type="bibr" target="#b0">Arjovsky et al. (2015)</ref> have gone beyond initialization, building unitary recurrent neural network (RNN) models with transformations that are unitary by construction which they achieved by composing multiple basic unitary transformations. The resulting transformations, for some n-dimensional input, cover only some subset of possible n × n unitary matrices but appear to perform well on simple tasks and have the benefit of having low complexity in memory and computation.</p><p>The entire set of possible unitary or orthogonal parameterizations forms the Stiefel manifold. At a much higher computational cost, gradient descent optimization directly along this manifold can be done via geodesic steps <ref type="bibr" target="#b11">(Nishimori, 2005;</ref><ref type="bibr" target="#b14">Tagare, 2011)</ref>. Recent work <ref type="bibr" target="#b17">(Wisdom et al., 2016)</ref> has proposed the optimization of unitary matrices along the Stiefel manifold using geodesic gradient descent. To produce a full-capacity parameterization for unitary matrices they use some insights arXiv:1702.00071v1 <ref type="bibr">[cs.</ref>LG] 31 Jan 2017 from Tagare (2011), combining the use of a canonical inner products and Cayley transformations. Their experimental work indicates that full capacity unitary RNN models can solve the copy memory problem whereas both LSTM networks and restricted capacity unitary RNN models having similar complexity appear unable to solve the task for a longer sequence length <ref type="bibr">(T = 2000)</ref>.</p><p>In contrast, here we explore the optimization of real valued matrices within a configurable margin about the Stiefel manifold. We suspect that a strong constraint of orthogonality limits the model's representational power, hindering its performance, and may make optimization more difficult. We explore this hypothesis empirically by employing a factorization technique that allows us to limit the degree of deviation from the Stiefel manifold. While we use geodesic gradient descent, we simultaneously update the singular spectra of our matrices along Euclidean steps, allowing optimization to step away from the manifold while still curving about it.</p></div>
<div xmlns="http://www.tei-c.org/ns/1.0"><head n="1.1">VANISHING AND EXPLODING GRADIENTS</head><p>The issue of vanishing and exploding gradients as it pertains to the parameterization of neural networks can be illuminated by looking at the gradient back-propagation chain through a network.</p><p>A neural network with n hidden layers has pre-activations</p><formula xml:id="formula_0">a i (h i−1 ) = W i h i−1 + b i , i ∈ {2, • • • , n}<label>(1)</label></formula><p>For notational convenience, we combine parameters W i and b i to form an affine matrix θ. We can see that for some loss function L at layer n, the derivative with respect to parameters θ i is:</p><formula xml:id="formula_1">∂L ∂θ i = ∂a n+1 ∂θ i ∂L ∂a n+1</formula><p>(2)</p><p>The partial derivatives for the pre-activations can be decomposed as follows:</p><formula xml:id="formula_2">∂a i+1 ∂θ i = ∂a i ∂θ i ∂h i ∂a i ∂a i+1 ∂h i = ∂a i ∂θ i D i W i+1 → ∂a i+1 ∂a i = D i W i+1 ,<label>(3)</label></formula><p>where D i is the Jacobian corresponding to the activation function, containing partial derivatives of the hidden units at layer i + with respect to the pre-activation inputs. Typically, D is diagonal. Following the above, the gradient in equation 2 can be fully decomposed into a recursive chain of matrix products:</p><formula xml:id="formula_3">∂L ∂θ i = ∂a i ∂θ i n j=i (D j W j+1 ) ∂L ∂a n+1<label>(4)</label></formula><p>In <ref type="bibr" target="#b12">(Pascanu et al., 2013)</ref>, it is shown that the 2-norm of ∂a i+1 ∂a i is bounded by the product of the norms of the non-linearity's Jacobian and transition matrix at time t (layer i ), as follows:</p><formula xml:id="formula_4">∂a t+1 ∂a t ≤ ||D t || ||W t || ≤ λ Dt λ Wt = η t , λ Dt , λ Wt ∈ R.<label>(5)</label></formula><p>where λ Dt and λ Wt are the largest singular values of the non-linearity's Jacobian D t and the transition matrix W t . In RNNs, W t is shared across time and can be simply denoted as W.</p><p>Equation 5 shows that the gradient can grow or shrink at each layer depending on the gain of each layer's linear transformation W and the gain of the Jacobian D. The gain caused by each layer is magnified across all time steps or layers. It is easy to have extreme amplification in a recurrent neural network where W is shared across time steps and a non-unitary gain in W is amplified exponentially. The phenomena of extreme growth or contraction of the gradient across time steps or layers are known as the exploding and the vanishing gradient problems, respectively. It is sufficient for RNNs to have η t ≤ 1 at each time t to enable the possibility of vanishing gradients, typically for some large number of time steps T . The rate at which a gradient (or forward signal) vanishes depends on both the parameterization of the model and on the input data. The parameterization may be conditioned by placing appropriate constraints on W. It is worth keeping in mind that the Jacobian D is typically contractive, thus tending to be norm-reducing) and is also data-dependent, whereas W can vary from being contractive to norm-preserving, to expansive and applies the same gain on the forward signal as on the back-propagated gradient signal.</p></div>
<div xmlns="http://www.tei-c.org/ns/1.0"><head>OUR APPROACH</head><p>Vanishing and exploding gradients can be controlled to a large extent by controlling the maximum and minimum gain of W. The maximum gain of a matrix W is given by the spectral norm which is given by</p><formula xml:id="formula_5">||W|| 2 = max ||Wx|| ||x|| .<label>(6)</label></formula><p>By keeping our weight matrix W close to orthogonal, one can ensure that it is close to a normpreserving transformation (where the spectral norm is equal to one, but the minimum gain is also one). One way to achieve this is via a simple soft constraint or regularization term of the form:</p><formula xml:id="formula_6">λ i ||W T i W i − I|| 2 .<label>(7)</label></formula><p>However, it is possible to formulate a more direct parameterization or factorization for W which permits hard bounds on the amount of expansion and contraction induced by W. This can be achieved by simply parameterizing W according to its singular value decomposition, which consists of the composition of orthogonal basis matrices U and V with a diagonal spectral matrix S containing the singular values which are real and positive by definition. We have</p><formula xml:id="formula_7">W = USV T .<label>(8)</label></formula><p>Since the spectral norm or maximum gain of a matrix is equal to its largest singular value, this decomposition allows us to control the maximum gain or expansivity of the weight matrix by controlling the magnitude of the largest singular value. Similarly, the minimum gain or contractivity of a matrix can be obtained from the minimum singular value.</p><p>We can keep the bases U and V orthogonal via geodesic gradient descent along the set of weights that satisfy U T U = I and V T V = I respectively. The submanifolds that satisfy these constraints are called Stiefel manifolds. We discuss how this is achieved in more detail below, then discuss our construction for bounding the singular values.</p><p>During optimization, in order to maintain the orthogonality of an orthogonally-initialized matrix M, i.e. where M = U, M = V or M = W if so desired, we employ a Cayley transformation of the update step onto the Stiefel manifold of (semi-)orthogonal matrices, as in <ref type="bibr" target="#b11">Nishimori (2005)</ref> and Tagare (2011). Given an orthogonally-initialized parameter matrix M and its Jacobian, G with respect to the objective function, an update is performed as follows:</p><formula xml:id="formula_8">A = GM T − MG T M new = M + (I + η A) −1 (I − η A),<label>(9)</label></formula><p>where A is a skew-symmetric matrix (that depends on the Jacobian and on the parameter matrix) which is mapped to an orthogonal matrix via a Cayley transform and η is the learning rate.</p><p>While the update rule in (9) allows us to maintain an orthogonal hidden to hidden transition matrix W if desired, we are interested in exploring the effect of stepping away from the Stiefel manifold. As such, we parameterize the transition matrix W in factorized form, as a singular value decomposition with orthogonal bases U and V updated by geodesic gradient descent using the Cayley transform approach above.</p><p>If W is an orthogonal matrix, the singular values in the diagonal matrix S are all equal to one. However, in our formulation we allow these singular values to deviate from one and employ a sigmoidal parameterization to apply a hard constraint on the maximum and minimum amount of deviation. Specifically, we define a margin m around 1 within which the singular values must lie. This is achieved with the parameterization</p><formula xml:id="formula_9">s i = 2m(σ(p i ) − 0.5) + 1, s i ∈ {diag(S)}, m ∈ [0, 1].<label>(10)</label></formula><p>The singular values are thus restricted to the range [1 − m, 1 + m] and the underlying parameters p i are updated freely via stochastic gradient descent. Note that this parameterization strategy also has implications on the step sizes that gradient descent based optimization will take when updating the singular values -they tend to be smaller compared to models with no margin constraining their values. Specifically, a singular value's progression toward a margin is slowed the closer it is to the margin. The sigmoidal parameterization can also impart another effect on the step size along the spectrum which needs to be accounted for. Considering 10, the gradient backpropagation of some loss L toward parameters p i is found as</p><formula xml:id="formula_10">dL dp i = ds i dp i dL ds i = 2m dσ(p i ) dp i dL ds i .<label>(11)</label></formula><p>From <ref type="formula" target="#formula_10">11</ref>, it can be seen that the magnitude of the update step for p i is scaled by the margin hyperparameter m. This means for example that for margins less than one, the effective learning rate for the spectrum is reduced in proportion to the margin. Consequently, we adjust the learning rate along the spectrum to be independent of the margin by renormalizing it by 2m.</p><p>This margin formulation both guarantees singular values lie within a well defined range and slows deviation from orthogonality. Alternatively, one could enforce the orthogonality of U and V and impose a regularization term corresponding to a mean one Gaussian prior on these singular values. This encourages the weight matrix W to be norm preserving with a controllable strength equivalent to the variance of the Gaussian. We also explore this approach further below.</p></div>
<div xmlns="http://www.tei-c.org/ns/1.0"><head n="3">EXPERIMENTS</head><p>In this section, we explore hard and soft orthogonality constraints on factorized weight matrices for recurrent neural network hidden to hidden transitions. With hard orthogonality constraints on U and V, we investigate the effect of widening the spectral margin or bounds on convergence and performance. Loosening these bounds allows increasingly larger margins within which the transition matrix W can deviate from orthogonality. We confirm that orthogonal initialization is useful as noted in <ref type="bibr" target="#b4">Henaff et al. (2016)</ref>, and we show that although strict orthogonality guarantees stable gradient norm, loosening orthogonality constraints can increase the rate of gradient descent convergence. We begin our analyses on tasks that are designed to stress memory: a sequence copying task and a basic addition task <ref type="bibr" target="#b5">(Hochreiter &amp; Schmidhuber, 1997)</ref>. We then move on to tasks on real data that require models to capture long-range dependencies: digit classification based on sequential and permuted <ref type="bibr">MNIST vectors (Le et al., 2015;</ref><ref type="bibr" target="#b8">LeCun et al., 1998)</ref>. Finally, we look at a basic language modeling task using the Penn Treebank dataset <ref type="bibr" target="#b9">(Marcus et al., 1993)</ref>.</p><p>The copy and adding tasks, introduced by Hochreiter &amp; Schmidhuber (1997), are synthetic benchmarks with pathologically hard long distance dependencies that require long-term memory in models. The copy task consists of an input sequence that must be remembered by the network, followed by a series of blank inputs terminated by a delimiter that denotes the point at which the network must begin to output a copy of the initial sequence. We use an input sequence of T + 20 elements that begins with a sub-sequence of 10 elements to copy, each containing a symbol a i ∈ {a 1 , ..., a p } out of p = 8 possible symbols. This sub-sequence is followed by T − 1 elements of the blank category a 0 which is terminated at step T by a delimiter symbol a p+1 and 10 more elements of the blank category. The network must learn to remember the initial 10 element sequence for T time steps and output it after receiving the delimiter symbol.</p><p>The goal of the adding task is to add two numbers together after a long delay. Each number is randomly picked at a unique position in a sequence of length T . The sequence is composed of T values sampled from a uniform distribution in the range [0, 1), with each value paired with an indicator value that identifies the value as one of the two numbers to remember (marked 1) or as a value to ignore (marked 0). The two numbers are positioned randomly in the sequence, the first in the range [0, T 2 − 1] and the second in the range [ T , T − 1], where 0 marks the first element. The network must learn to identify and remember the two numbers and output their sum.</p><p>The sequential MNIST task from Le et al. <ref type="formula">2015</ref>, MNIST digits are flattened into vectors that can be traversed sequentially by a recurrent neural network. The goal is to classify the digit based on the sequential input of pixels. The simple variant of this task is with a simple flattening of the image matrices; the harder variant of this task includes a random permutation of the pixels in the input vector that is determined once for an experiment. The latter formulation introduces longer distance dependencies between pixels that must be interpreted by the classification model. The English Penn Treebank (PTB) dataset from <ref type="bibr" target="#b9">Marcus et al. (1993)</ref> is an annotated corpus of English sentences, commonly used for benchmarking language models. We employ a sequential character prediction task: given a sentence, a recurrent neural network must predict the next character at each step, from left to right. We use input sequences of variable length, with each sequence containing one sentence. We model 49 characters including lowercase letters (all strings are in lowercase), numbers, common punctuation, and an unknown character placeholder. In our experiments on two subsets of the data: in the first, we first use 23% of the data with strings with up to 75 characters and in the second we include over 99% of the dataset, picking strings with up to 300 characters.</p></div>
<div xmlns="http://www.tei-c.org/ns/1.0"><head n="3.1">LOOSENING HARD ORTHOGONALITY CONSTRAINTS</head><p>In this section, we experimentally explore the effect of loosening hard orthogonality constraints through loosening the spectral margin defined above for the hidden to hidden transition matrix.</p><p>In all experiments, we employed RMSprop <ref type="bibr" target="#b16">(Tieleman &amp; Hinton, 2012)</ref> when not using geodesic gradient descent. We used minibatches of size 50 and for generated data (the copy and adding tasks), we assumed an epoch length of 100 minibatches. We cautiously introduced gradient clipping at magnitude 100 (unless stated otherwise) in all of our RNN experiments although it may not be required and we consistently applied a small weight decay of 0.0001. Unless otherwise specified, we trained all simple recurrent neural networks with the hidden to hidden matrix factorization as in (8) using geodesic gradient descent on the bases (learning rate 10 −6 ) and RMSprop on the other parameters (learning rate 0.0001), using a tanh transition nonlinearity, and clipping gradients of 100 magnitude. The neural network code was built on the Theano framework (Theano Development Team, 2016). When parameterizing a matrix in factorized form, we apply the weight decay on the composite matrix rather than on the factors in order to be consistent across experiments. For MNIST and PTB, test set metrics were computed based on the parameterization that gave the best validation set accuracy.</p></div>
<div xmlns="http://www.tei-c.org/ns/1.0"><head n="3.1.1">CONVERGENCE ON SYNTHETIC MEMORY TASKS</head><p>For different sequence lengths T of the copy and adding tasks, we trained a factorized RNN with 128 hidden units and various spectral margins m. For the copy task, we used Elman networks without a transition non-linearity as in <ref type="bibr" target="#b4">Henaff et al. (2016)</ref>. We discuss our investigations into the use of a non-linearity on the copy task in the Appendix.</p><p>As shown in <ref type="figure">Figure 1</ref> we see an increase in the rate of convergence as we increase the spectral margin. This observation generally holds across the tested sequence lengths (T = 200, T = 500, T = 1000, T = 10000); however, large spectral margins hinder convergence on extremely long sequence lengths. At sequence length T = 10000, parameterizations with spectral margins larger than 0.001 converge slower than when using a margin of 0.001. In addition, the experiment without a margin failed to converge on the longest sequence length. This follows the expected pattern where stepping away from the Stiefel manifold may help with gradient descent optimization but loosening orthogonality constraints can reduce the stability of signal propagation through the network.</p><p>For the adding task, we trained a factorized RNN on T = 1000 length sequences, using a ReLU activation function on the hidden to hidden transition matrix. The mean squared error (MSE) is shown for different spectral margins in <ref type="figure" target="#fig_5">Figure 5</ref> in the Appendix. Testing spectral margins m = 0, m = 1, m = 10, m = 100, and no margin, we find that the models with the purely orthogonal (m = 0) and the unconstrained (no margin) transition matrices failed to begin converging beyond baseline MSE within 2000 epochs.  <ref type="figure">Figure 1</ref>: Accuracy curves on the copy task for sequence lengths of (from left to right) T=200, T=500, T=1000, T=10000 given different spectral margins. Convergence speed increases with margin size; however, large margin sizes are ineffective at longer sequence lengths (T=10000, right  Having confirmed that an orthogonality constraint can negatively impact convergence rate, we seek to investigate the effect on model performance for tasks on real data. We show the results of experiments on permuted sequential MNIST in <ref type="table" target="#tab_1">Table 2</ref> and ordered sequential MNIST in <ref type="table">Table 1</ref>. The loss curves are shown in <ref type="figure">Figure 6</ref> in the Appendix and reveal an increased convergence rate for larger spectral margins. We trained the factorized RNN models with 128 hidden units for 120 epochs. We also trained an LSTM with 128 hidden units on both tasks for 150 epochs, configured with peephole connections, orthogonally initialized (and forget gate bias initialized to one), and trained with RMSprop (learning rate 0.0001, clipping gradients of magnitude 1).</p><p>We show the results of experiments on PTB character prediction, in terms of bits per character (bpc) and prediction accuracy, for a subset of short sequences (up to 75 characters; 23% of data) in <ref type="table">Table  and</ref> for a subset of long sequences (up to 300 characters; 99% of data) in <ref type="table">Table 4</ref>. We trained factorized RNN models with 512 hidden units for 200 epochs with geodesic gradient descent on the bases (learning rate 10 −6 ) and RMSprop on the other parameters (learning rate 0.001), using a tanh transition nonlinearity, and clipping gradients of 30 magnitude.</p><p>Interestingly, for both the ordered and permuted sequential MNIST tasks, models with a non-zero margin significantly outperform those that are constrained to have purely orthogonal transition matri-   <ref type="table">Table 4</ref>: Character prediction on PTB sentences of up to 300 characters, using different margins.</p><p>ces (margin of zero). The best results on both the ordered and sequential MNIST tasks were yielded by models with a spectral margin of 0.1, at 94.10% accuracy and 91.44% accuracy, respectively. An LSTM outperformed the RNNs in both tasks; nevertheless, RNNs with hidden to hidden transitions initialized as orthogonal matrices performed admirably without a memory component and without all of the additional parameters associated with gates. Indeed, orthogonally initialized RNNs performed almost on par with the LSTM in the permuted sequential MNIST task which presents longer distance dependencies than the ordered task. Although the optimal margin appears to be 0.1, RNNs with large margins perform almost identically to an RNN without a margin, as long as the transition matrix is initialized as orthogonal. On these tasks, orthogonal initialization appears to significantly outperform Glorot normal initialization <ref type="bibr" target="#b2">(Glorot &amp; Bengio, 2010)</ref> or initializing the matrix as identity. It is interesting to note that for the MNIST tasks, orthogonal initialization appears useful while orthogonality constraints appear mainly detrimental. This suggests that while orthogonality helps early training by stabilizing gradient flow across many time steps, orthogonality constraints may need to be loosened on some tasks so as not to over-constrain the model's representational ability.</p><p>Curiously, larger margins and even models without sigmoidal constraints on the spectrum (no margin) performed well as long as they were initialized to be orthogonal, suggesting that evolution away from orthogonality is not a serious problem on MNIST. It is not surprising that orthogonality is useful for the MNIST tasks since they depend on long distance signal propagation with a single output at the end of the input sequence. On the other hand, character prediction with PTB produces an output at every time step. Constraining deviation from orthogonality proved detrimental for short sentences <ref type="table" target="#tab_3">(Table 3)</ref> and beneficial when long sentences were included <ref type="table">(Table 4)</ref>. Furthermore, Glorot normal initialization did not perform worse than orthogonal initialization for PTB. Since an output is generated for every character in a sentence, short distance signal propagation is possible. Thus it is possible that the RNN is first learning very local dependencies between neighbouring characters and that given enough context, constraining deviation from orthogonality can help force the network to learn longer distance dependencies.</p></div>
<div xmlns="http://www.tei-c.org/ns/1.0"><head n="3.1.3">SPECTRAL AND GRADIENT EVOLUTION</head><p>It is interesting to note that even long sequence lengths (T=1000) in the copy task can be solved efficiently with rather large margins on the spectrum. In <ref type="figure" target="#fig_1">Figure 2</ref> we look at the gradient propagation of the loss from the last time step in the network with respect to the hidden activations. We can see that for a purely orthogonal parameterization of the transition matrix (when the margin is zero), the gradient norm is preserved across time steps, as expected. We further observe that with increasing margin size, the number of update steps over which this norm preservation survives decreases, though surprisingly not as quickly as expected. Although the deviation of singular values from one should be slowed by the sigmoidal parameterizations, even parameterizations without a sigmoid (no margin) can be effectively trained for all but the longest sequence lengths. This suggests that the spectrum is not deviating far from orthogonality and that inputs to the hidden to hidden transitions are mostly not aligned along the dimensions of great-est expansion or contraction. We evaluated the spread of the spectrum in all of our experiments and found that indeed, singular values tend to stay well within their prescribed bounds and only reach the margin when using a very large learning rate that does not permit convergence. Furthermore, when transition matrices are initialized as orthogonal, singular values remain near one throughout training even without a sigmoidal margin for tasks that require long term memory (copy, adding, sequential MNIST). On the other hand, singular value distributions tend to drift away from one for PTB character prediction which may help explain why enforcing an orthogonality constraint can be helpful for this task, when modeling long sequences. Interestingly, singular values spread out less for longer sequence lengths (nevertheless, the T=10000 copy task could not be solved with no sigmoid on the spectrum).</p><p>We visualize the spread of singular values for different model parameterizations on the permuted sequential MNIST task in <ref type="figure" target="#fig_3">Figure 3</ref>. Curiously, we find that the distribution of singular values tends to shift upward to a mean of approximately 1.05 on both the ordered and permuted sequential MNIST tasks. We note that in those experiments, a tanh transition nonlinearity was used which is contractive in both the forward signal pass and the gradient backward pass. An upward shift in the distribution of singular values of the transition matrix would help compensate for that contraction. Indeed, (Saxe et al., 2013) describe this as a possibly good regime for learning in deep neural networks. That the model appears to evolve toward this regime suggests that deviating from it may incur a cost. This is interesting because the cost function cannot take into account numerical issues such as vanishing or exploding gradients (or forward signals); we do not know what could make this deviation costly. That the transition matrix may be compensating for the contraction of the tanh is supported by further experiments: applying a 1.05 pre-activation gain appears to allow a model with a margin of 0 to nearly match the top performance reached on both of the MNIST tasks. Furthermore, when using the OPLU norm-preserving activation function <ref type="bibr" target="#b1">(Chernodub &amp; Nowicki, 2016)</ref>, we found that orthogonally initialized models performed equally well with all margins, achieving over 90% accuracy on the permuted sequential MNIST task. Unlike orthgonally initialized models, the RNN on the bottom right of <ref type="figure" target="#fig_3">Figure 3</ref> with Glorot normal initialized transition matrices, begins and ends with a wide singular spectrum. While there is no clear positive shift in the distribution of singular values, the mean value appears to very gradually increase for both the ordered and permuted sequential MNIST tasks. If the model is to be expected to positively shift singular values to compensate for the contractivity of the tanh nonlinearity, it is not doing so well for the Glorot-initialized case; however, this may be due to the inefficiency of training as a result of vanishing gradients, given that initialization.  </p></div>
<div xmlns="http://www.tei-c.org/ns/1.0"><head n="3.2">EXPLORING SOFT ORTHOGONALITY CONSTRAINTS</head><p>Having established that it may indeed be useful to step away from orthogonality, here we explore two forms of soft constraints (rather than hard bounds as above) on hidden to hidden transition matrix orthogonality. The first is a simple penalty that directly encourages a transition matrix W to be orthogonal, of the form λ||W T W − I|| 2 2 . This is similar to the orthogonality penalty introduced by <ref type="bibr" target="#b4">Henaff et al. (2016)</ref>. In the first two subfigures on the left of <ref type="figure">Figure 4</ref>, we explore the effect of weakening this form of regularization. We trained both a regular non-factorized RNN on the T = 200 copy task and a factorized RNN with orthogonal bases on the T = 500 copy task. For the regular RNN, we had to reduce the learning rate to −5 . Here again we see that weakening the strength of the orthogonality-encouraging penalty can increase convergence speed. Figure 4: Accuracy curves on the copy task for different strengths of soft orthogonality constraints.</p><p>A soft orthogonality constraint is applied to the transition matrix W for a regular RNN on T = 200 (Left) and the same is applied on a factorized RNN on T = 500 (Left center). Another constraint in the form of a mean one Gaussian prior on the singular values is applied to a factorized RNN on T = 200 (Right center); the same is applied to a factorized RNN with a sigmoidal parameterization of the spectrum, using a large margin of 1 (Right). Loosening orthogonality speeds convergence.</p><p>The second approach we explore replaces the sigmoidal margin parameterization with a mean one Gaussian prior on the singular values. In the two right subfigures of <ref type="figure">Figure 4</ref>, we visualize the accuracy on the length 200 copy task, using geoSGD (learning rate −6 ) to keep U and V orthogonal and different strengths of a Gaussian prior with mean one on the singular values. We trained these experiments with regular SGD on the spectrum and other non-orthogonal parameter matrices, using a 10 −5 learning rate. We see that priors which are too strong lead to slow convergence. Loosening the strength of the prior makes the optimization more efficient. Furthermore, we compare a direct parameterization of the spectrum (no sigmoid) in <ref type="figure">Figure 4</ref> with a sigmoidal parameterization, using a large margin of 1. Without the sigmoidal parameterization, optimization quickly becomes unstable; on the other hand, the optimization also becomes unstable if the prior is removed completely in the sigmoidal formulation (margin 1). These results further motivate the idea that parameterizations that deviate from orthogonality may perform better than purely orthogonal ones, as long as they are sufficiently constrained to avoid instability during training.</p></div>
<div xmlns="http://www.tei-c.org/ns/1.0"><head n="4">CONCLUSIONS</head><p>We have explored a number of methods for controlling the expansivity of gradients during backpropagation based learning in RNNs through manipulating orthogonality constraints and regularization on matrices. Our experiments indicate that while orthogonal initialization may be beneficial, maintaining constraints on orthogonality can be detrimental. Indeed, moving away from hard constraints on matrix orthogonality can help improve optimization convergence rate and model performance. However, we also observe with synthetic tasks that relaxing regularization which encourages the spectral norms of weight matrices to be close to one, or allowing bounds on the spectral norms of weight matrices to be too wide, can reverse these gains and may lead to unstable optimization.   <ref type="figure">Figure 6</ref>: Loss curves for different factorized RNN parameterizations on the sequential MNIST task (left) and the permuted sequential MNIST task (right). The spectral margin is denoted by m; models with no margin have singular values that are directly optimized with no constraints; Glorot refers to a factorized RNN with no margin that is initialized with Glorot normal initialization.</p></div>
<div xmlns="http://www.tei-c.org/ns/1.0"><head n="5">APPENDIX</head></div>
<div xmlns="http://www.tei-c.org/ns/1.0"><head n="5.2">COPY TASK NONLINEARITY</head><p>We found that nonlinearities such as a rectified linear unit (ReLU) <ref type="bibr" target="#b10">(Nair &amp; Hinton, 2010)</ref> or hyperbolic tangent (tanh) made the copy task far more difficult to solve. Using tanh, a short sequence length (T = 100) copy task required both a soft constraint that encourages orthogonality and thousands of epochs for training. It is worth noting that in the unitary evolution recurrent neural network of <ref type="bibr" target="#b0">Arjovsky et al. (2015)</ref>, the non-linearity (referred to as the "modReLU") is actually initialized as an identity operation that is free to deviate from identity during training. Furthermore, <ref type="bibr" target="#b4">Henaff et al. (2016)</ref> derive a solution mechanism for the copy task that drops the non-linearity from an RNN. To explore this further, we experimented with a parametric leaky ReLU activation function (PReLU) which introduces a trainable slope α for negative valued inputs x , producing f (x ) = max(x , 0) + αmin(x , 0) <ref type="bibr" target="#b3">(He et al., 2015)</ref>. Setting the slope α to one would make the PReLU equivalent to an identity function. We experimented with clamping α to 0.5, 0.7 or 1 in a factorized RNN with a spectral margin of 0.3 and found that only the model with α = 1 solved the T = 1000 length copy task. We also experimented with a trainable slope α, initialized to 0.7 and found that it converges to 0.96, further suggesting the optimal solution for the copy task is without a transition nonlinearity. Since the copy task is purely a memory task, one may imagine that a transition nonlinearity such as a tanh or ReLU may be detrimental to the task as it can lose information. Thus, we also tried a recent activation function that preserves information, called an orthogonal permutation linear unit (OPLU) <ref type="bibr" target="#b1">(Chernodub &amp; Nowicki, 2016)</ref>. The OPLU preserves norm, making a fully norm-preserving RNN possible. Interestingly, this activation function allowed us to recover identical results on the copy task to those without a nonlinearity for different spectral margins.</p></div>
<div xmlns="http://www.tei-c.org/ns/1.0"><head n="5.3">METHOD RUNNING TIME</head><p>Although the method proposed in section 2 relies on a matrix inversion, an operation with O(n 3 ) complexity for an n × n matrix, the running time of an RNN factorized in such a way actually remains reasonable. This running time is summarized in <ref type="table">Table 5</ref> and includes all computations in the graph, together with the matrix inversion. As this method is meant to be used only for the analysis in this work, we find the running times acceptable for that purpose. Models were run on an Nvidia GTX-770 GPU and were run against the T=100 length copy task.</p><p>hidden units SGD geoSGD 21.9 ± 0.2 40.4 ± 0.1 500 46.7 ± 0.2 161.4 ± 0.2 1000 95.4 ± 0.3 709.0 ± 3.9 <ref type="table">Table 5</ref>: Run time in seconds for 1000 iterations on a T=100 copy task of a regular RNN trained with stochastic gradient descent (SGD) compared against a factorized RNN trained with geodesic SGD on the bases (geoSGD) and regular SGD for other parameters.</p></div><figure xmlns="http://www.tei-c.org/ns/1.0" xml:id="fig_1"><head>Figure 2 :</head><label>2</label><figDesc>The norm of the gradient of the loss from the last time step with respect to the hidden units at a given time step for a length 220 RNN over 1000 update iterations for different margins. Iterations are along the abscissa and time steps are denoted along the ordinate. The first column margins are: 0, 0.001, 0.01. The second column margins are: 0.1, 1, no margin. Gradient norms are normalized across the time dimension.</figDesc></figure>
<figure xmlns="http://www.tei-c.org/ns/1.0" xml:id="fig_3"><head>Figure 3 :</head><label>3</label><figDesc>Singular value evolution on the permuted sequential MNIST task for factorized RNNs with different margin sizes. Margins are, from left to right: top row: 0.001, 0.01, 0.1; bottom row: 1, no margin, no margin. The singular value distributions are summarized with the mean (green line, center) and standard deviation (green shading about mean), minimum (red, bottom) and maximum (blue, top) values. All models are initialized with orthogonal hidden to hidden transition matrices except for the model on the bottom right where Glorot normal initialization is used.</figDesc></figure>
<figure xmlns="http://www.tei-c.org/ns/1.0" xml:id="fig_5"><head>Figure 5 :</head><label>5</label><figDesc>Mean squared error (MSE) curves on the adding task for different spectral margins m. For a trivial baseline solution of always outputting the same number, the expected baseline MSE is 0.167.</figDesc></figure>
<figure xmlns="http://www.tei-c.org/ns/1.0" type="table" xml:id="tab_1"><head>Table 2 :</head><label>2</label><figDesc>Permuted sequential MNIST classification with different margin sizes and an LSTM.</figDesc><table /><note>3.1.2 PERFORMANCE ON REAL DATA</note></figure>
<figure xmlns="http://www.tei-c.org/ns/1.0" type="table" xml:id="tab_3"><head>Table 3</head><label>3</label><figDesc></figDesc><table><row><cell cols="3">margin initialization bpc accuracy</cell></row><row><cell></cell><cell cols="2">orthogonal 2.20 54.88</cell></row><row><cell>0.01</cell><cell cols="2">orthogonal 2.20 54.83</cell></row><row><cell>0.1</cell><cell cols="2">orthogonal 2.24 54.10</cell></row><row><cell>1</cell><cell cols="2">orthogonal 2.36 51.12</cell></row><row><cell>100</cell><cell cols="2">orthogonal 2.36 51.20</cell></row><row><cell>none</cell><cell cols="2">orthogonal 2.34 51.30</cell></row><row><cell cols="3">none Glorot normal 2.34 51.04</cell></row><row><cell>none</cell><cell>identity</cell><cell>2.68 45.35</cell></row><row><cell>: Character prediction on PTB sentences</cell><cell></cell><cell></cell></row><row><cell>of to 75 characters, using different margins.</cell><cell></cell><cell></cell></row></table><note></note></figure>
		</body>
		<back>

			<div type="acknowledgement">
<div xmlns="http://www.tei-c.org/ns/1.0"><head>ACKNOWLEDGMENTS</head><p>We thank the Natural Sciences and Engineeering Research Council (NSERC) of Canada and Samsung for supporting this research.</p></div>
			</div>

			<div type="references">

				<listBibl>

<biblStruct xml:id="b0">
	<monogr>
		<title level="m" type="main">Unitary evolution recurrent neural networks</title>
		<author>
			<persName xmlns="http://www.tei-c.org/ns/1.0"><forename type="first">Martin</forename><surname>Arjovsky</surname></persName>
		</author>
		<author>
			<persName xmlns="http://www.tei-c.org/ns/1.0"><forename type="first">Amar</forename><surname>Shah</surname></persName>
		</author>
		<author>
			<persName xmlns="http://www.tei-c.org/ns/1.0"><forename type="first">Yoshua</forename><surname>Bengio</surname></persName>
		</author>
		<idno type="arXiv">arXiv:1511.06464</idno>
		<imprint>
			<date type="published" when="2015" />
		</imprint>
	</monogr>
	<note type="report_type">arXiv preprint</note>
</biblStruct>

<biblStruct xml:id="b1">
	<monogr>
		<title level="m" type="main">Norm-preserving orthogonal permutation linear unit activation functions (oplu)</title>
		<author>
			<persName xmlns="http://www.tei-c.org/ns/1.0"><forename type="first">Artem</forename><surname>Chernodub</surname></persName>
		</author>
		<author>
			<persName xmlns="http://www.tei-c.org/ns/1.0"><forename type="first">Dimitri</forename><surname>Nowicki</surname></persName>
		</author>
		<idno type="arXiv">arXiv:1604.02313</idno>
		<imprint>
			<date type="published" when="2016" />
		</imprint>
	</monogr>
	<note type="report_type">arXiv preprint</note>
</biblStruct>

<biblStruct xml:id="b2">
	<analytic>
		<title level="a" type="main">Understanding the difficulty of training deep feedforward neural networks</title>
		<author>
			<persName xmlns="http://www.tei-c.org/ns/1.0"><forename type="first">Xavier</forename><surname>Glorot</surname></persName>
		</author>
		<author>
			<persName xmlns="http://www.tei-c.org/ns/1.0"><forename type="first">Yoshua</forename><surname>Bengio</surname></persName>
		</author>
	</analytic>
	<monogr>
		<title level="j">In Aistats</title>
		<imprint>
			<biblScope unit="volume">9</biblScope>
			<biblScope unit="page" from="249" to="256" />
			<date type="published" when="2010" />
		</imprint>
	</monogr>
</biblStruct>

<biblStruct xml:id="b3">
	<analytic>
		<title level="a" type="main">Delving deep into rectifiers: Surpassing human-level performance on imagenet classification</title>
		<author>
			<persName xmlns="http://www.tei-c.org/ns/1.0"><forename type="first">Kaiming</forename><surname>He</surname></persName>
		</author>
		<author>
			<persName xmlns="http://www.tei-c.org/ns/1.0"><forename type="first">Xiangyu</forename><surname>Zhang</surname></persName>
		</author>
		<author>
			<persName xmlns="http://www.tei-c.org/ns/1.0"><forename type="first">Shaoqing</forename><surname>Ren</surname></persName>
		</author>
		<author>
			<persName xmlns="http://www.tei-c.org/ns/1.0"><forename type="first">Jian</forename><surname>Sun</surname></persName>
		</author>
	</analytic>
	<monogr>
		<title level="m">Proceedings of the IEEE international conference on computer vision</title>
		<meeting>the IEEE international conference on computer vision</meeting>
		<imprint>
			<date type="published" when="2015" />
			<biblScope unit="page" from="1026" to="1034" />
		</imprint>
	</monogr>
</biblStruct>

<biblStruct xml:id="b4">
	<monogr>
		<title level="m" type="main">Orthogonal rnns and long-memory tasks</title>
		<author>
			<persName xmlns="http://www.tei-c.org/ns/1.0"><forename type="first">Mikael</forename><surname>Henaff</surname></persName>
		</author>
		<author>
			<persName xmlns="http://www.tei-c.org/ns/1.0"><forename type="first">Arthur</forename><surname>Szlam</surname></persName>
		</author>
		<author>
			<persName xmlns="http://www.tei-c.org/ns/1.0"><forename type="first">Yann</forename><surname>Lecun</surname></persName>
		</author>
		<idno type="arXiv">arXiv:1602.06662</idno>
		<imprint>
			<date type="published" when="2016" />
		</imprint>
	</monogr>
	<note type="report_type">arXiv preprint</note>
</biblStruct>

<biblStruct xml:id="b5">
	<analytic>
		<title level="a" type="main">Long short-term memory</title>
		<author>
			<persName xmlns="http://www.tei-c.org/ns/1.0"><forename type="first">Sepp</forename><surname>Hochreiter</surname></persName>
		</author>
		<author>
			<persName xmlns="http://www.tei-c.org/ns/1.0"><forename type="first">Jürgen</forename><surname>Schmidhuber</surname></persName>
		</author>
	</analytic>
	<monogr>
		<title level="j">Neural computation</title>
		<imprint>
			<biblScope unit="volume">9</biblScope>
			<biblScope unit="issue">8</biblScope>
			<biblScope unit="page" from="1735" to="1780" />
			<date type="published" when="1997" />
		</imprint>
	</monogr>
</biblStruct>

<biblStruct xml:id="b6">
	<monogr>
		<author>
			<persName xmlns="http://www.tei-c.org/ns/1.0"><forename type="first">David</forename><surname>Krueger</surname></persName>
		</author>
		<author>
			<persName xmlns="http://www.tei-c.org/ns/1.0"><forename type="first">Roland</forename><surname>Memisevic</surname></persName>
		</author>
		<idno type="arXiv">arXiv:1511.08400</idno>
		<title level="m">Regularizing rnns by stabilizing activations</title>
		<imprint>
			<date type="published" when="2015" />
		</imprint>
	</monogr>
	<note type="report_type">arXiv preprint</note>
</biblStruct>

<biblStruct xml:id="b7">
	<monogr>
		<title level="m" type="main">A simple way to initialize recurrent networks of rectified linear units</title>
		<author>
			<persName xmlns="http://www.tei-c.org/ns/1.0"><forename type="first">Navdeep</forename><surname>Quoc V Le</surname></persName>
		</author>
		<author>
			<persName xmlns="http://www.tei-c.org/ns/1.0"><forename type="first">Geoffrey</forename><forename type="middle">E</forename><surname>Jaitly</surname></persName>
		</author>
		<author>
			<persName xmlns="http://www.tei-c.org/ns/1.0"><surname>Hinton</surname></persName>
		</author>
		<idno type="arXiv">arXiv:1504.00941</idno>
		<imprint>
			<date type="published" when="2015" />
		</imprint>
	</monogr>
	<note type="report_type">arXiv preprint</note>
</biblStruct>

<biblStruct xml:id="b8">
	<analytic>
		<title level="a" type="main">Gradient-based learning applied to document recognition</title>
		<author>
			<persName xmlns="http://www.tei-c.org/ns/1.0"><forename type="first">Yann</forename><surname>Lecun</surname></persName>
		</author>
		<author>
			<persName xmlns="http://www.tei-c.org/ns/1.0"><forename type="first">Léon</forename><surname>Bottou</surname></persName>
		</author>
		<author>
			<persName xmlns="http://www.tei-c.org/ns/1.0"><forename type="first">Yoshua</forename><surname>Bengio</surname></persName>
		</author>
		<author>
			<persName xmlns="http://www.tei-c.org/ns/1.0"><forename type="first">Patrick</forename><surname>Haffner</surname></persName>
		</author>
	</analytic>
	<monogr>
		<title level="j">Proceedings of the IEEE</title>
		<imprint>
			<biblScope unit="volume">86</biblScope>
			<biblScope unit="issue">11</biblScope>
			<biblScope unit="page" from="2278" to="2324" />
			<date type="published" when="1998" />
		</imprint>
	</monogr>
</biblStruct>

<biblStruct xml:id="b9">
	<analytic>
		<title level="a" type="main">Building a large annotated corpus of english: The penn treebank</title>
		<author>
			<persName xmlns="http://www.tei-c.org/ns/1.0"><forename type="first">P</forename><surname>Mitchell</surname></persName>
		</author>
		<author>
			<persName xmlns="http://www.tei-c.org/ns/1.0"><forename type="first">Mary</forename><forename type="middle">Ann</forename><surname>Marcus</surname></persName>
		</author>
		<author>
			<persName xmlns="http://www.tei-c.org/ns/1.0"><forename type="first">Beatrice</forename><surname>Marcinkiewicz</surname></persName>
		</author>
		<author>
			<persName xmlns="http://www.tei-c.org/ns/1.0"><surname>Santorini</surname></persName>
		</author>
	</analytic>
	<monogr>
		<title level="j">Computational linguistics</title>
		<imprint>
			<biblScope unit="volume">19</biblScope>
			<biblScope unit="issue">2</biblScope>
			<biblScope unit="page" from="313" to="330" />
			<date type="published" when="1993" />
		</imprint>
	</monogr>
</biblStruct>

<biblStruct xml:id="b10">
	<analytic>
		<title level="a" type="main">Rectified linear units improve restricted boltzmann machines</title>
		<author>
			<persName xmlns="http://www.tei-c.org/ns/1.0"><forename type="first">Vinod</forename><surname>Nair</surname></persName>
		</author>
		<author>
			<persName xmlns="http://www.tei-c.org/ns/1.0"><forename type="first">Geoffrey</forename><forename type="middle">E</forename><surname>Hinton</surname></persName>
		</author>
	</analytic>
	<monogr>
		<title level="m">Proceedings of the 27th International Conference on Machine Learning (ICML-10)</title>
		<meeting>the 27th International Conference on Machine Learning (ICML-10)</meeting>
		<imprint>
			<date type="published" when="2010" />
			<biblScope unit="page" from="807" to="814" />
		</imprint>
	</monogr>
</biblStruct>

<biblStruct xml:id="b11">
	<monogr>
		<author>
			<persName xmlns="http://www.tei-c.org/ns/1.0"><forename type="first">Yasunori</forename><surname>Nishimori</surname></persName>
		</author>
		<title level="m">A note on riemannian optimization methods on the stiefel and the grassmann manifolds. dim</title>
		<imprint>
			<date type="published" when="2005" />
			<biblScope unit="volume">1</biblScope>
		</imprint>
	</monogr>
</biblStruct>

<biblStruct xml:id="b12">
	<analytic>
		<title level="a" type="main">On the difficulty of training recurrent neural networks</title>
		<author>
			<persName xmlns="http://www.tei-c.org/ns/1.0"><forename type="first">Razvan</forename><surname>Pascanu</surname></persName>
		</author>
		<author>
			<persName xmlns="http://www.tei-c.org/ns/1.0"><forename type="first">Tomas</forename><surname>Mikolov</surname></persName>
		</author>
		<author>
			<persName xmlns="http://www.tei-c.org/ns/1.0"><forename type="first">Yoshua</forename><surname>Bengio</surname></persName>
		</author>
	</analytic>
	<monogr>
		<title level="j">ICML</title>
		<imprint>
			<biblScope unit="volume">28</biblScope>
			<biblScope unit="issue">3</biblScope>
			<biblScope unit="page" from="1310" to="1318" />
			<date type="published" when="2013" />
		</imprint>
	</monogr>
</biblStruct>

<biblStruct xml:id="b13">
	<monogr>
		<title level="m" type="main">Exact solutions to the nonlinear dynamics of learning in deep linear neural networks</title>
		<author>
			<persName xmlns="http://www.tei-c.org/ns/1.0"><forename type="first">M</forename><surname>Andrew</surname></persName>
		</author>
		<author>
			<persName xmlns="http://www.tei-c.org/ns/1.0"><forename type="first">James</forename><forename type="middle">L</forename><surname>Saxe</surname></persName>
		</author>
		<author>
			<persName xmlns="http://www.tei-c.org/ns/1.0"><forename type="first">Surya</forename><surname>Mcclelland</surname></persName>
		</author>
		<author>
			<persName xmlns="http://www.tei-c.org/ns/1.0"><surname>Ganguli</surname></persName>
		</author>
		<idno type="arXiv">arXiv:1312.6120</idno>
		<imprint>
			<date type="published" when="2013" />
		</imprint>
	</monogr>
	<note type="report_type">arXiv preprint</note>
</biblStruct>

<biblStruct xml:id="b14">
	<monogr>
		<author>
			<persName xmlns="http://www.tei-c.org/ns/1.0"><surname>Hemant D Tagare</surname></persName>
		</author>
		<title level="m">Notes on optimization on stiefel manifolds</title>
		<meeting><address><addrLine>Yale University</addrLine></address></meeting>
		<imprint>
			<date type="published" when="2011" />
		</imprint>
	</monogr>
	<note type="report_type">Tech. Rep.</note>
</biblStruct>

<biblStruct xml:id="b15">
	<monogr>
		<title level="m" type="main">Theano: A Python framework for fast computation of mathematical expressions</title>
		<author>
			<persName xmlns="http://www.tei-c.org/ns/1.0"><forename type="first">Theano</forename><surname>Development Team</surname></persName>
		</author>
		<idno>abs/1605.02688</idno>
		<ptr target="http://arxiv.org/abs/1605.02688" />
		<imprint>
			<date type="published" when="2016-05" />
		</imprint>
	</monogr>
</biblStruct>

<biblStruct xml:id="b16">
	<analytic>
		<title level="a" type="main">Lecture 6.5-RmsProp: Divide the gradient by a running average of its recent magnitude</title>
		<author>
			<persName xmlns="http://www.tei-c.org/ns/1.0"><forename type="first">T</forename><surname>Tieleman</surname></persName>
		</author>
		<author>
			<persName xmlns="http://www.tei-c.org/ns/1.0"><forename type="first">G</forename><surname>Hinton</surname></persName>
		</author>
	</analytic>
	<monogr>
		<title level="m">COURSERA: Neural Networks for Machine Learning</title>
		<imprint>
			<date type="published" when="2012" />
		</imprint>
	</monogr>
</biblStruct>

<biblStruct xml:id="b17">
	<monogr>
		<title level="m" type="main">Full-capacity unitary recurrent neural networks</title>
		<author>
			<persName xmlns="http://www.tei-c.org/ns/1.0"><forename type="first">Scott</forename><surname>Wisdom</surname></persName>
		</author>
		<author>
			<persName xmlns="http://www.tei-c.org/ns/1.0"><forename type="first">Thomas</forename><surname>Powers</surname></persName>
		</author>
		<author>
			<persName xmlns="http://www.tei-c.org/ns/1.0"><forename type="first">John</forename><forename type="middle">R</forename><surname>Hershey</surname></persName>
		</author>
		<author>
			<persName xmlns="http://www.tei-c.org/ns/1.0"><forename type="first">Jonathan</forename><forename type="middle">Le</forename><surname>Roux</surname></persName>
		</author>
		<author>
			<persName xmlns="http://www.tei-c.org/ns/1.0"><forename type="first">Les</forename><surname>Atlas</surname></persName>
		</author>
		<imprint>
			<date type="published" when="2016" />
		</imprint>
	</monogr>
	<note>To appear in NIPS</note>
</biblStruct>

				</listBibl>
			</div>
		</back>
	</text>
</TEI>
