<?xml version="1.0" encoding="UTF-8"?>
<TEI xml:space="preserve" xmlns="http://www.tei-c.org/ns/1.0" 
xmlns:xsi="http://www.w3.org/2001/XMLSchema-instance" 
xsi:schemaLocation="http://www.tei-c.org/ns/1.0 /Users/cindy/tmp/grobid-0.6.1/grobid-home/schemas/xsd/Grobid.xsd"
 xmlns:xlink="http://www.w3.org/1999/xlink">
	<teiHeader xml:lang="en">
		<fileDesc>
			<titleStmt>
				<title level="a" type="main">Distilling the Knowledge in a Neural Network</title>
			</titleStmt>
			<publicationStmt>
				<publisher/>
				<availability status="unknown"><licence/></availability>
				<date type="published" when="2015-03-09">9 Mar 2015</date>
			</publicationStmt>
			<sourceDesc>
				<biblStruct>
					<analytic>
						<author role="corresp">
							<persName xmlns="http://www.tei-c.org/ns/1.0"><forename type="first">Geoffrey</forename><surname>Hinton</surname></persName>
							<email>geoffhinton@google.com</email>
							<affiliation key="aff1">
								<orgName type="department">Google Inc. Mountain View</orgName>
							</affiliation>
						</author>
						<author>
							<persName xmlns="http://www.tei-c.org/ns/1.0"><forename type="first">Jeff</forename><surname>Dean</surname></persName>
						</author>
						<author>
							<affiliation key="aff0">
								<orgName type="institution">Google Inc. Mountain View</orgName>
							</affiliation>
						</author>
						<title level="a" type="main">Distilling the Knowledge in a Neural Network</title>
					</analytic>
					<monogr>
						<imprint>
							<date type="published" when="2015-03-09">9 Mar 2015</date>
						</imprint>
					</monogr>
					<idno type="arXiv">arXiv:1503.02531v1[stat.ML]</idno>
				</biblStruct>
			</sourceDesc>
		</fileDesc>
		<encodingDesc>
			<appInfo>
				<application version="0.6.1" ident="GROBID" when="2021-01-31T12:45+0000">
					<desc>GROBID - A machine learning software for extracting information from scholarly documents</desc>
					<ref target="https://github.com/kermitt2/grobid"/>
				</application>
			</appInfo>
		</encodingDesc>
		<profileDesc>
			<abstract>
				<p>A very simple way to improve the performance of almost any machine learning algorithm is to train many different models on the same data and then to average their predictions [3]. Unfortunately, making predictions using a whole ensemble of models is cumbersome and may be too computationally expensive to allow deployment to a large number of users, especially if the individual models are large neural nets. Caruana and his collaborators [1] have shown that it is possible to compress the knowledge in an ensemble into a single model which is much easier to deploy and we develop this approach further using a different compression technique. We achieve some surprising results on MNIST and we show that we can significantly improve the acoustic model of a heavily used commercial system by distilling the knowledge in an ensemble of models into a single model. We also introduce a new type of ensemble composed of one or more full models and many specialist models which learn to distinguish fine-grained classes that the full models confuse. Unlike a mixture of experts, these specialist models can be trained rapidly and in parallel. * Also affiliated with the University of Toronto and the Canadian Institute for Advanced Research. † Equal contribution.</p>
			</abstract>
		</profileDesc>
	</teiHeader>
	<text xml:lang="en">
		<body>
<div xmlns="http://www.tei-c.org/ns/1.0"><head n="1">Introduction</head><p>Many insects have a larval form that is optimized for extracting energy and nutrients from the environment and a completely different adult form that is optimized for the very different requirements of traveling and reproduction. In large-scale machine learning, we typically use very similar models for the training stage and the deployment stage despite their very different requirements: For tasks like speech and object recognition, training must extract structure from very large, highly redundant datasets but it does not need to operate in real time and it can use a huge amount of computation. Deployment to a large number of users, however, has much more stringent requirements on latency and computational resources. The analogy with insects suggests that we should be willing to train very cumbersome models if that makes it easier to extract structure from the data. The cumbersome model could be an ensemble of separately trained models or a single very large model trained with a very strong regularizer such as dropout <ref type="bibr" target="#b8">[9]</ref>. Once the cumbersome model has been trained, we can then use a different kind of training, which we call "distillation" to transfer the knowledge from the cumbersome model to a small model that is more suitable for deployment. A version of this strategy has already been pioneered by Rich Caruana and his collaborators <ref type="bibr" target="#b0">[1]</ref>. In their important paper they demonstrate convincingly that the knowledge acquired by a large ensemble of models can be transferred to a single small model.</p><p>A conceptual block that may have prevented more investigation of this very promising approach is that we tend to identify the knowledge in a trained model with the learned parameter values and this makes it hard to see how we can change the form of the model but keep the same knowledge. A more abstract view of the knowledge, that frees it from any particular instantiation, is that it is a learned mapping from input vectors to output vectors. For cumbersome models that learn to discriminate between a large number of classes, the normal training objective is to maximize the average log probability of the correct answer, but a side-effect of the learning is that the trained model assigns probabilities to all of the incorrect answers and even when these probabilities are very small, some of them are much larger than others. The relative probabilities of incorrect answers tell us a lot about how the cumbersome model tends to generalize. An image of a BMW, for example, may only have a very small chance of being mistaken for a garbage truck, but that mistake is still many times more probable than mistaking it for a carrot.</p><p>It is generally accepted that the objective function used for training should reflect the true objective of the user as closely as possible. Despite this, models are usually trained to optimize performance on the training data when the real objective is to generalize well to new data. It would clearly be better to train models to generalize well, but this requires information about the correct way to generalize and this information is not normally available. When we are distilling the knowledge from a large model into a small one, however, we can train the small model to generalize in the same way as the large model. If the cumbersome model generalizes well because, for example, it is the average of a large ensemble of different models, a small model trained to generalize in the same way will typically do much better on test data than a small model that is trained in the normal way on the same training set as was used to train the ensemble.</p><p>An obvious way to transfer the generalization ability of the cumbersome model to a small model is to use the class probabilities produced by the cumbersome model as "soft targets" for training the small model. For this transfer stage, we could use the same training set or a separate "transfer" set. When the cumbersome model is a large ensemble of simpler models, we can use an arithmetic or geometric mean of their individual predictive distributions as the soft targets. When the soft targets have high entropy, they provide much more information per training case than hard targets and much less variance in the gradient between training cases, so the small model can often be trained on much less data than the original cumbersome model and using a much higher learning rate.</p><p>For tasks like MNIST in which the cumbersome model almost always produces the correct answer with very high confidence, much of the information about the learned function resides in the ratios of very small probabilities in the soft targets. For example, one version of a 2 may be given a probability of 10 −6 of being a 3 and −9 of being a 7 whereas for another version it may be the other way around. This is valuable information that defines a rich similarity structure over the data (i. e. it says which 2's look like 3's and which look like 7's) but it has very little influence on the cross-entropy cost function during the transfer stage because the probabilities are so close to zero. Caruana and his collaborators circumvent this problem by using the logits (the inputs to the final softmax) rather than the probabilities produced by the softmax as the targets for learning the small model and they minimize the squared difference between the logits produced by the cumbersome model and the logits produced by the small model. Our more general solution, called "distillation", is to raise the temperature of the final softmax until the cumbersome model produces a suitably soft set of targets. We then use the same high temperature when training the small model to match these soft targets. We show later that matching the logits of the cumbersome model is actually a special case of distillation.</p><p>The transfer set that is used to train the small model could consist entirely of unlabeled data <ref type="bibr" target="#b0">[1]</ref> or we could use the original training set. We have found that using the original training set works well, especially if we add a small term to the objective function that encourages the small model to predict the true targets as well as matching the soft targets provided by the cumbersome model. Typically, the small model cannot exactly match the soft targets and erring in the direction of the correct answer turns out to be helpful.</p></div>
<div xmlns="http://www.tei-c.org/ns/1.0"><head>Distillation</head><p>Neural networks typically produce class probabilities by using a "softmax" output layer that converts the logit, z i , computed for each class into a probability, q i , by comparing z i with the other logits.</p><formula xml:id="formula_0">q i = exp(z i /T ) j exp(z j /T )<label>(1)</label></formula><p>where T is a temperature that is normally set to 1. Using a higher value for T produces a softer probability distribution over classes.</p><p>In the simplest form of distillation, knowledge is transferred to the distilled model by training it on a transfer set and using a soft target distribution for each case in the transfer set that is produced by using the cumbersome model with a high temperature in its softmax. The same high temperature is used when training the distilled model, but after it has been trained it uses a temperature of 1.</p><p>When the correct labels are known for all or some of the transfer set, this method can be significantly improved by also training the distilled model to produce the correct labels. One way to do this is to use the correct labels to modify the soft targets, but we found that a better way is to simply use a weighted average of two different objective functions. The first objective function is the cross entropy with the soft targets and this cross entropy is computed using the same high temperature in the softmax of the distilled model as was used for generating the soft targets from the cumbersome model. The second objective function is the cross entropy with the correct labels. This is computed using exactly the same logits in softmax of the distilled model but at a temperature of 1. We found that the best results were generally obtained by using a condiderably lower weight on the second objective function. Since the magnitudes of the gradients produced by the soft targets scale as 1/T 2 it is important to multiply them by T 2 when using both hard and soft targets. This ensures that the relative contributions of the hard and soft targets remain roughly unchanged if the temperature used for distillation is changed while experimenting with meta-parameters.</p></div>
<div xmlns="http://www.tei-c.org/ns/1.0"><head n="2.1">Matching logits is a special case of distillation</head><p>Each case in the transfer set contributes a cross-entropy gradient, dC/dz i , with respect to each logit, z i of the distilled model. If the cumbersome model has logits v i which produce soft target probabilities p i and the transfer training is done at a temperature of T , this gradient is given by:</p><formula xml:id="formula_1">∂C ∂z i = 1 T (q i − p i ) = 1 T e zi/T j e zj/T − e vi/T j e vj /T<label>(2)</label></formula><p>If the temperature is high compared with the magnitude of the logits, we can approximate:</p><formula xml:id="formula_2">∂C ∂z i ≈ 1 T 1 + z i /T N + j z j /T − 1 + v i /T N + j v j /T<label>(3)</label></formula><p>If we now assume that the logits have been zero-meaned separately for each transfer case so that</p><formula xml:id="formula_3">j z j = j v j = 0 Eq. 3 simplifies to: ∂C ∂z i ≈ 1 N T 2 (z i − v i )<label>(4)</label></formula><p>So in the high temperature limit, distillation is equivalent to minimizing</p><formula xml:id="formula_4">1/2(z i − v i ) 2</formula><p>, provided the logits are zero-meaned separately for each transfer case. At lower temperatures, distillation pays much less attention to matching logits that are much more negative than the average. This is potentially advantageous because these logits are almost completely unconstrained by the cost function used for training the cumbersome model so they could be very noisy. On the other hand, the very negative logits may convey useful information about the knowledge acquired by the cumbersome model. Which of these effects dominates is an empirical question. We show that when the distilled model is much too small to capture all of the knowledege in the cumbersome model, intermediate temperatures work best which strongly suggests that ignoring the large negative logits can be helpful.</p></div>
<div xmlns="http://www.tei-c.org/ns/1.0"><head n="3">Preliminary experiments on MNIST</head><p>To see how well distillation works, we trained a single large neural net with two hidden layers of 1200 rectified linear hidden units on all 60,000 training cases. The net was strongly regularized using dropout and weight-constraints as described in <ref type="bibr" target="#b4">[5]</ref>. Dropout can be viewed as a way of training an exponentially large ensemble of models that share weights. In addition, the input images were jittered by up to two pixels in any direction. This net achieved 67 test errors whereas a smaller net with two hidden layers of 800 rectified linear hidden units and no regularization achieved 146 errors. But if the smaller net was regularized solely by adding the additional task of matching the soft targets produced by the large net at a temperature of 20, it achieved 74 test errors. This shows that soft targets can transfer a great deal of knowledge to the distilled model, including the knowledge about how to generalize that is learned from translated training data even though the transfer set does not contain any translations.</p><p>When the distilled net had 300 or more units in each of its two hidden layers, all temperatures above 8 gave fairly similar results. But when this was radically reduced to 30 units per layer, temperatures in the range 2.5 to 4 worked significantly better than higher or lower temperatures.</p><p>We then tried omitting all examples of the digit 3 from the transfer set. So from the perspective of the distilled model, 3 is a mythical digit that it has never seen. </p></div>
<div xmlns="http://www.tei-c.org/ns/1.0"><head n="4">Experiments on speech recognition</head><p>In this section, we investigate the effects of ensembling Deep Neural Network (DNN) acoustic models that are used in Automatic Speech Recognition (ASR). We show that the distillation strategy that we propose in this paper achieves the desired effect of distilling an ensemble of models into a single model that works significantly better than a model of the same size that is learned directly from the same training data.</p><p>State-of-the-art ASR systems currently use DNNs to map a (short) temporal context of features derived from the waveform to a probability distribution over the discrete states of a Hidden Markov Model (HMM) <ref type="bibr" target="#b3">[4]</ref>. More specifically, the DNN produces a probability distribution over clusters of tri-phone states at each time and a decoder then finds a path through the HMM states that is the best compromise between using high probability states and producing a transcription that is probable under the language model.</p><p>Although it is possible (and desirable) to train the DNN in such a way that the decoder (and, thus, the language model) is taken into account by marginalizing over all possible paths, it is common to train the DNN to perform frame-by-frame classification by (locally) minimizing the cross entropy between the predictions made by the net and the labels given by a forced alignment with the ground truth sequence of states for each observation:</p><formula xml:id="formula_5">θ = arg max θ ′ P (h t |s t ; θ ′ )</formula><p>where θ are the parameters of our acoustic model P which maps acoustic observations at time t, s t , to a probability, P (h t |s t ; θ ′ ) , of the "correct" HMM state h t , which is determined by a forced alignment with the correct sequence of words. The model is trained with a distributed stochastic gradient descent approach.</p><p>We use an architecture with 8 hidden layers each containing 2560 rectified linear units and a final softmax layer with 14,000 labels (HMM targets h t ). The input is 26 frames of 40 Mel-scaled filterbank coefficients with a 10ms advance per frame and we predict the HMM state of 21 st frame. The total number of parameters is about 85M. This is a slightly outdated version of the acoustic model used by Android voice search, and should be considered as a very strong baseline.  <ref type="table" target="#tab_2">Table 1</ref>: Frame classification accuracy and WER showing that the distilled single model performs about as well as the averaged predictions of 10 models that were used to create the soft targets.</p></div>
<div xmlns="http://www.tei-c.org/ns/1.0"><head n="4.1">Results</head><p>We trained 10 separate models to predict P (h t |s t ; θ), using exactly the same architecture and training procedure as the baseline. The models are randomly initialized with different initial parameter values and we find that this creates sufficient diversity in the trained models to allow the averaged predictions of the ensemble to significantly outperform the individual models. We have explored adding diversity to the models by varying the sets of data that each model sees, but we found this to not significantly change our results, so we opted for the simpler approach. For the distillation we tried temperatures of [1, 2, 5, 10] and used a relative weight of 0.5 on the cross-entropy for the hard targets, where bold font indicates the best value that was used for table 1 . <ref type="table" target="#tab_2">Table 1</ref> shows that, indeed, our distillation approach is able to extract more useful information from the training set than simply using the hard labels to train a single model. More than 80% of the improvement in frame classification accuracy achieved by using an ensemble of 10 models is transferred to the distilled model which is similar to the improvement we observed in our preliminary experiments on MNIST. The ensemble gives a smaller improvement on the ultimate objective of WER (on a 23K-word test set) due to the mismatch in the objective function, but again, the improvement in WER achieved by the ensemble is transferred to the distilled model.</p><p>We have recently become aware of related work on learning a small acoustic model by matching the class probabilities of an already trained larger model <ref type="bibr" target="#b7">[8]</ref>. However, they do the distillation at a temperature of 1 using a large unlabeled dataset and their best distilled model only reduces the error rate of the small model by 28% of the gap between the error rates of the large and small models when they are both trained with hard labels.</p></div>
<div xmlns="http://www.tei-c.org/ns/1.0"><head n="5">Training ensembles of specialists on very big datasets</head><p>Training an ensemble of models is a very simple way to take advantage of parallel computation and the usual objection that an ensemble requires too much computation at test time can be dealt with by using distillation. There is, however, another important objection to ensembles: If the individual models are large neural networks and the dataset is very large, the amount of computation required at training time is excessive, even though it is easy to parallelize.</p><p>In this section we give an example of such a dataset and we show how learning specialist models that each focus on a different confusable subset of the classes can reduce the total amount of computation required to learn an ensemble. The main problem with specialists that focus on making fine-grained distinctions is that they overfit very easily and we describe how this overfitting may be prevented by using soft targets.</p></div>
<div xmlns="http://www.tei-c.org/ns/1.0"><head n="5.1">The JFT dataset</head><p>JFT is an internal Google dataset that has 100 million labeled images with 15,000 labels. When we did this work, Google's baseline model for JFT was a deep convolutional neural network <ref type="bibr" target="#b6">[7]</ref> that had been trained for about six months using asynchronous stochastic gradient descent on a large number of cores. This training used two types of parallelism <ref type="bibr" target="#b1">[2]</ref>. First, there were many replicas of the neural net running on different sets of cores and processing different mini-batches from the training set. Each replica computes the average gradient on its current mini-batch and sends this gradient to a sharded parameter server which sends back new values for the parameters. These new values reflect all of the gradients received by the parameter server since the last time it sent parameters to the replica. Second, each replica is spread over multiple cores by putting different subsets of the neurons on each core. Ensemble training is yet a third type of parallelism that can be wrapped  around the other two types, but only if a lot more cores are available. Waiting for several years to train an ensemble of models was not an option, so we needed a much faster way to improve the baseline model.</p></div>
<div xmlns="http://www.tei-c.org/ns/1.0"><head n="5.2">Specialist Models</head><p>When the number of classes is very large, it makes sense for the cumbersome model to be an ensemble that contains one generalist model trained on all the data and many "specialist" models, each of which is trained on data that is highly enriched in examples from a very confusable subset of the classes (like different types of mushroom). The softmax of this type of specialist can be made much smaller by combining all of the classes it does not care about into a single dustbin class.</p><p>To reduce overfitting and share the work of learning lower level feature detectors, each specialist model is initialized with the weights of the generalist model. These weights are then slightly modified by training the specialist with half its examples coming from its special subset and half sampled at random from the remainder of the training set. After training, we can correct for the biased training set by incrementing the logit of the dustbin class by the log of the proportion by which the specialist class is oversampled.</p></div>
<div xmlns="http://www.tei-c.org/ns/1.0"><head n="5.3">Assigning classes to specialists</head><p>In order to derive groupings of object categories for the specialists, we decided to focus on categories that our full network often confuses. Even though we could have computed the confusion matrix and used it as a way to find such clusters, we opted for a simpler approach that does not require the true labels to construct the clusters.</p><p>In particular, we apply a clustering algorithm to the covariance matrix of the predictions of our generalist model, so that a set of classes S m that are often predicted together will be used as targets for one of our specialist models, m. We applied an on-line version of the K-means algorithm to the columns of the covariance matrix, and obtained reasonable clusters (shown in <ref type="table" target="#tab_3">Table 2</ref>). We tried several clustering algorithms which produced similar results.</p></div>
<div xmlns="http://www.tei-c.org/ns/1.0"><head n="5.4">Performing inference with ensembles of specialists</head><p>Before investigating what happens when specialist models are distilled, we wanted to see how well ensembles containing specialists performed. In addition to the specialist models, we always have a generalist model so that we can deal with classes for which we have no specialists and so that we can decide which specialists to use. Given an input image x, we do top-one classification in two steps:</p><p>Step 1: For each test case, we find the n most probable classes according to the generalist model. Call this set of classes k. In our experiments, we used n = 1.</p><p>Step 2:</p><p>We then take all the specialist models, m, whose special subset of confusable classes, S m , has a non-empty intersection with k and call this the active set of specialists A k (note that this set may be empty). We then find the full probability distribution q over all the classes that minimizes:</p><formula xml:id="formula_6">KL(p g , q) + m∈A k KL(p m , q)<label>(5)</label></formula><p>where KL denotes the KL divergence, and p m p g denote the probability distribution of a specialist model or the generalist full model. The distribution p m is a distribution over all the specialist classes of m plus a single dustbin class, so when computing its KL divergence from the full q distribution we sum all of the probabilities that the full q distribution assigns to all the classes in m's dustbin.   Eq. 5 does not have a general closed form solution, though when all the models produce a single probability for each class the solution is either the arithmetic or geometric mean, depending on whether we use KL(p, q) or KL(q, p)). We parameterize q = sof tmax(z) (with T = 1) and we use gradient descent to optimize the logits z w.r.t. eq. 5. Note that this optimization must be carried out for each image.</p></div>
<div xmlns="http://www.tei-c.org/ns/1.0"><head n="5.5">Results</head><p>Starting from the trained baseline full network, the specialists train extremely fast (a few days instead of many weeks for JFT). Also, all the specialists are trained completely independently. <ref type="table" target="#tab_5">Table  3</ref> shows the absolute test accuracy for the baseline system and the baseline system combined with the specialist models. With 61 specialist models, there is a 4.4% relative improvement in test accuracy overall. We also report conditional test accuracy, which is the accuracy by only considering examples belonging to the specialist classes, and restricting our predictions to that subset of classes.</p><p>For our JFT specialist experiments, we trained 61 specialist models, each with 300 classes (plus the dustbin class). Because the sets of classes for the specialists are not disjoint, we often had multiple specialists covering a particular image class. <ref type="table" target="#tab_6">Table 4</ref> shows the number of test set examples, the change in the number of examples correct at position 1 when using the specialist(s), and the relative percentage improvement in top1 accuracy for the JFT dataset broken down by the number of specialists covering the class. We are encouraged by the general trend that accuracy improvements are larger when we have more specialists covering a particular class, since training independent specialist models is very easy to parallelize.</p></div>
<div xmlns="http://www.tei-c.org/ns/1.0"><head n="6">Soft Targets as Regularizers</head><p>One of our main claims about using soft targets instead of hard targets is that a lot of helpful information can be carried in soft targets that could not possibly be encoded with a single hard target. In this section we demonstrate that this is a very large effect by using far less data to fit the 85M parameters of the baseline speech model described earlier. <ref type="table">Table 5</ref> shows that with only 3% of the data (about 20M examples), training the baseline model with hard targets leads to severe overfitting (we did early stopping, as the accuracy drops sharply after reaching 44.5%), whereas the same model trained with soft targets is able to recover almost all the information in the full training set (about 2% shy). It is even more remarkable to note that we did not have to do early stopping: the system with soft targets simply "converged" to 57%. This shows that soft targets are a very effective way of communicating the regularities discovered by a model trained on all of the data to another model.  <ref type="table" target="#tab_5">Targets (3% of training set)</ref> 65.4% 57.0% <ref type="table">Table 5</ref>: Soft targets allow a new model to generalize well from only 3% of the training set. The soft targets are obtained by training on the full training set.</p></div>
<div xmlns="http://www.tei-c.org/ns/1.0"><head n="6.1">Using soft targets to prevent specialists from overfitting</head><p>The specialists that we used in our experiments on the JFT dataset collapsed all of their non-specialist classes into a single dustbin class. If we allow specialists to have a full softmax over all classes, there may be a much better way to prevent them overfitting than using early stopping. A specialist is trained on data that is highly enriched in its special classes. This means that the effective size of its training set is much smaller and it has a strong tendency to overfit on its special classes. This problem cannot be solved by making the specialist a lot smaller because then we lose the very helpful transfer effects we get from modeling all of the non-specialist classes.</p><p>Our experiment using 3% of the speech data strongly suggests that if a specialist is initialized with the weights of the generalist, we can make it retain nearly all of its knowledge about the non-special classes by training it with soft targets for the non-special classes in addition to training it with hard targets. The soft targets can be provided by the generalist. We are currently exploring this approach.</p></div>
<div xmlns="http://www.tei-c.org/ns/1.0"><head>Relationship to Mixtures of Experts</head><p>The use of specialists that are trained on subsets of the data has some resemblance to mixtures of experts <ref type="bibr" target="#b5">[6]</ref> which use a gating network to compute the probability of assigning each example to each expert. At the same time as the experts are learning to deal with the examples assigned to them, the gating network is learning to choose which experts to assign each example to based on the relative discriminative performance of the experts for that example. Using the discriminative performance of the experts to determine the learned assignments is much better than simply clustering the input vectors and assigning an expert to each cluster, but it makes the training hard to parallelize: First, the weighted training set for each expert keeps changing in a way that depends on all the other experts and second, the gating network needs to compare the performance of different experts on the same example to know how to revise its assignment probabilities. These difficulties have meant that mixtures of experts are rarely used in the regime where they might be most beneficial: tasks with huge datasets that contain distinctly different subsets.</p><p>It is much easier to parallelize the training of multiple specialists. We first train a generalist model and then use the confusion matrix to define the subsets that the specialists are trained on. Once these subsets have been defined the specialists can be trained entirely independently. At test time we can use the predictions from the generalist model to decide which specialists are relevant and only these specialists need to be run.</p></div>
<div xmlns="http://www.tei-c.org/ns/1.0"><head n="8">Discussion</head><p>We have shown that distilling works very well for transferring knowledge from an ensemble or from a large highly regularized model into a smaller, distilled model. On MNIST distillation works remarkably well even when the transfer set that is used to train the distilled model lacks any examples of one or more of the classes. For a deep acoustic model that is version of the one used by Android voice search, we have shown that nearly all of the improvement that is achieved by training an ensemble of deep neural nets can be distilled into a single neural net of the same size which is far easier to deploy.</p><p>For really big neural networks, it can be infeasible even to train a full ensemble, but we have shown that the performance of a single really big net that has been trained for a very long time can be significantly improved by learning a large number of specialist nets, each of which learns to discriminate between the classes in a highly confusable cluster. We have not yet shown that we can distill the knowledge in the specialists back into the single large net.</p></div><figure xmlns="http://www.tei-c.org/ns/1.0" type="table" xml:id="tab_0"><head></head><label></label><figDesc>Despite this, the distilled model only makes 206 test errors of which 133 are on the 1010 threes in the test set. Most of the errors are caused by the fact that the learned bias for the 3 class is much too low. If this bias is increased by 3.5 (which optimizes overall performance on the test set), the distilled model makes 109 errors of which 14 are on 3s. So with the right bias, the distilled model gets 98.6% of the test 3s correct despite never having seen a 3 during training. If the transfer set contains only the 7s and 8s from the training set, the distilled model makes 47.3% test errors, but when the biases for 7 and 8 are reduced by 7.6 to optimize test performance, this falls to 13.2% test errors.</figDesc><table /><note></note></figure>
<figure xmlns="http://www.tei-c.org/ns/1.0" type="table" xml:id="tab_2"><head>JFT 1 :</head><label>1</label><figDesc>Tea party; Easter; Bridal shower; Baby shower; Easter Bunny; ... JFT 2: Bridge; Cable-stayed bridge; Suspension bridge; Viaduct; Chimney; ... JFT 3: Toyota Corolla E100; Opel Signum; Opel Astra; Mazda Familia; ...</figDesc><table /><note></note></figure>
<figure xmlns="http://www.tei-c.org/ns/1.0" type="table" xml:id="tab_3"><head>Table 2 :</head><label>2</label><figDesc>Example classes from clusters computed by our covariance matrix clustering algorithm</figDesc><table /><note></note></figure>
<figure xmlns="http://www.tei-c.org/ns/1.0" type="table" xml:id="tab_5"><head>Table 3 :</head><label>3</label><figDesc>Classification accuracy (top 1) on the JFT development set.</figDesc><table><row><cell cols="4"># of specialists covering # of test examples delta in top1 correct relative accuracy change</cell></row><row><cell>0</cell><cell>350037</cell><cell>0</cell><cell>0.0%</cell></row><row><cell>1</cell><cell>141993</cell><cell>+1421</cell><cell>+3.4%</cell></row><row><cell>2</cell><cell>67161</cell><cell>+1572</cell><cell>+7.4%</cell></row><row><cell>3</cell><cell>38801</cell><cell>+1124</cell><cell>+8.8%</cell></row><row><cell>4</cell><cell>26298</cell><cell>+835</cell><cell>+10.5%</cell></row><row><cell>5</cell><cell>16474</cell><cell>+561</cell><cell>+11.1%</cell></row><row><cell>6</cell><cell>10682</cell><cell>+362</cell><cell>+11.3%</cell></row><row><cell>7</cell><cell>7376</cell><cell>+232</cell><cell>+12.8%</cell></row><row><cell>8</cell><cell>4703</cell><cell>+182</cell><cell>+13.6%</cell></row><row><cell>9</cell><cell>4706</cell><cell>+208</cell><cell>+16.6%</cell></row><row><cell>10 or more</cell><cell>9082</cell><cell>+324</cell><cell>+14.1%</cell></row></table><note></note></figure>
<figure xmlns="http://www.tei-c.org/ns/1.0" type="table" xml:id="tab_6"><head>Table 4 :</head><label>4</label><figDesc>Top 1 accuracy improvement by # of specialist models covering correct class on the JFT test set.</figDesc><table /><note></note></figure>
		</body>
		<back>

			<div type="acknowledgement">
<div xmlns="http://www.tei-c.org/ns/1.0"><head>Acknowledgments</head><p>We thank Yangqing Jia for assistance with training models on ImageNet and Ilya Sutskever and Yoram Singer for helpful discussions.</p></div>
			</div>

			<div type="references">

				<listBibl>

<biblStruct xml:id="b0">
	<analytic>
		<title level="a" type="main">Model compression</title>
		<author>
			<persName xmlns="http://www.tei-c.org/ns/1.0"><forename type="first">C</forename><surname>Buciluǎ</surname></persName>
		</author>
		<author>
			<persName xmlns="http://www.tei-c.org/ns/1.0"><forename type="first">R</forename><surname>Caruana</surname></persName>
		</author>
		<author>
			<persName xmlns="http://www.tei-c.org/ns/1.0"><forename type="first">A</forename><surname>Niculescu-Mizil</surname></persName>
		</author>
	</analytic>
	<monogr>
		<title level="m">Proceedings of the 12th ACM SIGKDD International Conference on Knowledge Discovery and Data Mining, KDD &apos;06</title>
		<meeting>the 12th ACM SIGKDD International Conference on Knowledge Discovery and Data Mining, KDD &apos;06<address><addrLine>New York, NY, USA</addrLine></address></meeting>
		<imprint>
			<publisher>ACM</publisher>
			<date type="published" when="2006" />
			<biblScope unit="page" from="535" to="541" />
		</imprint>
	</monogr>
</biblStruct>

<biblStruct xml:id="b1">
	<analytic>
		<title level="a" type="main">Large scale distributed deep networks</title>
		<author>
			<persName xmlns="http://www.tei-c.org/ns/1.0"><forename type="first">J</forename><surname>Dean</surname></persName>
		</author>
		<author>
			<persName xmlns="http://www.tei-c.org/ns/1.0"><forename type="first">G</forename><forename type="middle">S</forename><surname>Corrado</surname></persName>
		</author>
		<author>
			<persName xmlns="http://www.tei-c.org/ns/1.0"><forename type="first">R</forename><surname>Monga</surname></persName>
		</author>
		<author>
			<persName xmlns="http://www.tei-c.org/ns/1.0"><forename type="first">K</forename><surname>Chen</surname></persName>
		</author>
		<author>
			<persName xmlns="http://www.tei-c.org/ns/1.0"><forename type="first">M</forename><surname>Devin</surname></persName>
		</author>
		<author>
			<persName xmlns="http://www.tei-c.org/ns/1.0"><forename type="first">Q</forename><forename type="middle">V</forename><surname>Le</surname></persName>
		</author>
		<author>
			<persName xmlns="http://www.tei-c.org/ns/1.0"><forename type="first">M</forename><forename type="middle">Z</forename><surname>Mao</surname></persName>
		</author>
		<author>
			<persName xmlns="http://www.tei-c.org/ns/1.0"><forename type="first">M</forename><surname>Ranzato</surname></persName>
		</author>
		<author>
			<persName xmlns="http://www.tei-c.org/ns/1.0"><forename type="first">A</forename><surname>Senior</surname></persName>
		</author>
		<author>
			<persName xmlns="http://www.tei-c.org/ns/1.0"><forename type="first">P</forename><surname>Tucker</surname></persName>
		</author>
		<author>
			<persName xmlns="http://www.tei-c.org/ns/1.0"><forename type="first">K</forename><surname>Yang</surname></persName>
		</author>
		<author>
			<persName xmlns="http://www.tei-c.org/ns/1.0"><forename type="first">A</forename><forename type="middle">Y</forename><surname>Ng</surname></persName>
		</author>
	</analytic>
	<monogr>
		<title level="m">NIPS</title>
		<imprint>
			<date type="published" when="2012" />
		</imprint>
	</monogr>
</biblStruct>

<biblStruct xml:id="b2">
	<analytic>
		<title level="a" type="main">Ensemble methods in machine learning</title>
		<author>
			<persName xmlns="http://www.tei-c.org/ns/1.0"><forename type="first">T</forename><forename type="middle">G</forename><surname>Dietterich</surname></persName>
		</author>
	</analytic>
	<monogr>
		<title level="m">Multiple classifier systems</title>
		<imprint>
			<publisher>Springer</publisher>
			<date type="published" when="2000" />
			<biblScope unit="page" from="1" to="15" />
		</imprint>
	</monogr>
</biblStruct>

<biblStruct xml:id="b3">
	<analytic>
		<title level="a" type="main">Deep neural networks for acoustic modeling in speech recognition: The shared views of four research groups</title>
		<author>
			<persName xmlns="http://www.tei-c.org/ns/1.0"><forename type="first">G</forename><forename type="middle">E</forename><surname>Hinton</surname></persName>
		</author>
		<author>
			<persName xmlns="http://www.tei-c.org/ns/1.0"><forename type="first">L</forename><surname>Deng</surname></persName>
		</author>
		<author>
			<persName xmlns="http://www.tei-c.org/ns/1.0"><forename type="first">D</forename><surname>Yu</surname></persName>
		</author>
		<author>
			<persName xmlns="http://www.tei-c.org/ns/1.0"><forename type="first">G</forename><forename type="middle">E</forename><surname>Dahl</surname></persName>
		</author>
		<author>
			<persName xmlns="http://www.tei-c.org/ns/1.0"><forename type="first">A</forename><surname>Mohamed</surname></persName>
		</author>
		<author>
			<persName xmlns="http://www.tei-c.org/ns/1.0"><forename type="first">N</forename><surname>Jaitly</surname></persName>
		</author>
		<author>
			<persName xmlns="http://www.tei-c.org/ns/1.0"><forename type="first">A</forename><surname>Senior</surname></persName>
		</author>
		<author>
			<persName xmlns="http://www.tei-c.org/ns/1.0"><forename type="first">V</forename><surname>Vanhoucke</surname></persName>
		</author>
		<author>
			<persName xmlns="http://www.tei-c.org/ns/1.0"><forename type="first">P</forename><surname>Nguyen</surname></persName>
		</author>
		<author>
			<persName xmlns="http://www.tei-c.org/ns/1.0"><forename type="first">T</forename><surname>Sainath</surname></persName>
		</author>
		<author>
			<persName xmlns="http://www.tei-c.org/ns/1.0"><forename type="first">B</forename><surname>Kingsbury</surname></persName>
		</author>
	</analytic>
	<monogr>
		<title level="j">Signal Processing Magazine</title>
		<imprint>
			<biblScope unit="volume">29</biblScope>
			<biblScope unit="issue">6</biblScope>
			<biblScope unit="page" from="82" to="97" />
			<date type="published" when="2012" />
			<publisher>IEEE</publisher>
		</imprint>
	</monogr>
</biblStruct>

<biblStruct xml:id="b4">
	<monogr>
		<title level="m" type="main">Improving neural networks by preventing co-adaptation of feature detectors</title>
		<author>
			<persName xmlns="http://www.tei-c.org/ns/1.0"><forename type="first">G</forename><forename type="middle">E</forename><surname>Hinton</surname></persName>
		</author>
		<author>
			<persName xmlns="http://www.tei-c.org/ns/1.0"><forename type="first">N</forename><surname>Srivastava</surname></persName>
		</author>
		<author>
			<persName xmlns="http://www.tei-c.org/ns/1.0"><forename type="first">A</forename><surname>Krizhevsky</surname></persName>
		</author>
		<author>
			<persName xmlns="http://www.tei-c.org/ns/1.0"><forename type="first">I</forename><surname>Sutskever</surname></persName>
		</author>
		<author>
			<persName xmlns="http://www.tei-c.org/ns/1.0"><forename type="first">R</forename><forename type="middle">R</forename><surname>Salakhutdinov</surname></persName>
		</author>
		<idno type="arXiv">arXiv:1207.0580</idno>
		<imprint>
			<date type="published" when="2012" />
		</imprint>
	</monogr>
	<note type="report_type">arXiv preprint</note>
</biblStruct>

<biblStruct xml:id="b5">
	<analytic>
		<title level="a" type="main">Adaptive mixtures of local experts</title>
		<author>
			<persName xmlns="http://www.tei-c.org/ns/1.0"><forename type="first">R</forename><forename type="middle">A</forename><surname>Jacobs</surname></persName>
		</author>
		<author>
			<persName xmlns="http://www.tei-c.org/ns/1.0"><forename type="first">M</forename><forename type="middle">I</forename><surname>Jordan</surname></persName>
		</author>
		<author>
			<persName xmlns="http://www.tei-c.org/ns/1.0"><forename type="first">S</forename><forename type="middle">J</forename><surname>Nowlan</surname></persName>
		</author>
		<author>
			<persName xmlns="http://www.tei-c.org/ns/1.0"><forename type="first">G</forename><forename type="middle">E</forename><surname>Hinton</surname></persName>
		</author>
	</analytic>
	<monogr>
		<title level="j">Neural computation</title>
		<imprint>
			<biblScope unit="volume">3</biblScope>
			<biblScope unit="issue">1</biblScope>
			<biblScope unit="page" from="79" to="87" />
			<date type="published" when="1991" />
		</imprint>
	</monogr>
</biblStruct>

<biblStruct xml:id="b6">
	<analytic>
		<title level="a" type="main">Imagenet classification with deep convolutional neural networks</title>
		<author>
			<persName xmlns="http://www.tei-c.org/ns/1.0"><forename type="first">A</forename><surname>Krizhevsky</surname></persName>
		</author>
		<author>
			<persName xmlns="http://www.tei-c.org/ns/1.0"><forename type="first">I</forename><surname>Sutskever</surname></persName>
		</author>
		<author>
			<persName xmlns="http://www.tei-c.org/ns/1.0"><forename type="first">G</forename><forename type="middle">E</forename><surname>Hinton</surname></persName>
		</author>
	</analytic>
	<monogr>
		<title level="m">Advances in Neural Information Processing Systems</title>
		<imprint>
			<date type="published" when="2012" />
			<biblScope unit="page" from="1097" to="1105" />
		</imprint>
	</monogr>
</biblStruct>

<biblStruct xml:id="b7">
	<analytic>
		<title level="a" type="main">Learning small-size dnn with output-distribution-based criteria</title>
		<author>
			<persName xmlns="http://www.tei-c.org/ns/1.0"><forename type="first">J</forename><surname>Li</surname></persName>
		</author>
		<author>
			<persName xmlns="http://www.tei-c.org/ns/1.0"><forename type="first">R</forename><surname>Zhao</surname></persName>
		</author>
		<author>
			<persName xmlns="http://www.tei-c.org/ns/1.0"><forename type="first">J</forename><surname>Huang</surname></persName>
		</author>
		<author>
			<persName xmlns="http://www.tei-c.org/ns/1.0"><forename type="first">Y</forename><surname>Gong</surname></persName>
		</author>
	</analytic>
	<monogr>
		<title level="m">Proceedings Interspeech</title>
		<meeting>Interspeech</meeting>
		<imprint>
			<date type="published" when="2014" />
			<biblScope unit="page" from="1910" to="1914" />
		</imprint>
	</monogr>
</biblStruct>

<biblStruct xml:id="b8">
	<analytic>
		<title level="a" type="main">Dropout: A simple way to prevent neural networks from overfitting</title>
		<author>
			<persName xmlns="http://www.tei-c.org/ns/1.0"><forename type="first">N</forename><surname>Srivastava</surname></persName>
		</author>
		<author>
			<persName xmlns="http://www.tei-c.org/ns/1.0"><forename type="first">G</forename><forename type="middle">E</forename><surname>Hinton</surname></persName>
		</author>
		<author>
			<persName xmlns="http://www.tei-c.org/ns/1.0"><forename type="first">A</forename><surname>Krizhevsky</surname></persName>
		</author>
		<author>
			<persName xmlns="http://www.tei-c.org/ns/1.0"><forename type="first">I</forename><surname>Sutskever</surname></persName>
		</author>
		<author>
			<persName xmlns="http://www.tei-c.org/ns/1.0"><forename type="first">R</forename><forename type="middle">R</forename><surname>Salakhutdinov</surname></persName>
		</author>
	</analytic>
	<monogr>
		<title level="j">The Journal of Machine Learning Research</title>
		<imprint>
			<biblScope unit="volume">15</biblScope>
			<biblScope unit="issue">1</biblScope>
			<biblScope unit="page" from="1929" to="1958" />
			<date type="published" when="2014" />
		</imprint>
	</monogr>
</biblStruct>

				</listBibl>
			</div>
		</back>
	</text>
</TEI>
