<?xml version="1.0" encoding="UTF-8"?>
<TEI xml:space="preserve" xmlns="http://www.tei-c.org/ns/1.0" 
xmlns:xsi="http://www.w3.org/2001/XMLSchema-instance" 
xsi:schemaLocation="http://www.tei-c.org/ns/1.0 /Users/cindy/tmp/grobid-0.6.1/grobid-home/schemas/xsd/Grobid.xsd"
 xmlns:xlink="http://www.w3.org/1999/xlink">
	<teiHeader xml:lang="en">
		<fileDesc>
			<titleStmt>
				<title level="a" type="main">A NOTE ON THE EVALUATION OF GENERATIVE MODELS</title>
			</titleStmt>
			<publicationStmt>
				<publisher/>
				<availability status="unknown"><licence/></availability>
				<date type="published" when="2016-04-24">24 Apr 2016</date>
			</publicationStmt>
			<sourceDesc>
				<biblStruct>
					<analytic>
						<author>
							<persName xmlns="http://www.tei-c.org/ns/1.0"><forename type="first">Lucas</forename><surname>Theis</surname></persName>
						</author>
						<author role="corresp">
							<persName xmlns="http://www.tei-c.org/ns/1.0"><forename type="first">Matthias</forename><surname>Bethge</surname></persName>
							<email>matthias@bethgelab.org</email>
						</author>
						<author>
							<affiliation key="aff0">
								<orgName type="institution">University of Tübingen</orgName>
								<address>
									<postCode>72072</postCode>
									<settlement>Tübingen</settlement>
									<country key="DE">Germany</country>
								</address>
							</affiliation>
						</author>
						<author>
							<affiliation key="aff1">
								<orgName type="institution">Ghent University</orgName>
								<address>
									<postCode>9000</postCode>
									<settlement>Ghent</settlement>
									<country key="BE">Belgium</country>
								</address>
							</affiliation>
						</author>
						<author>
							<affiliation key="aff2">
								<orgName type="institution">University of Tübingen</orgName>
								<address>
									<postCode>72072</postCode>
									<settlement>Tübingen</settlement>
									<country key="DE">Germany</country>
								</address>
							</affiliation>
						</author>
						<author>
							<affiliation key="aff3">
								<orgName type="laboratory">Now at Google DeepMind</orgName>
							</affiliation>
						</author>
						<title level="a" type="main">A NOTE ON THE EVALUATION OF GENERATIVE MODELS</title>
					</analytic>
					<monogr>
						<imprint>
							<date type="published" when="2016-04-24">24 Apr 2016</date>
						</imprint>
					</monogr>
					<idno type="arXiv">arXiv:1511.01844v3[stat.ML]</idno>
				</biblStruct>
			</sourceDesc>
		</fileDesc>
		<encodingDesc>
			<appInfo>
				<application version="0.6.1" ident="GROBID" when="2021-01-31T12:41+0000">
					<desc>GROBID - A machine learning software for extracting information from scholarly documents</desc>
					<ref target="https://github.com/kermitt2/grobid"/>
				</application>
			</appInfo>
		</encodingDesc>
		<profileDesc>
			<abstract>
				<p>Probabilistic generative models can be used for compression, denoising, inpainting, texture synthesis, semi-supervised learning, unsupervised feature learning, and other tasks. Given this wide range of applications, it is not surprising that a lot of heterogeneity exists in the way these models are formulated, trained, and evaluated. As a consequence, direct comparison between models is often difficult. This article reviews mostly known but often underappreciated properties relating to the evaluation and interpretation of generative models with a focus on image models. In particular, we show that three of the currently most commonly used criteria-average log-likelihood, Parzen window estimates, and visual fidelity of samples-are largely independent of each other when the data is high-dimensional. Good performance with respect to one criterion therefore need not imply good performance with respect to the other criteria. Our results show that extrapolation from one criterion to another is not warranted and generative models need to be evaluated directly with respect to the application(s) they were intended for. In addition, we provide examples demonstrating that Parzen window estimates should generally be avoided.</p>
			</abstract>
		</profileDesc>
	</teiHeader>
	<text xml:lang="en">
		<body>
<div xmlns="http://www.tei-c.org/ns/1.0"><head n="1">INTRODUCTION</head><p>Generative models have many applications and can be evaluated in many ways. For density estimation and related tasks, log-likelihood (or equivalently Kullback-Leibler divergence) has been the de-facto standard for training and evaluating generative models. However, the likelihood of many interesting models is computationally intractable. For example, the normalization constant of unnormalized energy-based models is generally difficult to compute, and latent-variable models often require us to solve complex integrals to compute the likelihood. These models may still be trained with respect to a different objective that is more or less related to log-likelihood, such as contrastive divergence <ref type="bibr" target="#b15">(Hinton, 2002)</ref>, score matching <ref type="bibr" target="#b17">(Hyvärinen, 2005)</ref>, lower bounds on the log-likelihood <ref type="bibr" target="#b3">(Bishop, 2006)</ref>, noise-contrastive estimation <ref type="bibr" target="#b13">(Gutmann &amp; Hyvärinen, 2010)</ref>, probability flow <ref type="bibr" target="#b24">(Sohl-Dickstein et al., 2011)</ref>, maximum mean discrepancy (MMD) <ref type="bibr" target="#b12">(Gretton et al., 2007;</ref><ref type="bibr" target="#b21">Li et al., 2015)</ref>, or approximations to the Jensen-Shannon divergence (JSD) <ref type="bibr" target="#b10">(Goodfellow et al., 2014)</ref>.</p><p>For computational reasons, generative models are also often compared in terms of properties more readily accessible than likelihood, even when the task is density estimation. Examples include visualizations of model samples, interpretations of model parameters <ref type="bibr" target="#b16">(Hyvärinen et al., 2009)</ref>, Parzen window estimates of the model's log-likelihood <ref type="bibr" target="#b4">(Breuleux et al., 2009)</ref>, and evaluations of model performance in surrogate tasks such as denoising or missing value imputation.</p><p>In this paper, we look at some of the implications of choosing certain training and evaluation criteria. We first show that training objectives such as JSD and MMD can result in very different optima than <ref type="figure">Figure 1</ref>: An isotropic Gaussian distribution was fit to data drawn from a mixture of Gaussians by either minimizing Kullback-Leibler divergence (KLD), maximum mean discrepancy (MMD), or Jensen-Shannon divergence (JSD). The different fits demonstrate different tradeoffs made by the three measures of distance between distributions. log-likelihood. We then discuss the relationship between log-likelihood, classification performance, visual fidelity of samples and Parzen window estimates. We show that good or bad performance with respect to one metric is no guarantee of good or bad performance with respect to the other metrics. In particular, we show that the quality of samples is generally uninformative about the likelihood and vice versa, and that Parzen window estimates seem to favor models with neither good likelihood nor samples of highest possible quality. Using Parzen window estimates as a criterion, a simple model based on k-means outperforms the true distribution of the data.</p></div>
<div xmlns="http://www.tei-c.org/ns/1.0"><head n="2">TRAINING OF GENERATIVE MODELS</head><p>Many objective functions and training procedures have been proposed for optimizing generative models. The motivation for introducing new training methods is typically the wish to fit probabilistic models with computationally intractable likelihoods, rendering direct maximum likelihood learning impractical. Most of the available training procedures are consistent in the sense that if the data is drawn from a model distribution, then this model distribution will be optimal under the training objective in the limit of an infinite number of training examples. That is, if the model is correct, and for extremely large amounts of data, all of these methods will produce the same result. However, when there is a mismatch between the data distribution and the model, different objective functions can lead to very different results. <ref type="figure">Figure 1</ref> illustrates this on a simple toy example where an isotropic Gaussian distribution has been fit to a mixture of Gaussians by minimizing various measures of distance. Maximum mean discrepancy (MMD) has been used with generative moment matching networks <ref type="bibr" target="#b21">(Li et al., 2015;</ref><ref type="bibr" target="#b7">Dziugaite et al., 2015)</ref> and Jensen-Shannon divergence (JSD) has connections to the objective function optimized by generative adversarial networks <ref type="bibr" target="#b10">(Goodfellow et al., 2014</ref>) (see box for a definition). Minimizing MMD or JSD yields a Gaussian which fits one mode well, but which ignores other parts of the data. On the other hand, maximizing average log-likelihood or equivalently minimizing Kullback-Leibler divergence (KLD) avoids assigning extremely small probability to any data point but assigns a lot of probability mass to non-data regions.</p><p>Understanding the trade-offs between different measures is important for several reasons. First, different applications require different trade-offs, and we want to choose the right metric for a given application. Assigning sufficient probability to all plausible images is important for compression, but it may be enough to generate a single plausible example in certain image reconstruction applications (e.g., <ref type="bibr" target="#b14">Hays &amp; Efros, 2007)</ref>. Second, a better understanding of the trade-offs allows us to better interpret and relate empirical findings. Generative image models are often assessed based on the visual fidelity of generated samples (e.g., <ref type="bibr" target="#b10">Goodfellow et al., 2014;</ref><ref type="bibr" target="#b11">Gregor et al., 2015;</ref><ref type="bibr" target="#b5">Denton et al., 2015;</ref><ref type="bibr" target="#b21">Li et al., 2015)</ref>. <ref type="figure">Figure 1</ref> suggests that a model optimized with respect to KLD is more likely to produce atypical samples than the same model optimized with respect to one of the other two measures. That is, plausible samples-in the sense of having large density under the target MMD <ref type="bibr" target="#b12">(Gretton et al., 2007)</ref> is defined as,</p><formula xml:id="formula_0">MMD[p, q] = (E p,q [k(x, x ) − 2k(x, y) + k(y, y )]) 1 ,<label>(1)</label></formula><p>where x, x are indepent and distributed according to the data distribution p, and y, y are independently distributed according to the model distribution q. We followed the approach of <ref type="bibr" target="#b21">Li et al. (2015)</ref>, optimizing an empirical estimate of MMD and using a mixture of Gaussian kernels with various bandwidths for k.</p><p>JSD is defined as</p><formula xml:id="formula_1">JSD[p, q] = 1 KLD[p || m] + 1 KLD[q || m],<label>(2)</label></formula><p>where m = (p+q)/2 is an equal mixture of distributions p and q. We optimized JSD directly using the data density, which is generally not possible in practice where we only have access to samples from the data distribution. In this case, generative adversarial networks (GANs) may be used to approximately optimize JSD, although in practical applications the objective function optimized by GANs can be very different from JSD. Parameters were initialized at the maximum likelihood solution in all cases, but the same optimum was consistently found using random initializations.</p><p>distribution-are not necessarily an indication of a good density model as measured by KLD, but may be expected when optimizing JSD.</p></div>
<div xmlns="http://www.tei-c.org/ns/1.0"><head n="3">EVALUATION OF GENERATIVE MODELS</head><p>Just as choosing the right training method is important for achieving good performance in a given application, so is choosing the right evaluation metric for drawing the right conclusions. In the following, we first continue to discuss the relationship between average log-likelihood and the visual appearance of model samples.</p><p>Model samples can be a useful diagnostic tool, often allowing us to build an intuition for why a model might fail and how it could be improved. However, qualitative as well as quantitative analyses based on model samples can be misleading about a model's density estimation performance, as well as the probabilistic model's performance in applications other than image synthesis. Below we summarize a few examples demonstrating this.</p></div>
<div xmlns="http://www.tei-c.org/ns/1.0"><head n="3.1">LOG-LIKELIHOOD</head><p>Average log-likelihood is widely considered as the default measure for quantifying generative image modeling performance. However, care needs to be taken to ensure that the numbers measured are meaningful. While natural images are typically stored using 8-bit integers, they are often modeled using densities, i.e., an image is treated as an instance of a continuous random variable. Since the discrete data distribution has differential entropy of negative infinity, this can lead to arbitrary high likelihoods even on test data. To avoid this case, it is becoming best practice to add real-valued noise to the integer pixel values to dequantize the data (e.g., <ref type="bibr">Uria et al., 2013;</ref><ref type="bibr" target="#b28">van den Oord &amp; Schrauwen, 2014;</ref><ref type="bibr" target="#b26">Theis &amp; Bethge, 2015</ref>).</p><p>If we add the right amount of uniform noise, the log-likelihood of the continuous model on the dequantized data is closely related to the log-likelihood of a discrete model on the discrete data.</p><p>Maximizing the log-likelihood on the continuous data also optimizes the log-likelihood of the discrete model on the original data. This can be seen as follows.</p><p>Consider images x ∈ {0, ..., 255} D with a discrete probability distribution P (x), uniform noise u ∈ [0, 1[ D , and noisy data y = x + u. If p refers to the noisy data density and q refers to the model density, then we have for the average log-likelihood:</p><formula xml:id="formula_2">p(y) log q(y) dy = x P (x) [0,1[ D log q(x + u) du (3) ≤ x P (x) log [0,1[ D q(x + u) du (4) = x P (x) log Q(x),<label>(5)</label></formula><p>where the second step follows from Jensen's inequality and we have defined</p><formula xml:id="formula_3">Q(x) = [0,1[ D q(x + u) du (6) for x ∈ Z D .</formula><p>The left-hand side in Equation 3 is the expected log-likelihood which would be estimated in a typical benchmark. The right-hand side is the log-likelihood of the probability mass function Q on the original discrete-valued image data. The negative of this log-likelihood is equivalent to the average number of bits (assuming base-2 logarithm) required to losslessly compress the discrete data with an entropy coding scheme optimized for Q <ref type="bibr" target="#b23">(Shannon, 2001</ref>).</p></div>
<div xmlns="http://www.tei-c.org/ns/1.0"><head>SEMI-SUPERVISED LEARNING</head><p>A second motivation for using log-likelihood comes from semi-supervised learning. Consider a dataset consisting of images X and corresponding labels Y for some but not necessarily all of the images. In classification, we are interested in the prediction of a class label y for a previously unseen query image x. For a given model relating x, y, and parameters θ, the only correct way to infer the distribution over y-from a Bayesian point of view -is to integrate out the parameters (e.g., <ref type="bibr" target="#b20">Lasserre et al., 2006)</ref>,</p><formula xml:id="formula_4">p(y | x, X , Y) = p(θ | X , Y)p(y | x, θ) dθ.<label>(7)</label></formula><p>With sufficient data and under certain assumptions, the above integral will be close to p(y | x,θ MAP ), whereθ</p><formula xml:id="formula_5">MAP = argmax θ p(θ | X , Y) (8) = argmax θ [log p(θ) + log p(X | θ) + log p(Y | X , θ)] .<label>(9)</label></formula><p>When no training labels are given, i.e., in the unsupervised setting, and for a uniform prior over parameters, it is therefore natural to try to optimize the log-likelihood, log p(X | θ).</p><p>In practice, this approach might fail because of a mismatch between the model and the data, because of an inability to solve Equation 9, or because of overfitting induced by the MAP approximation. These issues can be addressed by better image models (e.g., <ref type="bibr" target="#b18">Kingma et al., 2014)</ref>, better optimization and inference procedures, or a more Bayesian treatment of the parameters (e.g., Lacoste-Julien et al., 2011; Welling &amp; Teh, 2011).</p></div>
<div xmlns="http://www.tei-c.org/ns/1.0"><head n="3.2">SAMPLES AND LOG-LIKELIHOOD</head><p>For many interesting models, average log-likelihood is difficult to evaluate or even approximate. For some of these models at least, generating samples is a lot easier. It would therefore be useful if we could use generated samples to infer something about a model's log-likelihood. This approach is also intuitive given that a model with zero KL divergence will produce perfect samples, and visual inspection can work well in low dimensions for assessing a model's fit to data. Unfortunately these intuitions can be misleading when the image dimensionality is high. A model can have poor loglikelihood and produce great samples, or have great log-likelihood and produce poor samples.</p></div>
<div xmlns="http://www.tei-c.org/ns/1.0"><head>POOR LOG-LIKELIHOOD AND GREAT SAMPLES</head><p>A simple lookup table storing enough training images will generate convincing looking images but will have poor average log-likelihood on unseen test data. Somewhat more generally we might consider a mixture of Gaussian distributions,</p><formula xml:id="formula_6">q(x) = 1 N n N (x; x n , ε 2 I),<label>(10)</label></formula><p>where the means x n are either training images or a number of plausible images derived from the training set (e.g., using a set of image transformations). If ε is small enough such that the Gaussian noise becomes imperceptible, this model will generate great samples but will still have very poor log-likelihood. This shows that plausible samples are clearly not sufficient for a good log-likelihood. <ref type="bibr" target="#b9">Gerhard et al. (2013)</ref> empirically found a correlation between some models' log-likelihoods and their samples' ability to fool human observers into thinking they were extracted from real images. However, the image patches were small and all models used in the study were optimized to minimize KLD. The correlation between log-likelihood and sample quality may disappear, for example, when considering models optimized for different objective functions or already when considering a different set of models.</p></div>
<div xmlns="http://www.tei-c.org/ns/1.0"><head>GREAT LOG-LIKELIHOOD AND POOR SAMPLES</head><p>Perhaps surprisingly, the ability to produce plausible samples is not only not sufficient, but also not necessary for high likelihood as a simple argument by van den Oord &amp; Dambre (2015) shows: Assume p is the density of a model for d dimensional data x which performs arbitrarily well with respect to average log-likelihood and q corresponds to some bad model (e.g., white noise). Then samples generated by the mixture model</p><formula xml:id="formula_7">0.01p(x) + 0.99q(x)<label>(11)</label></formula><p>will come from the poor model 99% of the time. Yet the log-likelihood per pixel will hardly change if d is large:</p><formula xml:id="formula_8">log [0.01p(x) + 0.99q(x)] ≥ log [0.01p(x)] = log p(x) − log 100<label>(12)</label></formula><p>For high-dimensional data, log p(x) will be proportional to d while log 100 stays constant. For instance, already for the 32 by 32 images found in the CIFAR-10 dataset the difference between log-likelihoods of different models can be in the thousands, while log(100) is only about 4.61 nats <ref type="bibr">(van den Oord &amp; Dambre, 2015)</ref>. This shows that a model can have large average log-likelihood but generate very poor samples.</p></div>
<div xmlns="http://www.tei-c.org/ns/1.0"><head>GOOD LOG-LIKELIHOOD AND GREAT SAMPLES</head><p>Note that we could have also chosen q (Equation 11) such that it reproduces training examples, e.g., by choosing q as in Equation 10. In this case, the mixture model would generate samples indistinguishable from real images 99% of the time while the log-likelihood would again only change by at most 4.61 nats. This shows that any model can be turned into a model which produces realistic samples at little expense to its log-likelihood. Log-likelihood and visual appearance of samples are therefore largely independent.</p></div>
<div xmlns="http://www.tei-c.org/ns/1.0"><head n="3.3">SAMPLES AND APPLICATIONS</head><p>One might conclude that something must be wrong with log-likelihood if it does not care about a model's ability to generate plausible samples. However, note that the mixture model in Equation 11 might also still work very well in applications. While q is much more likely a priori, p is going to be much more likely a posteriori in tasks like inpainting, denoising, or classification. Consider prediction of a quantity y representing, for example, a class label or missing pixels. A model with joint distribution</p><formula xml:id="formula_9">0.01p(x)p(y | x) + 0.99q(x)q(y | x)<label>(13)</label></formula><p>may again generate poor samples 99% of the time. For a given fixed x, the posterior over y will be a mixture  where a few simple calculations show that</p><formula xml:id="formula_10">αp(y | x) + (1 − α)q(y | x),<label>(14)</label></formula><formula xml:id="formula_11">α = σ (ln p(x) − ln q(x) − ln 99)<label>(15)</label></formula><p>and σ is the sigmoidal logistic function. Since we assume that p is a good model, q is a poor model, and x is high-dimensional, we have</p><formula xml:id="formula_12">ln p(x) ln q(x) + ln 99<label>(16)</label></formula><p>and therefore α ≈ 1. That is, mixing with q has hardly changed the posterior over y. While the samples are dominated by q, the classification performance is dominated by p. This shows that high visual fidelity of samples is generally not necessary for achieving good performance in applications.</p></div>
<div xmlns="http://www.tei-c.org/ns/1.0"><head n="3.4">EVALUATION BASED ON SAMPLES AND NEAREST NEIGHBORS</head><p>A qualitative assessment based on samples can be biased towards models which overfit <ref type="bibr" target="#b4">(Breuleux et al., 2009)</ref>. To detect overfitting to the training data, it is common to show samples next to nearest neighbors from the training set. In the following, we highlight two limitations of this approach and argue that it is unfit to detect any but the starkest forms of overfitting.</p><p>Nearest neighbors are typically determined based on Euclidean distance. But already perceptually small changes can lead to large changes in Euclidean distance, as is well known in the psychophysics literature (e.g., <ref type="bibr" target="#b29">Wang &amp; Bovik, 2009)</ref>. To illustrate this property, we used the top-left 28 by 28 pixels of each image from the 50,000 training images of the CIFAR-10 dataset. We then shifted this 28 by 28 window one pixel down and one pixel to the right and extracted another set of images. We repeated this 4 times, giving us 4 sets of images which are increasingly different from the training set. <ref type="figure" target="#fig_0">Figure 2A</ref> shows nearest neighbors of corresponding images from the query set. Although the images have hardly changed visually, a shift by only two pixels already caused a different nearest neighbor. The plot also shows Euclidean distances to 100 randomly picked images from the training set. Note that with a bigger dataset, a switch to a different nearest neighbor becomes more likely. <ref type="figure" target="#fig_0">Figure 2B</ref> shows the fraction of query images assigned to the correct training image in our example. A model which stores transformed training images can trivially pass the nearest-neighbor overfitting test. This problem can be alleviated by choosing nearest neighbors based on perceptual metrics, and by showing more than one nearest neighbor.</p><p>A second problem concerns the entropy of the model distribution and is harder to address. There are different ways a model can overfit. Even when overfitting, most models will not reproduce perfect or trivially transformed copies of the training data. In this case, no distance metric will find a close match in the training set. A model which overfits might still never generate a plausible image or might only be able to generate a small fraction of all plausible images (e.g., a model as in Equation 10 where instead of training images we store several transformed versions of the 10 1 10 2 10 3 10 4 10 5 10 6 10 7 Log-likelihood Estimate <ref type="figure">Figure 3</ref>: Parzen window estimates for a Gaussian evaluated on 6 by 6 pixel image patches from the CIFAR-10 dataset. Even for small patches and a very large number of samples, the Parzen window estimate is far from the true loglikelihood. training images, or a model which only describes data in a lower-dimensional subspace). Because the number of images we can process is vanishingly small compared to the vast number of possible images, we would not be able to detect this by looking at samples from the model.</p></div>
<div xmlns="http://www.tei-c.org/ns/1.0"><head>Model</head></div>
<div xmlns="http://www.tei-c.org/ns/1.0"><head n="3.5">EVALUATION BASED ON PARZEN WINDOW ESTIMATES</head><p>When log-likelihoods are unavailable, a common alternative is to use Parzen window estimates.</p><p>Here, samples are generated from the model and used to construct a tractable model, typically a kernel density estimator with Gaussian kernel. A test log-likelihood is then evaluated under this model and used as a proxy for the true model's log-likelihood <ref type="bibr" target="#b4">(Breuleux et al., 2009)</ref>. <ref type="bibr" target="#b4">Breuleux et al. (2009)</ref> suggested to fit the Parzen windows on both samples and training data, and to use at least as many samples as there are images in the training set. Following <ref type="bibr" target="#b1">Bengio et al. (2013a)</ref>, Parzen windows are in practice commonly fit to only 10,000 samples (e.g., <ref type="bibr" target="#b2">Bengio et al., 2013b;</ref><ref type="bibr" target="#b10">Goodfellow et al., 2014;</ref><ref type="bibr" target="#b21">Li et al., 2015;</ref><ref type="bibr" target="#b25">Sohl-Dickstein et al., 2015)</ref>. But even for a large number of samples Parzen window estimates generally do not come close to a model's true log-likelihood when the data dimensionality is high. In <ref type="figure">Figure 3</ref> we plot Parzen window estimates for a multivariate Gaussian distribution fit to small CIFAR-10 image patches (of size 6 by 6). We added uniform noise to the data (as explained in Section 3.1) and rescaled between 0 and 1. As we can see, a completely infeasible number of samples would be needed to get close to the actual log-likelihood even for this small scale example. For higher dimensional data this effect would only be more pronounced.</p><p>While the Parzen window estimate may be far removed from a model's true log-likelihood, one could still hope that it produces a similar or otherwise useful ranking when applied to different models. Counter to this idea, Parzen window estimates of the likelihood have been observed to produce rankings different from other estimates <ref type="bibr" target="#b0">(Bachman &amp; Precup, 2015)</ref>. More worryingly, a GMMN+AE <ref type="bibr" target="#b21">(Li et al., 2015)</ref> is assigned a higher score than images from the training set (which are samples from the true distribution) when evaluated on MNIST <ref type="table">(Table 1)</ref>. Furthermore it is relatively easy to exploit the Parzen window loss function to achieve even better results. To illustrate this, we fitted 10,000 centroids to the training data using k-means. We then generated 10,000 independent samples by sampling centroids with replacement. Note that this corresponds to the model in Equation 10, where the standard deviation of the Gaussian noise is zero and instead of training examples we use the centroids. We find that samples from this k-means based model are assigned a higher score than any other model, while its actual log-likelihood would be −∞.</p><p>We have discussed the optimization and evaluation of generative image models. Different metrics can lead to different trade-offs, and different evaluations favor different models. It is therefore important that training and evaluation match the target application. Furthermore, we should be cautious not to take good performance in one application as evidence of good performance in another application.</p><p>An evaluation based on samples is biased towards models which overfit and therefore a poor indicator of a good density model in a log-likelihood sense, which favors models with large entropy. Conversely, a high likelihood does not guarantee visually pleasing samples. Samples can take on arbitrary form only a few bits from the optimum. It is therefore unsurprising that other approaches than density estimation are much more effective for image synthesis <ref type="bibr" target="#b22">(Portilla &amp; Simoncelli, 2000;</ref><ref type="bibr" target="#b6">Dosovitskiy et al., 2015;</ref><ref type="bibr" target="#b8">Gatys et al., 2015)</ref>. Samples are in general also an unreliable proxy for a model's performance in applications such as classification or inpainting, as discussed in Section 3.3.</p><p>A subjective evaluation based on visual fidelity of samples is still clearly appropriate when the goal is image synthesis. Such an analysis at least has the property that the data distribution will perform very well in this task. This cannot be said about Parzen window estimates, where the data distribution performs worse than much less desirable models 1 . We therefore argue Parzen window estimates should be avoided for evaluating generative models, unless the application specifically requires such a loss function. In this case, we have shown that a k-means based model can perform better than the true density. To summarize, our results demonstrate that for generative models there is no one-fits-all loss function but a proper assessment of model performance is only possible in the the context of an application.</p></div><figure xmlns="http://www.tei-c.org/ns/1.0" xml:id="fig_0"><head>Figure 2 :</head><label>2</label><figDesc>A: Two examples demonstrating that small changes of an image can lead to large changes in Euclidean distance affecting the choice of nearest neighbor. The images shown represent the query image shifted by between 1 and 4 pixels (left column, top to bottom), and the corresponding nearest neighbor from the training set (right column). The gray lines indicate Euclidean distance of the query image to 100 randomly picked images from the training set. B: Fraction of query images assigned to the correct training image. The average was estimated from 1,000 images. Dashed lines indicate a 90% confidence interval.</figDesc></figure>
			<note xmlns="http://www.tei-c.org/ns/1.0" place="foot" n="1">In decision theory, such a metric is called an improper scoring function.</note>
		</body>
		<back>

			<div type="acknowledgement">
<div xmlns="http://www.tei-c.org/ns/1.0"><head>ACKNOWLEDGMENTS</head><p>The authors would like to thank Jascha Sohl-Dickstein, Ivo Danihelka, Andriy Mnih, and Leon Gatys for their valuable input on this manuscript.</p></div>
			</div>

			<div type="references">

				<listBibl>

<biblStruct xml:id="b0">
	<analytic>
		<title level="a" type="main">Variational Generative Stochastic Networks with Collaborative Shaping</title>
		<author>
			<persName xmlns="http://www.tei-c.org/ns/1.0"><forename type="first">P</forename><surname>Bachman</surname></persName>
		</author>
		<author>
			<persName xmlns="http://www.tei-c.org/ns/1.0"><forename type="first">D</forename><surname>Precup</surname></persName>
		</author>
	</analytic>
	<monogr>
		<title level="m">Proceedings of the 32nd International Conference on Machine Learning</title>
		<meeting>the 32nd International Conference on Machine Learning</meeting>
		<imprint>
			<date type="published" when="2015" />
			<biblScope unit="page" from="1964" to="1972" />
		</imprint>
	</monogr>
</biblStruct>

<biblStruct xml:id="b1">
	<analytic>
		<title level="a" type="main">Better mixing via deep representations</title>
		<author>
			<persName xmlns="http://www.tei-c.org/ns/1.0"><forename type="first">Y</forename><surname>Bengio</surname></persName>
		</author>
		<author>
			<persName xmlns="http://www.tei-c.org/ns/1.0"><forename type="first">G</forename><surname>Mesnil</surname></persName>
		</author>
		<author>
			<persName xmlns="http://www.tei-c.org/ns/1.0"><forename type="first">Y</forename><surname>Dauphin</surname></persName>
		</author>
		<author>
			<persName xmlns="http://www.tei-c.org/ns/1.0"><forename type="first">S</forename><surname>Rifai</surname></persName>
		</author>
	</analytic>
	<monogr>
		<title level="m">Proceedings of the 30th International Conference on Machine Learning</title>
		<meeting>the 30th International Conference on Machine Learning</meeting>
		<imprint>
			<date type="published" when="2013" />
		</imprint>
	</monogr>
</biblStruct>

<biblStruct xml:id="b2">
	<monogr>
		<author>
			<persName xmlns="http://www.tei-c.org/ns/1.0"><forename type="first">Y</forename><surname>Bengio</surname></persName>
		</author>
		<author>
			<persName xmlns="http://www.tei-c.org/ns/1.0"><forename type="first">E</forename><surname>Thibodeau-Laufer</surname></persName>
		</author>
		<author>
			<persName xmlns="http://www.tei-c.org/ns/1.0"><forename type="first">G</forename><surname>Alain</surname></persName>
		</author>
		<author>
			<persName xmlns="http://www.tei-c.org/ns/1.0"><forename type="first">Yosinski</forename></persName>
		</author>
		<author>
			<persName xmlns="http://www.tei-c.org/ns/1.0"><forename type="first">J</forename></persName>
		</author>
		<idno type="arXiv">arXiv:1306.1091</idno>
		<title level="m">Deep generative stochastic networks trainable by backprop</title>
		<imprint>
			<date type="published" when="2013" />
		</imprint>
	</monogr>
</biblStruct>

<biblStruct xml:id="b3">
	<monogr>
		<author>
			<persName xmlns="http://www.tei-c.org/ns/1.0"><forename type="first">C</forename><forename type="middle">M</forename><surname>Bishop</surname></persName>
		</author>
		<title level="m">Pattern Recognition and Machine Learning</title>
		<imprint>
			<publisher>Springer</publisher>
			<date type="published" when="2006" />
		</imprint>
	</monogr>
</biblStruct>

<biblStruct xml:id="b4">
	<monogr>
		<title level="m" type="main">Unlearning for better mixing</title>
		<author>
			<persName xmlns="http://www.tei-c.org/ns/1.0"><forename type="first">O</forename><surname>Breuleux</surname></persName>
		</author>
		<author>
			<persName xmlns="http://www.tei-c.org/ns/1.0"><forename type="first">Y</forename><surname>Bengio</surname></persName>
		</author>
		<author>
			<persName xmlns="http://www.tei-c.org/ns/1.0"><forename type="first">P</forename><surname>Vincent</surname></persName>
		</author>
		<imprint>
			<date type="published" when="2009" />
		</imprint>
		<respStmt>
			<orgName>Universite de Montreal</orgName>
		</respStmt>
	</monogr>
	<note type="report_type">Technical report</note>
</biblStruct>

<biblStruct xml:id="b5">
	<monogr>
		<author>
			<persName xmlns="http://www.tei-c.org/ns/1.0"><forename type="first">E</forename><surname>Denton</surname></persName>
		</author>
		<author>
			<persName xmlns="http://www.tei-c.org/ns/1.0"><forename type="first">S</forename><surname>Chintala</surname></persName>
		</author>
		<author>
			<persName xmlns="http://www.tei-c.org/ns/1.0"><forename type="first">A</forename><surname>Szlam</surname></persName>
		</author>
		<author>
			<persName xmlns="http://www.tei-c.org/ns/1.0"><forename type="first">Fergus</forename></persName>
		</author>
		<author>
			<persName xmlns="http://www.tei-c.org/ns/1.0"><forename type="first">R</forename></persName>
		</author>
		<title level="m">Deep Generative Image Models using a Laplacian Pyramid of Adversarial Networks. arXiv.org</title>
		<imprint>
			<date type="published" when="2015" />
		</imprint>
	</monogr>
</biblStruct>

<biblStruct xml:id="b6">
	<analytic>
		<title level="a" type="main">Learning to Generate Chairs with Convolutional Neural Networks</title>
		<author>
			<persName xmlns="http://www.tei-c.org/ns/1.0"><forename type="first">A</forename><surname>Dosovitskiy</surname></persName>
		</author>
		<author>
			<persName xmlns="http://www.tei-c.org/ns/1.0"><forename type="first">J</forename><forename type="middle">T</forename><surname>Springenberg</surname></persName>
		</author>
		<author>
			<persName xmlns="http://www.tei-c.org/ns/1.0"><forename type="first">T</forename><surname>Brox</surname></persName>
		</author>
	</analytic>
	<monogr>
		<title level="m">IEEE International Conference on Computer Vision and Pattern Recognition</title>
		<imprint>
			<date type="published" when="2015" />
		</imprint>
	</monogr>
</biblStruct>

<biblStruct xml:id="b7">
	<monogr>
		<title level="m" type="main">Training generative neural networks via maximum mean discrepancy optimization</title>
		<author>
			<persName xmlns="http://www.tei-c.org/ns/1.0"><forename type="first">G</forename><forename type="middle">K</forename><surname>Dziugaite</surname></persName>
		</author>
		<author>
			<persName xmlns="http://www.tei-c.org/ns/1.0"><forename type="first">D</forename><forename type="middle">M</forename><surname>Roy</surname></persName>
		</author>
		<author>
			<persName xmlns="http://www.tei-c.org/ns/1.0"><forename type="first">Z</forename><surname>Ghahramani</surname></persName>
		</author>
		<idno type="arXiv">arXiv:1505.0390</idno>
		<imprint>
			<date type="published" when="2015" />
		</imprint>
	</monogr>
</biblStruct>

<biblStruct xml:id="b8">
	<monogr>
		<title level="m" type="main">Texture synthesis and the controlled generation of natural stimuli using convolutional neural networks</title>
		<author>
			<persName xmlns="http://www.tei-c.org/ns/1.0"><forename type="first">L</forename><forename type="middle">A</forename><surname>Gatys</surname></persName>
		</author>
		<author>
			<persName xmlns="http://www.tei-c.org/ns/1.0"><forename type="first">A</forename><forename type="middle">S</forename><surname>Ecker</surname></persName>
		</author>
		<author>
			<persName xmlns="http://www.tei-c.org/ns/1.0"><forename type="first">M</forename><surname>Bethge</surname></persName>
		</author>
		<idno type="arXiv">arXiv:1505.07376</idno>
		<imprint>
			<date type="published" when="2015" />
		</imprint>
	</monogr>
</biblStruct>

<biblStruct xml:id="b9">
	<analytic>
		<title level="a" type="main">How sensitive is the human visual system to the local statistics of natural images?</title>
		<author>
			<persName xmlns="http://www.tei-c.org/ns/1.0"><forename type="first">H</forename><forename type="middle">E</forename><surname>Gerhard</surname></persName>
		</author>
		<author>
			<persName xmlns="http://www.tei-c.org/ns/1.0"><forename type="first">F</forename><forename type="middle">A</forename><surname>Wichmann</surname></persName>
		</author>
		<author>
			<persName xmlns="http://www.tei-c.org/ns/1.0"><forename type="first">M</forename><surname>Bethge</surname></persName>
		</author>
	</analytic>
	<monogr>
		<title level="j">PLoS Computational Biology</title>
		<imprint>
			<biblScope unit="volume">9</biblScope>
			<biblScope unit="issue">1</biblScope>
			<date type="published" when="2013" />
		</imprint>
	</monogr>
</biblStruct>

<biblStruct xml:id="b10">
	<analytic>
		<title level="a" type="main">Generative adversarial nets</title>
		<author>
			<persName xmlns="http://www.tei-c.org/ns/1.0"><forename type="first">I</forename><surname>Goodfellow</surname></persName>
		</author>
		<author>
			<persName xmlns="http://www.tei-c.org/ns/1.0"><forename type="first">J</forename><surname>Pouget-Abadie</surname></persName>
		</author>
		<author>
			<persName xmlns="http://www.tei-c.org/ns/1.0"><forename type="first">M</forename><surname>Mirza</surname></persName>
		</author>
		<author>
			<persName xmlns="http://www.tei-c.org/ns/1.0"><forename type="first">B</forename><surname>Xu</surname></persName>
		</author>
		<author>
			<persName xmlns="http://www.tei-c.org/ns/1.0"><forename type="first">D</forename><surname>Warde-Farley</surname></persName>
		</author>
		<author>
			<persName xmlns="http://www.tei-c.org/ns/1.0"><forename type="first">S</forename><surname>Ozair</surname></persName>
		</author>
		<author>
			<persName xmlns="http://www.tei-c.org/ns/1.0"><forename type="first">A</forename><surname>Courville</surname></persName>
		</author>
		<author>
			<persName xmlns="http://www.tei-c.org/ns/1.0"><forename type="first">Y</forename><surname>Bengio</surname></persName>
		</author>
	</analytic>
	<monogr>
		<title level="m">Advances in Neural Information Processing Systems 27</title>
		<imprint>
			<date type="published" when="2014" />
		</imprint>
	</monogr>
</biblStruct>

<biblStruct xml:id="b11">
	<analytic>
		<title level="a" type="main">DRAW: A recurrent neural network for image generation</title>
		<author>
			<persName xmlns="http://www.tei-c.org/ns/1.0"><forename type="first">K</forename><surname>Gregor</surname></persName>
		</author>
		<author>
			<persName xmlns="http://www.tei-c.org/ns/1.0"><forename type="first">I</forename><surname>Danihelka</surname></persName>
		</author>
		<author>
			<persName xmlns="http://www.tei-c.org/ns/1.0"><forename type="first">A</forename><surname>Graves</surname></persName>
		</author>
		<author>
			<persName xmlns="http://www.tei-c.org/ns/1.0"><forename type="first">D</forename><surname>Wierstra</surname></persName>
		</author>
	</analytic>
	<monogr>
		<title level="m">Proceedings of the 32nd International Conference on Machine Learning</title>
		<meeting>the 32nd International Conference on Machine Learning</meeting>
		<imprint>
			<date type="published" when="2015" />
		</imprint>
	</monogr>
</biblStruct>

<biblStruct xml:id="b12">
	<analytic>
		<title level="a" type="main">A kernel method for the two-sample-problem</title>
		<author>
			<persName xmlns="http://www.tei-c.org/ns/1.0"><forename type="first">A</forename><surname>Gretton</surname></persName>
		</author>
		<author>
			<persName xmlns="http://www.tei-c.org/ns/1.0"><forename type="first">K</forename><forename type="middle">M</forename><surname>Borgwardt</surname></persName>
		</author>
		<author>
			<persName xmlns="http://www.tei-c.org/ns/1.0"><forename type="first">M</forename><surname>Rasch</surname></persName>
		</author>
		<author>
			<persName xmlns="http://www.tei-c.org/ns/1.0"><forename type="first">B</forename><surname>Schölkopf</surname></persName>
		</author>
		<author>
			<persName xmlns="http://www.tei-c.org/ns/1.0"><forename type="first">A</forename><forename type="middle">J</forename><surname>Smola</surname></persName>
		</author>
	</analytic>
	<monogr>
		<title level="m">Advances in Neural Information Processing Systems 20</title>
		<imprint>
			<date type="published" when="2007" />
		</imprint>
	</monogr>
</biblStruct>

<biblStruct xml:id="b13">
	<analytic>
		<title level="a" type="main">Noise-contrastive estimation: A new estimation principle for unnormalized statistical models</title>
		<author>
			<persName xmlns="http://www.tei-c.org/ns/1.0"><forename type="first">M</forename><surname>Gutmann</surname></persName>
		</author>
		<author>
			<persName xmlns="http://www.tei-c.org/ns/1.0"><forename type="first">A</forename><surname>Hyvärinen</surname></persName>
		</author>
	</analytic>
	<monogr>
		<title level="m">Proceedings of the 13th International Conference on Artificial Intelligence and Statistics</title>
		<meeting>the 13th International Conference on Artificial Intelligence and Statistics</meeting>
		<imprint>
			<date type="published" when="2010" />
		</imprint>
	</monogr>
</biblStruct>

<biblStruct xml:id="b14">
	<analytic>
		<title level="a" type="main">Scene completion using millions of photographs</title>
		<author>
			<persName xmlns="http://www.tei-c.org/ns/1.0"><forename type="first">J</forename><surname>Hays</surname></persName>
		</author>
		<author>
			<persName xmlns="http://www.tei-c.org/ns/1.0"><forename type="first">A</forename><forename type="middle">A</forename><surname>Efros</surname></persName>
		</author>
	</analytic>
	<monogr>
		<title level="j">ACM Transactions on Graphics</title>
		<imprint>
			<biblScope unit="page">26</biblScope>
			<date type="published" when="2007" />
		</imprint>
	</monogr>
</biblStruct>

<biblStruct xml:id="b15">
	<analytic>
		<title level="a" type="main">Training Products of Experts by Minimizing Contrastive Divergence</title>
		<author>
			<persName xmlns="http://www.tei-c.org/ns/1.0"><forename type="first">G</forename><forename type="middle">E</forename><surname>Hinton</surname></persName>
		</author>
	</analytic>
	<monogr>
		<title level="j">Neural Computation</title>
		<imprint>
			<biblScope unit="volume">14</biblScope>
			<biblScope unit="issue">8</biblScope>
			<biblScope unit="page" from="1771" to="1800" />
			<date type="published" when="2002" />
		</imprint>
	</monogr>
</biblStruct>

<biblStruct xml:id="b16">
	<monogr>
		<author>
			<persName xmlns="http://www.tei-c.org/ns/1.0"><forename type="first">A</forename><surname>Hyvärinen</surname></persName>
		</author>
		<author>
			<persName xmlns="http://www.tei-c.org/ns/1.0"><forename type="first">J</forename><surname>Hurri</surname></persName>
		</author>
		<author>
			<persName xmlns="http://www.tei-c.org/ns/1.0"><forename type="first">P</forename><forename type="middle">O</forename><surname>Hoyer</surname></persName>
		</author>
		<title level="m">Natural Image Statistics: A Probabilistic Approach to Early Computational Vision</title>
		<imprint>
			<publisher>Springer</publisher>
			<date type="published" when="2009" />
		</imprint>
	</monogr>
</biblStruct>

<biblStruct xml:id="b17">
	<analytic>
		<title level="a" type="main">Estimation of non-normalized statistical models using score matching</title>
		<author>
			<persName xmlns="http://www.tei-c.org/ns/1.0"><forename type="first">A</forename><surname>Hyvärinen</surname></persName>
		</author>
	</analytic>
	<monogr>
		<title level="j">Journal of Machine Learning Research</title>
		<imprint>
			<biblScope unit="page" from="695" to="709" />
			<date type="published" when="2005" />
		</imprint>
	</monogr>
</biblStruct>

<biblStruct xml:id="b18">
	<analytic>
		<title level="a" type="main">Semi-supervised learning with deep generative models</title>
		<author>
			<persName xmlns="http://www.tei-c.org/ns/1.0"><forename type="first">D</forename><forename type="middle">P</forename><surname>Kingma</surname></persName>
		</author>
		<author>
			<persName xmlns="http://www.tei-c.org/ns/1.0"><forename type="first">D</forename><forename type="middle">J</forename><surname>Rezende</surname></persName>
		</author>
		<author>
			<persName xmlns="http://www.tei-c.org/ns/1.0"><forename type="first">S</forename><surname>Mohamed</surname></persName>
		</author>
		<author>
			<persName xmlns="http://www.tei-c.org/ns/1.0"><forename type="first">M</forename><surname>Welling</surname></persName>
		</author>
	</analytic>
	<monogr>
		<title level="m">Advances in Neural Information Processing Systems 27</title>
		<imprint>
			<date type="published" when="2014" />
		</imprint>
	</monogr>
</biblStruct>

<biblStruct xml:id="b19">
	<analytic>
		<title level="a" type="main">Approximate inference for the loss-calibrated Bayesian</title>
		<author>
			<persName xmlns="http://www.tei-c.org/ns/1.0"><forename type="first">S</forename><surname>Lacoste-Julien</surname></persName>
		</author>
		<author>
			<persName xmlns="http://www.tei-c.org/ns/1.0"><forename type="first">F</forename><surname>Huszar</surname></persName>
		</author>
		<author>
			<persName xmlns="http://www.tei-c.org/ns/1.0"><forename type="first">Z</forename><surname>Ghahramani</surname></persName>
		</author>
	</analytic>
	<monogr>
		<title level="m">Proceedings of the 14th International Conference on Artificial Intelligence and Statistics</title>
		<meeting>the 14th International Conference on Artificial Intelligence and Statistics</meeting>
		<imprint>
			<date type="published" when="2011" />
		</imprint>
	</monogr>
</biblStruct>

<biblStruct xml:id="b20">
	<analytic>
		<title level="a" type="main">Principled hybrids of generative and discriminative models</title>
		<author>
			<persName xmlns="http://www.tei-c.org/ns/1.0"><forename type="first">J</forename><forename type="middle">A</forename><surname>Lasserre</surname></persName>
		</author>
		<author>
			<persName xmlns="http://www.tei-c.org/ns/1.0"><forename type="first">C</forename><forename type="middle">M</forename><surname>Bishop</surname></persName>
		</author>
		<author>
			<persName xmlns="http://www.tei-c.org/ns/1.0"><forename type="first">T</forename><forename type="middle">P</forename><surname>Minka</surname></persName>
		</author>
	</analytic>
	<monogr>
		<title level="m">Proceedings of the Computer Vision and Pattern Recognition Conference</title>
		<meeting>the Computer Vision and Pattern Recognition Conference</meeting>
		<imprint>
			<date type="published" when="2006" />
		</imprint>
	</monogr>
</biblStruct>

<biblStruct xml:id="b21">
	<analytic>
		<title level="a" type="main">Generative moment matching networks</title>
		<author>
			<persName xmlns="http://www.tei-c.org/ns/1.0"><forename type="first">Y</forename><surname>Li</surname></persName>
		</author>
		<author>
			<persName xmlns="http://www.tei-c.org/ns/1.0"><forename type="first">K</forename><surname>Swersky</surname></persName>
		</author>
		<author>
			<persName xmlns="http://www.tei-c.org/ns/1.0"><forename type="first">R</forename><surname>Zemel</surname></persName>
		</author>
	</analytic>
	<monogr>
		<title level="m">Proceedings of the 32nd International Conference on Machine Learning</title>
		<meeting>the 32nd International Conference on Machine Learning</meeting>
		<imprint>
			<date type="published" when="2015" />
		</imprint>
	</monogr>
</biblStruct>

<biblStruct xml:id="b22">
	<analytic>
		<title level="a" type="main">A parametric texture model based on joint statistics of complex wavelet coefficients</title>
		<author>
			<persName xmlns="http://www.tei-c.org/ns/1.0"><forename type="first">J</forename><surname>Portilla</surname></persName>
		</author>
		<author>
			<persName xmlns="http://www.tei-c.org/ns/1.0"><forename type="first">E</forename><forename type="middle">P</forename><surname>Simoncelli</surname></persName>
		</author>
	</analytic>
	<monogr>
		<title level="j">International Journal of Computer Vision</title>
		<imprint>
			<biblScope unit="volume">40</biblScope>
			<biblScope unit="page" from="49" to="70" />
			<date type="published" when="2000" />
		</imprint>
	</monogr>
</biblStruct>

<biblStruct xml:id="b23">
	<analytic>
		<title level="a" type="main">A mathematical theory of communication</title>
		<author>
			<persName xmlns="http://www.tei-c.org/ns/1.0"><forename type="first">C</forename><forename type="middle">E</forename><surname>Shannon</surname></persName>
		</author>
	</analytic>
	<monogr>
		<title level="j">ACM SIGMOBILE Mobile Computing and Communications Review</title>
		<imprint>
			<biblScope unit="volume">5</biblScope>
			<biblScope unit="issue">1</biblScope>
			<biblScope unit="page" from="3" to="55" />
			<date type="published" when="2001" />
		</imprint>
	</monogr>
</biblStruct>

<biblStruct xml:id="b24">
	<analytic>
		<title level="a" type="main">Minimum Probability Flow Learning</title>
		<author>
			<persName xmlns="http://www.tei-c.org/ns/1.0"><forename type="first">J</forename><surname>Sohl-Dickstein</surname></persName>
		</author>
		<author>
			<persName xmlns="http://www.tei-c.org/ns/1.0"><forename type="first">P</forename><surname>Battaglino</surname></persName>
		</author>
		<author>
			<persName xmlns="http://www.tei-c.org/ns/1.0"><forename type="first">M</forename><forename type="middle">R</forename><surname>Deweese</surname></persName>
		</author>
	</analytic>
	<monogr>
		<title level="m">Proceedings of the 28th International Conference on Machine Learning</title>
		<meeting>the 28th International Conference on Machine Learning</meeting>
		<imprint>
			<date type="published" when="2011" />
		</imprint>
	</monogr>
</biblStruct>

<biblStruct xml:id="b25">
	<analytic>
		<title level="a" type="main">Deep unsupervised learning using nonequilibrium thermodynamics</title>
		<author>
			<persName xmlns="http://www.tei-c.org/ns/1.0"><forename type="first">J</forename><surname>Sohl-Dickstein</surname></persName>
		</author>
		<author>
			<persName xmlns="http://www.tei-c.org/ns/1.0"><forename type="first">E</forename><forename type="middle">A</forename><surname>Weiss</surname></persName>
		</author>
		<author>
			<persName xmlns="http://www.tei-c.org/ns/1.0"><forename type="first">N</forename><surname>Maheswaranathan</surname></persName>
		</author>
		<author>
			<persName xmlns="http://www.tei-c.org/ns/1.0"><forename type="first">S</forename><surname>Ganguli</surname></persName>
		</author>
	</analytic>
	<monogr>
		<title level="m">Proceedings of the 32nd International Conference on Machine Learning</title>
		<meeting>the 32nd International Conference on Machine Learning</meeting>
		<imprint>
			<date type="published" when="2015" />
		</imprint>
	</monogr>
</biblStruct>

<biblStruct xml:id="b26">
	<analytic>
		<title level="a" type="main">Generative Image Modeling Using Spatial LSTMs</title>
		<author>
			<persName xmlns="http://www.tei-c.org/ns/1.0"><forename type="first">L</forename><surname>Theis</surname></persName>
		</author>
		<author>
			<persName xmlns="http://www.tei-c.org/ns/1.0"><forename type="first">M</forename><surname>Bethge</surname></persName>
		</author>
	</analytic>
	<monogr>
		<title level="m">Advances in Neural Information Processing Systems 28</title>
		<imprint>
			<date type="published" when="2015" />
		</imprint>
	</monogr>
</biblStruct>

<biblStruct xml:id="b27">
	<analytic>
		<title level="a" type="main">RNADE: The real-valued neural autoregressive densityestimator</title>
		<author>
			<persName xmlns="http://www.tei-c.org/ns/1.0"><forename type="first">B</forename><surname>Uria</surname></persName>
		</author>
		<author>
			<persName xmlns="http://www.tei-c.org/ns/1.0"><forename type="first">I</forename><surname>Murray</surname></persName>
		</author>
		<author>
			<persName xmlns="http://www.tei-c.org/ns/1.0"><forename type="first">H</forename><surname>Larochelle</surname></persName>
		</author>
	</analytic>
	<monogr>
		<title level="m">Advances in Neural Information Processing Systems 26, 2013. van den Oord, A. and Dambre, J. Locally-connected transformations for deep GMMs, 2015. Deep Learning Workshop, ICML</title>
		<imprint/>
	</monogr>
</biblStruct>

<biblStruct xml:id="b28">
	<analytic>
		<title level="a" type="main">Factoring Variations in Natural Images with Deep Gaussian Mixture Models</title>
		<author>
			<persName xmlns="http://www.tei-c.org/ns/1.0"><forename type="first">A</forename><surname>Van Den Oord</surname></persName>
		</author>
		<author>
			<persName xmlns="http://www.tei-c.org/ns/1.0"><forename type="first">B</forename><surname>Schrauwen</surname></persName>
		</author>
	</analytic>
	<monogr>
		<title level="m">Advances in Neural Information Processing Systems 27</title>
		<imprint>
			<date type="published" when="2014" />
		</imprint>
	</monogr>
</biblStruct>

<biblStruct xml:id="b29">
	<monogr>
		<title level="m" type="main">Mean squared error: Love it or leave it? IEEE Signal Processing Magazine</title>
		<author>
			<persName xmlns="http://www.tei-c.org/ns/1.0"><forename type="first">Z</forename><surname>Wang</surname></persName>
		</author>
		<author>
			<persName xmlns="http://www.tei-c.org/ns/1.0"><forename type="first">A</forename><forename type="middle">C</forename><surname>Bovik</surname></persName>
		</author>
		<imprint>
			<date type="published" when="2009" />
		</imprint>
	</monogr>
</biblStruct>

<biblStruct xml:id="b30">
	<analytic>
		<title level="a" type="main">Bayesian Learning via Stochastic Gradient Langevin Dynamics</title>
		<author>
			<persName xmlns="http://www.tei-c.org/ns/1.0"><forename type="first">M</forename><surname>Welling</surname></persName>
		</author>
		<author>
			<persName xmlns="http://www.tei-c.org/ns/1.0"><forename type="first">Y</forename><forename type="middle">W</forename><surname>Teh</surname></persName>
		</author>
	</analytic>
	<monogr>
		<title level="m">Proceedings of the 28th International Conference on Machine Learning</title>
		<meeting>the 28th International Conference on Machine Learning</meeting>
		<imprint>
			<date type="published" when="2011" />
		</imprint>
	</monogr>
</biblStruct>

				</listBibl>
			</div>
		</back>
	</text>
</TEI>
