<?xml version="1.0" encoding="UTF-8"?>
<TEI xml:space="preserve" xmlns="http://www.tei-c.org/ns/1.0" 
xmlns:xsi="http://www.w3.org/2001/XMLSchema-instance" 
xsi:schemaLocation="http://www.tei-c.org/ns/1.0 /Users/cindy/tmp/grobid-0.6.1/grobid-home/schemas/xsd/Grobid.xsd"
 xmlns:xlink="http://www.w3.org/1999/xlink">
	<teiHeader xml:lang="en">
		<fileDesc>
			<titleStmt>
				<title level="a" type="main">Deep Compositional Question Answering with Neural Module Networks</title>
			</titleStmt>
			<publicationStmt>
				<publisher/>
				<availability status="unknown"><licence/></availability>
				<date type="published" when="2017-07-24">24 Jul 2017</date>
			</publicationStmt>
			<sourceDesc>
				<biblStruct>
					<analytic>
						<author>
							<persName xmlns="http://www.tei-c.org/ns/1.0"><forename type="first">Jacob</forename><surname>Andreas</surname></persName>
							<affiliation key="aff0">
								<orgName type="department">Department of Electrical Engineering and Computer Sciences</orgName>
								<orgName type="institution">University of California</orgName>
								<address>
									<settlement>Berkeley</settlement>
								</address>
							</affiliation>
						</author>
						<author>
							<persName xmlns="http://www.tei-c.org/ns/1.0"><forename type="first">Marcus</forename><surname>Rohrbach</surname></persName>
							<email>rohrbach@cs.berkeley.edu</email>
							<affiliation key="aff0">
								<orgName type="department">Department of Electrical Engineering and Computer Sciences</orgName>
								<orgName type="institution">University of California</orgName>
								<address>
									<settlement>Berkeley</settlement>
								</address>
							</affiliation>
						</author>
						<author>
							<persName xmlns="http://www.tei-c.org/ns/1.0"><forename type="first">Trevor</forename><surname>Darrell</surname></persName>
							<email>trevor@cs.berkeley.edu</email>
							<affiliation key="aff0">
								<orgName type="department">Department of Electrical Engineering and Computer Sciences</orgName>
								<orgName type="institution">University of California</orgName>
								<address>
									<settlement>Berkeley</settlement>
								</address>
							</affiliation>
						</author>
						<author>
							<persName xmlns="http://www.tei-c.org/ns/1.0"><forename type="first">Dan</forename><surname>Klein</surname></persName>
							<email>klein@cs@cs.berkeley.edu</email>
							<affiliation key="aff0">
								<orgName type="department">Department of Electrical Engineering and Computer Sciences</orgName>
								<orgName type="institution">University of California</orgName>
								<address>
									<settlement>Berkeley</settlement>
								</address>
							</affiliation>
						</author>
						<title level="a" type="main">Deep Compositional Question Answering with Neural Module Networks</title>
					</analytic>
					<monogr>
						<imprint>
							<date type="published" when="2017-07-24">24 Jul 2017</date>
						</imprint>
					</monogr>
					<idno type="arXiv">arXiv:1511.02799v4[cs.CV]</idno>
				</biblStruct>
			</sourceDesc>
		</fileDesc>
		<encodingDesc>
			<appInfo>
				<application version="0.6.1" ident="GROBID" when="2021-01-31T12:41+0000">
					<desc>GROBID - A machine learning software for extracting information from scholarly documents</desc>
					<ref target="https://github.com/kermitt2/grobid"/>
				</application>
			</appInfo>
		</encodingDesc>
		<profileDesc>
			<abstract>
				<p>Visual question answering is fundamentally compositional in nature-a question like where is the dog? shares substructure with questions like what color is the dog? and where is the cat? This paper seeks to simultaneously exploit the representational capacity of deep networks and the compositional linguistic structure of questions. We describe a procedure for constructing and learning neural module networks, which compose collections of jointly-trained neural &quot;modules&quot; into deep networks for question answering. Our approach decomposes questions into their linguistic substructures, and uses these structures to dynamically instantiate modular networks (with reusable components for recognizing dogs, classifying colors, etc.). The resulting compound networks are jointly trained. We evaluate our approach on two challenging datasets for visual question answering, achieving state-of-the-art results on both the VQA natural image dataset and a new dataset of complex questions about abstract shapes.</p>
			</abstract>
		</profileDesc>
	</teiHeader>
	<text xml:lang="en">
		<body>
<div xmlns="http://www.tei-c.org/ns/1.0"><head n="1.">Introduction</head><p>This paper describes an approach to visual question answering based on neural module networks (NMNs). We answer natural language questions about images using collections of jointly-trained neural "modules", dynamically composed into deep networks based on linguistic structure.</p><p>Concretely, given an image and an associated question (e.g. where is the dog?), we wish to predict a corresponding answer (e.g. on the couch, or perhaps just couch) ( <ref type="figure">Figure 1</ref>). The visual QA task has significant significant applications to human-robot interaction, search, and accessibility, and has been the subject of a great deal of recent research attention <ref type="bibr" target="#b1">[2,</ref><ref type="bibr" target="#b6">7,</ref><ref type="bibr" target="#b19">20,</ref><ref type="bibr" target="#b21">22,</ref><ref type="bibr" target="#b24">25,</ref><ref type="bibr" target="#b31">32]</ref>. The task requires sophisticated understanding of both visual scenes and natural language. Recent successful approaches represent questions as bags of words, or encode the question using a recurrent neural network <ref type="bibr" target="#b21">[22]</ref> and train a simple classifier on the encoded question and image. In contrast to these monolithic where count color ... dog standing ...</p></div>
<div xmlns="http://www.tei-c.org/ns/1.0"><head>LSTM couch cat CNN</head><p>Where is the dog?</p><p>Layout Parser <ref type="figure">Figure 1</ref>: A schematic representation of our proposed model-the shaded gray area is a neural module network of the kind introduced in this paper. Our approach uses a natural language parser to dynamically lay out a deep network composed of reusable modules. For visual question answering tasks, an additional sequence model provides sentence context and learns common-sense knowledge.</p><p>approaches, another line of work for textual QA <ref type="bibr" target="#b17">[18]</ref> and image QA <ref type="bibr" target="#b20">[21]</ref> uses semantic parsers to decompose questions into logical expressions. These logical expressions are evaluated against a purely logical representation of the world, which may be provided directly or extracted from an image <ref type="bibr" target="#b15">[16]</ref>.</p><p>In this paper we draw from both lines of research, presenting a technique for integrating the representational power of neural networks with the flexible compositional structure afforded by symbolic approaches to semantics. Rather than relying on a monolithic network structure to answer all questions, our approach assembles a network on the fly from a collection of specialized, jointly-learned modules ( <ref type="figure">Figure 1</ref>). Rather than using logic to reason over truth values, we remain entirely in the domain of visual features and attentions.</p><p>Our approach first analyzes each question with a semantic parser, and uses this analysis to determine the basic com-putational units (attention, classification, etc.) needed to answer the question, as well as the relationships between the modules. In <ref type="figure">Figure 1</ref>, we first produce an attention focused on the dog, which passes its output to a location classifier. Depending on the underlying structure, these messages passed between modules may be raw image features, attentions, or classification decisions; each module is determined by its input and output types. Different kinds of modules are shown in different colors; attention modules (like dog) are shown in green, while labeling modules (like where) are shown in blue. Importantly, all modules in an NMN are independent and composable, which allows the computation to be different for each problem instance, and possibly unobserved during training. Outside the NMN, our final answer uses a recurrent network (LSTM) to read the question, which has been shown to be important to model common sense knowledge and dataset biases <ref type="bibr" target="#b21">[22]</ref>.</p><p>We evaluate our approach on two visual question answering tasks. On the recently-released VQA [2] datasets we achieve results comparable to or better than existing approaches, and show that our approach specifically outperforms previous work on questions with compositional structure (e.g. requiring that an object be located and one of its attributes described). It turns out, however, that many of the questions in both datasets are quite simple, with little composition or reasoning required. To test our approach's ability to handle harder questions, we introduce a new dataset of synthetic images paired with complex questions involving spatial relations, set-theoretic reasoning, and shape and attribute recognition. On this dataset we outperform competing approaches by as much as 25% absolute accuracy.</p><p>While all the applications considered in this paper involve visual question answering, the general architecture is potentially of broader usefulness, and might be more generally applied to visual referring expression resolution <ref type="bibr" target="#b5">[6]</ref> or question answering about natural language texts <ref type="bibr" target="#b10">[11]</ref>.</p><p>To summarize our contributions: We first describe neural module networks, a general architecture for discretely composing heterogeneous, jointly-trained neural modules into deep networks. Next, for the visual QA task specifically, we show how to construct NMNs based on the output of a semantic parser, and use these to successfully complete established visual question answering tasks. Finally, we introduce a new dataset of challenging, highly compositional questions about abstract shapes, and show that our model again outperforms previous approaches. We will release this dataset, as well as code for all systems described in this paper, upon publication.</p></div>
<div xmlns="http://www.tei-c.org/ns/1.0"><head n="2.">Motivations</head><p>We begin with two simple observations. First, state-ofthe-art performance on the full range of computer vision tasks that are studied requires a variety of different deep network topologies-there is no single "best network" for all tasks. Second, though different networks are used for different purposes, it is commonplace to initialize systems for many of vision tasks with a prefix of a network trained for classification <ref type="bibr" target="#b8">[9]</ref>. This has been shown to substantially reduce training time and improve accuracy.</p><p>So while network structures are not universal (in the sense that the same network is appropriate for all problems), they are at least empirically modular (in the sense that intermediate representations for one task are useful for many others).</p><p>Can we generalize this idea in a way that is useful for question answering? Rather than thinking of question answering as a problem of learning a single function to map from questions and contexts to answers, it's perhaps useful to think of it as a highly-multitask learning setting, where each problem instance is associated with a novel task, and the identity of that task is expressed only noisily in language. In particular, where a simple question like is this a truck? requires us to retrieve only one piece of information from an image, more complicated questions, like how many objects are to the left of the toaster? might require multiple processing steps. The compositional nature of language means that the number of such processing such steps is potentially unbounded. Moreover, multiple kinds of processing might be required-repeated convolutions might identify a truck, but some kind of recurrent architecture is likely necessary to count up to arbitrary numbers.</p><p>Thus our goal in this paper is to specify a framework for modular, composable, jointly-trained neural networks. In this framework, we first predict the structure of the computation needed to answer each question individually, then realize this structure by constructing an appropriatelyshaped neural network from an inventory of reusable modules. These modules are learned jointly, rather than trained in isolation, and specialization to individual tasks (identifying properties, spatial relations, etc.) arises naturally from the training objective.</p></div>
<div xmlns="http://www.tei-c.org/ns/1.0"><head n="3.">Related work</head><p>We consider three lines of related work: previous efforts toward visual question answering, discrete models for compositional semantics, and models that are structurally similar to neural module networks.</p><p>Visual Question Answering Answering questions about images is sometimes referred to as a "Visual Turing Test" <ref type="bibr" target="#b20">[21,</ref><ref type="bibr" target="#b7">8]</ref>. It has only recently gained popularity, following the emergence of appropriate datasets consisting of paired images, questions, and answers. While the DAQUAR dataset <ref type="bibr" target="#b20">[21]</ref> is restricted to indoor scenes and contains relatively few examples, the COCOQA dataset <ref type="bibr" target="#b31">[32]</ref> and the VQA dataset <ref type="bibr" target="#b1">[2]</ref> are significantly larger and have more visual variety. Both are based on images from the COCO dataset <ref type="bibr" target="#b18">[19]</ref>. While COCOQA contains question-answer pairs automatically generated from the descriptions associated with the COCO dataset, <ref type="bibr" target="#b1">[2]</ref> has crowed sourced questions-answer pairs. We evaluate our approach on VQA, the larger and more natural of the two datasets.</p><p>Notable "classical" approaches to this task include <ref type="bibr" target="#b20">[21,</ref><ref type="bibr" target="#b15">16]</ref>. Both of these approaches are similar to ours in their use of a semantic parser, but both rely on fixed logical inference rather than learned compositional operations.</p><p>Several neural models for visual questioning have already been proposed in the literature <ref type="bibr" target="#b24">[25,</ref><ref type="bibr" target="#b19">20,</ref><ref type="bibr" target="#b6">7]</ref>, all of which use standard deep sequence modeling machinery to construct a joint embedding of image and text, which is immediately mapped to a distribution over answers. Here we attempt to more explicitly model the computational process needed to produce each answer, but benefit from techniques for producing sequence and image embeddings that have been important in previous work.</p><p>One important component of visual questioning is grounding the question in the image. This grounding task has previously been approached in <ref type="bibr" target="#b12">[13,</ref><ref type="bibr" target="#b23">24,</ref><ref type="bibr" target="#b11">12,</ref><ref type="bibr" target="#b14">15]</ref>, where the authors tried to localize phrases in an image. <ref type="bibr" target="#b30">[31]</ref> use an attention mechanism, to predict a heatmap for each word, as an auxiliary task, during sentence generation. The attentional component of our model is inspired by these approaches.</p><p>General compositional semantics There is a large literature on learning to answer questions about structured knowledge representations from question-answer pairs, both with and without joint learning of meanings for simple predicates <ref type="bibr" target="#b17">[18,</ref><ref type="bibr" target="#b15">16]</ref>. Outside of question answering, several models have been proposed for instruction following that impose a discrete "planning structure" over an underlying continuous control signal <ref type="bibr" target="#b0">[1,</ref><ref type="bibr" target="#b22">23]</ref>. We are unaware of past use of a semantic parser to predict network structures, or more generally to exploit the natural similarity between set-theoretic approaches to classical semantic parsing and attentional approaches to computer vision.</p><p>Neural network architectures The idea of selecting a different network graph for each input datum is fundamental to both recurrent networks (where the network grows in the length of the input) <ref type="bibr" target="#b4">[5]</ref> and recursive neural networks (where the network is built, e.g., according to the syntactic structure of the input) <ref type="bibr" target="#b27">[28]</ref>. But both of these approaches ultimately involve repeated application of a single computational module (e.g. an LSTM <ref type="bibr" target="#b9">[10]</ref> or GRU <ref type="bibr" target="#b2">[3]</ref> cell). From another direction, some kinds of memory networks <ref type="bibr" target="#b29">[30]</ref> may be viewed as a special case of our model with a fixed computational graph, consisting of a sequence of attend modules followed by a classify module (see section 4 below).</p><p>Our basic contribution is in both assembling this graph on the fly, and simultaneously in allowing the nodes to perform heterogeneous computations, with for "messages" of different kinds-raw image features, attentions, classification predictions-passed from one module to the next. We are unaware of any previous work allowing such mixed collections of modules to be trained jointly.</p></div>
<div xmlns="http://www.tei-c.org/ns/1.0"><head n="4.">Neural module networks for visual QA</head><p>Each training datum for this task can be thought of as a 3-tuple (w, x, y), where</p><p>• w is a natural-language question</p><p>• x is an image</p><p>• y is an answer A model is fully specified by a collection of modules {m}, each with associated parameters θ m , and a network layout predictor P which maps from strings to networks. Given (w, x) as above, the model instantiates a network based on P (w), passes x (and possibly w again) as inputs, and obtains a distribution over labels (for the VQA task, we require the output module to be a classifier). Thus a model ultimately encodes a predictive distribution p(y | w, x; θ).</p><p>In the remainder of this section, we describe the set of modules used for the VQA task, then explain the process by which questions are converted to network layouts.</p></div>
<div xmlns="http://www.tei-c.org/ns/1.0"><head n="4.1.">Modules</head><p>Our goal here is to identify a small set of modules that can be assembled into all the configurations necessary for our tasks. This corresponds to identifying a minimal set of composable vision primitives. The modules operate on three basic data types: images, unnormalized attentions, and labels. For the particular task and modules described in this paper, almost all interesting compositional phenomena occur in the space of attentions, and it is not unreasonable to characterize our contribution more narrowly as an "attention-composition" network. Nevertheless, other types may be easily added in the future (for new applications or for greater coverage in the VQA domain).</p><p>First </p></div>
<div xmlns="http://www.tei-c.org/ns/1.0"><head n="4.2.">From strings to networks</head><p>Having built up an inventory of modules, we now need to assemble them into the layout specified by the question. The transformation from a natural language question to an instantiated neural network takes place in two steps. First we map from natural language questions to layouts, which specify both the set of modules used to answer a given question, and the connections between them. Next we use these layouts are used to assemble the final prediction networks.</p><p>We use standard tools pre-trained on existing linguistic resources to obtained structured representations of questions. Future work might focus on learning (or at least finetuning) this prediction process jointly with the rest of the system.</p><p>Parsing We begin by parsing each question with the Stanford Parser <ref type="bibr" target="#b13">[14]</ref>. to obtain a universal dependency representation <ref type="bibr" target="#b3">[4]</ref>. Dependency parses express grammatical relations between parts of a sentence (e.g. between objects and their attributes, or events and their participants), and provide a lightweight abstraction away from the surface form  Next, we filter the set of dependencies to those connected the wh-word in the question (the exact distance we traverse varies depending on the task). This gives a simple symbolic form expressing (the primary) part of the sentence's meaning. For example, what is standing in the field becomes what(stand); what color is the truck becomes color(truck), and is there a circle next to a square becomes is(circle, next-to(square)). In the process we also strip away function words like determiners and modals, so what type of cakes were they? and what type of cake is it? both get converted to type(cake). The code for transforming parse trees to structured queries will be provided in the accompanying software package.</p><p>These representations bear a certain resemblance to pieces of a combinatory logic <ref type="bibr" target="#b17">[18]</ref>: every leaf is implicitly a function taking the image as input, and the root represents the final value of the computation. But our approach, while compositional and combinatorial, is crucially not logical: the inferential computations operate on continuous representations produced by neural networks, becoming discrete only in the prediction of the final answer.</p><p>Layout These symbolic representations already determine the structure of the predicted networks, but not the identities of the modules that compose them. This final assignment of modules is fully determined by the structure of the parse. All leaves become attend modules, all internal nodes become re-attend or combine modules dependent on their arity, and root nodes become measure modules for yes/no questions and classify modules for all other question types.</p><p>Given the mapping from queries to network layouts described above, we have for each training example a network structure, an input image, and an output label. In many cases, these network structures are different, but have tied parameters. Networks which have the same high-level structure but different instantiations of individual modules (for example what color is the cat?- As noted above, parts of this conversion process are taskspecific-we found that relatively simple expressions were best for the natural image questions, while the shapes question (by design) required deeper structures. Some summary statistics are provided in <ref type="table" target="#tab_2">Table 1</ref>.</p><p>Generalizations It is easy to imagine applications where the input to the layout stage comes from something other than a natural language parser. Users of an image database, for example, might write SQL-like queries directly in order to specify their requirements precisely, e.g.</p></div>
<div xmlns="http://www.tei-c.org/ns/1.0"><head>IS(cat) AND NOT(IS(dog))</head><p>or even mix visual and non-visual specifications in their queries: IS(cat) and date &gt; 2014-  Indeed, it is possible to construct this kind of "visual SQL" using precisely the approach described in this paperonce our system is trained, the learned modules for attention, classification, etc. can be assembled by any kind of outside user, without relying on natural language specifically. . "Max depth" is the greatest depth across all layouts, while "max size" is the greatest number of modules-for example, the network in <ref type="figure" target="#fig_0">Figure 2b</ref> has depth 4 and size 5. (All numbers from training sets.)</p></div>
<div xmlns="http://www.tei-c.org/ns/1.0"><head n="4.3.">Answering natural language questions</head><p>So far our discussion has focused on the neural module net architecture, without reference to the remainder of <ref type="figure">Figure</ref> 1. Our final model combines the output from the neural module network with predictions from a simple LSTM question encoder. This is important for two reasons. First, because of the relatively aggressive simplification of the question that takes place in the parser, grammatical cues that do not substantively change the semantics of the question, but which might affect the answer, are discarded. For example, what is flying? and what are flying? both get converted to what(fly), but their answers should be kite and kites respectively, even given the same underlying image features. The question encoder thus allows us to model underlying syntactic regularities in the data. Second, it allows us to capture semantic regularities: with missing or low-quality image data, it is reasonable to guess that what color is the bear? is answered by brown, and unreasonable to guess green. The question encoder also allows us to model effects of this kind.</p><p>All experiments in this paper use a standard single-layer LSTM with 1024 hidden units. The question modeling component predicts a distribution over the set of answers, like the root module of the NMN. The final prediction from the model is a geometric average of these two probability distributions, dynamically reweighted using both text and image features. The complete model, including both the NMN and sequence modeling component, is trained jointly.</p></div>
<div xmlns="http://www.tei-c.org/ns/1.0"><head n="5.">Training neural module networks</head><p>Our training objective is simply to find module parameters maximizing the likelihood of the data. By design, the last module in every network outputs a distribution over labels, and so each assembled network also represents a probability distribution.</p><p>Because of the dynamic network structures used to answer questions, some weights are updated much more frequently than others. For this reason we found that learning algorithms with adaptive per-weight learning rates performed substantially better than simple gradient descent. All the experiments described below use AdaDelta <ref type="bibr" target="#b32">[33]</ref> (thus there was no hyperparameter search over step sizes).</p><p>It is important to emphasize that the labels we have assigned to distinguish instances of the same module typecat, and, etc.-are a notational convenience, and do not reflect any manual specification of the behavior of the corresponding modules. detect[cat] is not fixed or even initialized as cat recognizer (rather than a couch recognizer or a dog recognizer), and combine[and] isn't fixed to compute intersections of attentions (rather than unions or differences). Instead, they acquire these behaviors as a byproduct of the end-to-end training procedure. As can be seen in <ref type="figure" target="#fig_0">Figure 2</ref>, the image-answer pairs and parameter tying together encourage each module to specialize in the appropriate way.</p></div>
<div xmlns="http://www.tei-c.org/ns/1.0"><head n="6.">Experiments: compositionality</head><p>We begin with a set of motivating experiments on synthetic data. Compositionality, and the corresponding ability to answer questions with arbitrarily complex structure, is an essential part of the kind of deep image understanding visual QA datasets are intended to test. At the same time, questions in most existing natural image datasets are quite simple, for the most part requiring that only one or two pieces of information be extracted from an image in order to answer it successfully, and with little evaluation of robustness in the presence of distractors (e.g. asking is there a blue house in an image of a red house and a blue car).</p><p>As one of the primary goals of this work is to learn models for deep semantic compositionality, we have created SHAPES, a synthetic dataset that places such compositional phenomena at the forefront. This dataset consists of complex questions about simple arrangements of colored shapes <ref type="figure" target="#fig_2">(Figure 3)</ref>. Questions contain between two and four attributes, object types, or relationships. There are 244 questions and 15616 images in total. To eliminate modeguessing as a viable strategy, all questions have a yes-or-no answer, but good performance requires that the system learn to recognize shapes and colors, and understand both spatial and logical relations among sets of objects.</p><p>While success on this dataset is by no means a sufficient condition for robust visual QA, we believe it is a necessary one. In this respect it is similar in spirit to the bAbI <ref type="bibr" target="#b28">[29]</ref>   <ref type="table">Table 2</ref>: Results on the SHAPES dataset. Here "size" is the number of modules needed to instantiate an appropriate NMN. Our model achieves high accuracy and outperforms a baseline from previous work, especially on highly compositional questions. "NMN (easy)" is a modified training set with no size-6 questions; these results demonstrate that our model is able to generalize to questions more complicated than it has ever seen at training time.</p><p>dataset, and we hope that SHAPES will continue to be used in conjunction with natural image datasets.</p><p>To produce an initial set of image features, we pass the input image through the convolutional portion of a LeNet <ref type="bibr" target="#b16">[17]</ref> which is jointly trained with the question-answering part of the model. We compare our approach to a reimplementation of the VIS+LSTM baseline similar to the one described by <ref type="bibr" target="#b25">[26]</ref>, again swapping out the pre-trained image embedding with a LeNet.</p><p>As can be seen in <ref type="table">Table 2</ref>, our model achieves excellent performance on this dataset, while the VIS+LSTM baseline fares little better than a majority guesser. Moreover, the color detectors and attention transformations behave as expected <ref type="figure" target="#fig_0">(Figure 2b</ref>), indicating that our joint training procedure correctly allocates responsibilities among modules. This confirms that our approach is able to model complex compositional phenomena outside the capacity of previous approaches to visual question answering.</p><p>We perform an additional experiment on a modified version of the training set, which contains no size-6 questions (i.e. questions whose corresponding NMN has 6 modules). Here our performance does not suffer at all, and perhaps increases slightly; this demonstrates that our model is able to generalize to questions even more complicated than those it has seen during training. Using only linguistic information, the model extrapolates simple visual patterns it has learned to even harder questions.</p></div>
<div xmlns="http://www.tei-c.org/ns/1.0"><head n="7.">Experiments: natural images</head><p>Next we consider the model's ability to handle hard perceptual problems involving natural images. Here we evaluate on the recently-released VQA dataset. This is the largest resource of its kind, consisting of more than 200,000 images, each paired with three questions and ten answers per question. Data was generated by human annotators, in contrast to previous work, which has generated questions automatically from captions <ref type="bibr" target="#b25">[26]</ref>. We learn our model using the standard train/test split, training only with those answers   <ref type="table" target="#tab_5">Table 3</ref>. As can be seen, we outperform the best published results on this task. A breakdown of our questions by answer type reveals that our model performs especially well on questions answered by an object, attribute, or number, but worse than a sequence baseline in the yes/no category. Inspection of training-set accuracies suggests that performance on yes/no questions is due to overfitting. An ensemble with a sequence-only system might achieve even better results; future work within the NMN framework should focus on redesigning the measure module to reduce effects from overfitting.</p><p>Inspection of parser outputs also suggests that there is substantial room to improve the system using a better parser. A hand inspection of the first 50 parses in the training set suggests that most (80-90%) of questions asking for simple properties of objects are correctly analyzed, but more complicated questions are more prone to picking up irrelevant predicates. For example are these people most likely experiencing a work day? is parsed as be(people, likely), when the desired analysis is is(people, work). Parser errors of this kind could be fixed with joint learning. <ref type="figure" target="#fig_2">Figure 3</ref> is broadly suggestive of the kinds of prediction errors made by the system, including plausible semantic confusions (cardboard interpreted as leather, round windows interpreted as clocks), normal lexical variation (container for cup), and use of answers that are a priori plausible but unrelated to the image (describing a horse as located in a pen rather than a barn).</p></div>
<div xmlns="http://www.tei-c.org/ns/1.0"><head n="8.">Conclusions and future work</head><p>In this paper, we have introduced neural module networks, which provide a general-purpose framework for learning collections of neural modules which can be dynamically assembled into arbitrary deep networks. We have demonstrated that this approach achieves state-of-the-art performance on existing datasets for visual question an-  swering, performing especially well on questions answered by an object or an attribute. Additionally, we have introduced a new dataset of highly compositional questions about simple arrangements of shapes, and shown that our approach substantially outperforms previous work.</p><p>So far we have maintained a strict separation between predicting network structures and learning network parameters. It is easy to imagine that these two problems might be solved jointly, with uncertainty maintained over network structures throughout training and decoding. This might be accomplished either with a monolithic network, by using some higher-level mechanism to "attend" to relevant portions of the computation, or else by integrating with existing tools for learning semantic parsers <ref type="bibr" target="#b15">[16]</ref>.</p><p>The fact that our neural module networks can be trained to produce predictable outputs-even when freely composed-points toward a more general paradigm of "programs" built from neural networks. In this paradigm, network designers (human or automated) have access to a standard kit of neural parts from which to construct models for performing complex reasoning tasks. While visual question answering provides a natural testbed for this approach, its usefulness is potentially much broader, extending to queries about documents and structured knowledge bases or more general signal processing and function approximation.</p></div><figure xmlns="http://www.tei-c.org/ns/1.0" xml:id="fig_0"><head>Figure 2 :</head><label>2</label><figDesc>Sample NMNs for question answering about natural images and shapes. For both examples, layouts, attentions, and answers are real predictions made by our model. of the sentence. The parser also performs basic lemmatization, for example turning kites into kite and were into be. This reduces sparsity of module instances.</figDesc></figure>
<figure xmlns="http://www.tei-c.org/ns/1.0" xml:id="fig_1"><head></head><label></label><figDesc>classify[color](attend[cat]) and where is the truck?classify[where](attend[truck])) can be processed in the same batch, resulting in efficient computation.</figDesc></figure>
<figure xmlns="http://www.tei-c.org/ns/1.0" xml:id="fig_2"><head>Figure 3 :</head><label>3</label><figDesc>Example output from our approach on different visual QA tasks. The top row shows correct answers, while the bottom row shows mistakes (correct answers are given in parentheses).</figDesc></figure>
<figure xmlns="http://www.tei-c.org/ns/1.0" type="table" xml:id="tab_0"><head></head><label></label><figDesc>, some notation: module names are typeset in a fixed width font, and are of the form TYPE[INSTANCE](ARG1, . . . ). TYPE is a high-level module type (attention, classification, etc.) of the kind described in this section. INSTANCE is the particular instance of the model under consideration-for example, attend[red] locates red things, while attend[dog] locates dogs. Weights may be shared at both the type and instance level. Modules with no arguments implicitly take the image as input; higher-level arguments may also inspect the image. An attention module attend[c] convolves every position in the input image with a weight vector (distinct for each c) to produce a heatmap or unnormalized attention. So, for example, the output of the module attend[dog]is a matrix whose entries should be in regions of the image containing cats, and small everywhere else, as shown above.A measurement module measure[c] takes an attention alone and maps it to a distribution over labels. Because attentions passed between modules are unnormalized, measure is suitable for evaluating the existence of a detected object, or counting sets of objects.</figDesc><table><row><cell>Attention</cell><cell></cell><cell></cell><cell></cell><cell></cell><cell></cell></row><row><cell></cell><cell cols="2">attend[dog]</cell><cell></cell><cell></cell><cell></cell></row><row><cell></cell><cell cols="2">Convolution</cell><cell></cell><cell></cell><cell></cell></row><row><cell></cell><cell></cell><cell></cell><cell></cell><cell>Attend</cell><cell>FC</cell><cell>Softmax</cell><cell>couch</cell></row><row><cell></cell><cell></cell><cell cols="5">A classification module classify[c] takes an attention and</cell></row><row><cell></cell><cell></cell><cell cols="5">the input image and maps them to a distribution over labels.</cell></row><row><cell></cell><cell></cell><cell cols="5">For example, classify[color] should return a distribution</cell></row><row><cell></cell><cell></cell><cell cols="4">over colors in the region attended to.</cell></row><row><cell></cell><cell></cell><cell>Measurement</cell><cell></cell><cell></cell><cell></cell></row><row><cell>Re-attention</cell><cell></cell><cell></cell><cell></cell><cell></cell><cell></cell></row><row><cell cols="3">re-attend : Attention → Attention</cell><cell></cell><cell></cell><cell></cell></row><row><cell cols="3">re-attend[above]</cell><cell>FC</cell><cell>ReLU</cell><cell>FC</cell><cell>Softmax</cell><cell>yes</cell></row><row><cell></cell><cell>FC</cell><cell>ReLU</cell><cell></cell><cell></cell><cell></cell></row><row><cell cols="3">combine[except]</cell><cell></cell><cell></cell><cell></cell></row><row><cell>Stack</cell><cell>Conv.</cell><cell>ReLU</cell><cell></cell><cell></cell><cell></cell></row></table><note>attend : Image → Attention×2 A re-attention module re-attend[c] is essentially just a multilayer perceptron with rectified nonlinearities (ReLUs), performing a fully-connected mapping from one attention to another. Again, the weights for this mapping are distinct for each c. So re-attend[above] should take an attention and shift the regions of greatest activation upward (as above), while re-attend[not] should move attention away from the active regions. For the experiments in this paper, the first fully-connected (FC) layer produces a vector of size 32, and the second is the same size as the input. Combinationcombine : Attention × Attention → AttentionA combination module combine[c] merges two attentions into a single attention. For example, combine[and] should be active only in the regions that are active in both inputs, while combine[except] should be active where the first in- put is active and the second is inactive. Classificationclassify : Image × Attention → Labelmeasure : Attention → Label</note></figure>
<figure xmlns="http://www.tei-c.org/ns/1.0" type="table" xml:id="tab_1"><head></head><label></label><figDesc>NMN for answering the question What color is his tie? The attend[tie] module first predicts a heatmap corresponding to the location of the tie. Next, the classify[color] module uses this heatmap to produce a weighted average of image features, which are finally used to predict an output label. NMN for answering the question Is there a red shape above a circle? The two attend modules locate the red shapes and circles, the re-attend[above] shifts the attention above the circles, the combine module computes their intersection, and the measure[is] module inspects the final attention and determines that it is non-empty.</figDesc><table><row><cell>attend[red]</cell><cell></cell><cell></cell></row><row><cell>combine[and]</cell><cell>measure[is]</cell><cell>yes</cell></row><row><cell>attend[tie] (a) re-attend[above] classify[color] yellow attend[circle] (b)</cell><cell></cell><cell></cell></row></table><note></note></figure>
<figure xmlns="http://www.tei-c.org/ns/1.0" type="table" xml:id="tab_2"><head>Table 1 :</head><label>1</label><figDesc>Structure summary statistics for neural module networks used in this paper. "types" is the set of high-level module types available (e.g. attend), "# instances" is the number of specific module instances (e.g. attend[llama]), and "# layouts" is the number of distinct composed structures (e.g. classify[color](attend[llama]))</figDesc><table><row><cell></cell><cell>types</cell><cell cols="4"># instances # layouts max depth max size</cell></row><row><cell>VQA</cell><cell>attend, combine, classify, measure</cell><cell>1995</cell><cell>66549</cell><cell>3</cell><cell>4</cell></row><row><cell>SHAPES</cell><cell>attend, re-attend, combine, measure</cell><cell>8</cell><cell>164</cell><cell>5</cell><cell>6</cell></row></table><note></note></figure>
<figure xmlns="http://www.tei-c.org/ns/1.0" type="table" xml:id="tab_5"><head>Table 3 :</head><label>3</label><figDesc>Results on the VQA test server. NMN+LSTM is the full model shown inFigure 1, while NMN is an ablation experiment with no whole-question LSTM.</figDesc><table><row><cell>The full model</cell></row></table><note></note></figure>
		</body>
		<back>

			<div type="acknowledgement">
<div xmlns="http://www.tei-c.org/ns/1.0"><head>Acknowledgments</head><p>The authors are grateful to Lisa Anne Hendricks, Eric Tzeng, and Russell Stewart for useful conversations, and to Nvidia for a hardware grant. JA is supported by a National Science Foundation Graduate Research Fellowship. MR is supported by a fellowship within the FIT weltweit-Program of the German Academic Exchange Service (DAAD). This work was additionally supported by DARPA, AFRL, DoD MURI award N000141110688, NSF awards IIS-1427425 and IIS-1212798, and the Berkeley Vision and Learning Center.</p></div>
			</div>

			<div type="references">

				<listBibl>

<biblStruct xml:id="b0">
	<analytic>
		<title level="a" type="main">Grounding language with points and paths in continuous spaces</title>
		<author>
			<persName xmlns="http://www.tei-c.org/ns/1.0"><forename type="first">J</forename><surname>Andreas</surname></persName>
		</author>
		<author>
			<persName xmlns="http://www.tei-c.org/ns/1.0"><forename type="first">D</forename><surname>Klein</surname></persName>
		</author>
	</analytic>
	<monogr>
		<title level="j">CoNLL</title>
		<imprint>
			<biblScope unit="issue">3</biblScope>
			<date type="published" when="2014" />
		</imprint>
	</monogr>
</biblStruct>

<biblStruct xml:id="b1">
	<analytic>
		<title level="a" type="main">Vqa: Visual question answering</title>
		<author>
			<persName xmlns="http://www.tei-c.org/ns/1.0"><forename type="first">S</forename><surname>Antol</surname></persName>
		</author>
		<author>
			<persName xmlns="http://www.tei-c.org/ns/1.0"><forename type="first">A</forename><surname>Agrawal</surname></persName>
		</author>
		<author>
			<persName xmlns="http://www.tei-c.org/ns/1.0"><forename type="first">J</forename><surname>Lu</surname></persName>
		</author>
		<author>
			<persName xmlns="http://www.tei-c.org/ns/1.0"><forename type="first">M</forename><surname>Mitchell</surname></persName>
		</author>
		<author>
			<persName xmlns="http://www.tei-c.org/ns/1.0"><forename type="first">D</forename><surname>Batra</surname></persName>
		</author>
		<author>
			<persName xmlns="http://www.tei-c.org/ns/1.0"><forename type="first">C</forename><forename type="middle">L</forename><surname>Zitnick</surname></persName>
		</author>
		<author>
			<persName xmlns="http://www.tei-c.org/ns/1.0"><forename type="first">D</forename><surname>Parikh</surname></persName>
		</author>
	</analytic>
	<monogr>
		<title level="m">ICCV</title>
		<imprint>
			<date type="published" when="2007" />
		</imprint>
	</monogr>
</biblStruct>

<biblStruct xml:id="b2">
	<monogr>
		<title level="m" type="main">On the properties of neural machine translation</title>
		<author>
			<persName xmlns="http://www.tei-c.org/ns/1.0"><forename type="first">K</forename><surname>Cho</surname></persName>
		</author>
		<author>
			<persName xmlns="http://www.tei-c.org/ns/1.0"><forename type="first">B</forename><surname>Van Merriënboer</surname></persName>
		</author>
		<author>
			<persName xmlns="http://www.tei-c.org/ns/1.0"><forename type="first">D</forename><surname>Bahdanau</surname></persName>
		</author>
		<author>
			<persName xmlns="http://www.tei-c.org/ns/1.0"><forename type="first">Y</forename><surname>Bengio</surname></persName>
		</author>
		<idno type="arXiv">arXiv:1409.1259</idno>
		<imprint>
			<date type="published" when="2014" />
		</imprint>
	</monogr>
	<note type="report_type">Encoderdecoder approaches. arXiv preprint</note>
</biblStruct>

<biblStruct xml:id="b3">
	<analytic>
		<title level="a" type="main">The Stanford typed dependencies representation</title>
		<author>
			<persName xmlns="http://www.tei-c.org/ns/1.0"><forename type="first">M.-C</forename><surname>De Marneffe</surname></persName>
		</author>
		<author>
			<persName xmlns="http://www.tei-c.org/ns/1.0"><forename type="first">C</forename><forename type="middle">D</forename><surname>Manning</surname></persName>
		</author>
	</analytic>
	<monogr>
		<title level="m">Proceedings of the International Conference on Computational Linguistics</title>
		<meeting>the International Conference on Computational Linguistics</meeting>
		<imprint>
			<publisher>Association for Computational Linguistics</publisher>
			<date type="published" when="2008" />
			<biblScope unit="page" from="1" to="8" />
		</imprint>
	</monogr>
</biblStruct>

<biblStruct xml:id="b4">
	<analytic>
		<title level="a" type="main">Finding structure in time</title>
		<author>
			<persName xmlns="http://www.tei-c.org/ns/1.0"><forename type="first">J</forename><forename type="middle">L</forename><surname>Elman</surname></persName>
		</author>
	</analytic>
	<monogr>
		<title level="j">Cognitive science</title>
		<imprint>
			<biblScope unit="volume">14</biblScope>
			<biblScope unit="issue">2</biblScope>
			<biblScope unit="page" from="179" to="211" />
			<date type="published" when="1990" />
		</imprint>
	</monogr>
</biblStruct>

<biblStruct xml:id="b5">
	<analytic>
		<title level="a" type="main">Learning distributions over logical forms for referring expression generation</title>
		<author>
			<persName xmlns="http://www.tei-c.org/ns/1.0"><forename type="first">N</forename><surname>Fitzgerald</surname></persName>
		</author>
		<author>
			<persName xmlns="http://www.tei-c.org/ns/1.0"><forename type="first">Y</forename><surname>Artzi</surname></persName>
		</author>
		<author>
			<persName xmlns="http://www.tei-c.org/ns/1.0"><forename type="first">L</forename><surname>Zettlemoyer</surname></persName>
		</author>
	</analytic>
	<monogr>
		<title level="m">Proceedings of the Conference on Empirical Methods in Natural Language Processing</title>
		<meeting>the Conference on Empirical Methods in Natural Language Processing</meeting>
		<imprint>
			<date type="published" when="2013" />
		</imprint>
	</monogr>
</biblStruct>

<biblStruct xml:id="b6">
	<analytic>
		<title level="a" type="main">Are you talking to a machine? dataset and methods for multilingual image question answering</title>
		<author>
			<persName xmlns="http://www.tei-c.org/ns/1.0"><forename type="first">H</forename><surname>Gao</surname></persName>
		</author>
		<author>
			<persName xmlns="http://www.tei-c.org/ns/1.0"><forename type="first">J</forename><surname>Mao</surname></persName>
		</author>
		<author>
			<persName xmlns="http://www.tei-c.org/ns/1.0"><forename type="first">J</forename><surname>Zhou</surname></persName>
		</author>
		<author>
			<persName xmlns="http://www.tei-c.org/ns/1.0"><forename type="first">Z</forename><surname>Huang</surname></persName>
		</author>
		<author>
			<persName xmlns="http://www.tei-c.org/ns/1.0"><forename type="first">L</forename><surname>Wang</surname></persName>
		</author>
		<author>
			<persName xmlns="http://www.tei-c.org/ns/1.0"><forename type="first">W</forename><surname>Xu</surname></persName>
		</author>
	</analytic>
	<monogr>
		<title level="m">NIPS</title>
		<imprint>
			<date type="published" when="2015" />
			<biblScope unit="volume">1</biblScope>
			<biblScope unit="page">3</biblScope>
		</imprint>
	</monogr>
</biblStruct>

<biblStruct xml:id="b7">
	<analytic>
		<title level="a" type="main">Visual turing test for computer vision systems</title>
		<author>
			<persName xmlns="http://www.tei-c.org/ns/1.0"><forename type="first">D</forename><surname>Geman</surname></persName>
		</author>
		<author>
			<persName xmlns="http://www.tei-c.org/ns/1.0"><forename type="first">S</forename><surname>Geman</surname></persName>
		</author>
		<author>
			<persName xmlns="http://www.tei-c.org/ns/1.0"><forename type="first">N</forename><surname>Hallonquist</surname></persName>
		</author>
		<author>
			<persName xmlns="http://www.tei-c.org/ns/1.0"><forename type="first">L</forename><surname>Younes</surname></persName>
		</author>
	</analytic>
	<monogr>
		<title level="j">Proceedings of the National Academy of Sciences</title>
		<imprint>
			<biblScope unit="issue">2</biblScope>
			<date type="published" when="2015" />
		</imprint>
	</monogr>
</biblStruct>

<biblStruct xml:id="b8">
	<analytic>
		<title level="a" type="main">Rich feature hierarchies for accurate object detection and semantic segmentation</title>
		<author>
			<persName xmlns="http://www.tei-c.org/ns/1.0"><forename type="first">R</forename><surname>Girshick</surname></persName>
		</author>
		<author>
			<persName xmlns="http://www.tei-c.org/ns/1.0"><forename type="first">J</forename><surname>Donahue</surname></persName>
		</author>
		<author>
			<persName xmlns="http://www.tei-c.org/ns/1.0"><forename type="first">T</forename><surname>Darrell</surname></persName>
		</author>
		<author>
			<persName xmlns="http://www.tei-c.org/ns/1.0"><forename type="first">J</forename><surname>Malik</surname></persName>
		</author>
	</analytic>
	<monogr>
		<title level="m">Computer Vision and Pattern Recognition (CVPR), 2014 IEEE Conference on</title>
		<imprint>
			<date type="published" when="2014" />
			<biblScope unit="page" from="580" to="587" />
		</imprint>
	</monogr>
</biblStruct>

<biblStruct xml:id="b9">
	<analytic>
		<title level="a" type="main">Long short-term memory</title>
		<author>
			<persName xmlns="http://www.tei-c.org/ns/1.0"><forename type="first">S</forename><surname>Hochreiter</surname></persName>
		</author>
		<author>
			<persName xmlns="http://www.tei-c.org/ns/1.0"><forename type="first">J</forename><surname>Schmidhuber</surname></persName>
		</author>
	</analytic>
	<monogr>
		<title level="j">Neural computation</title>
		<imprint>
			<biblScope unit="volume">9</biblScope>
			<biblScope unit="issue">8</biblScope>
			<biblScope unit="page" from="1735" to="1780" />
			<date type="published" when="1997" />
		</imprint>
	</monogr>
</biblStruct>

<biblStruct xml:id="b10">
	<analytic>
		<title level="a" type="main">A neural network for factoid question answering over paragraphs</title>
		<author>
			<persName xmlns="http://www.tei-c.org/ns/1.0"><forename type="first">M</forename><surname>Iyyer</surname></persName>
		</author>
		<author>
			<persName xmlns="http://www.tei-c.org/ns/1.0"><forename type="first">J</forename><surname>Boyd-Graber</surname></persName>
		</author>
		<author>
			<persName xmlns="http://www.tei-c.org/ns/1.0"><forename type="first">L</forename><surname>Claudino</surname></persName>
		</author>
		<author>
			<persName xmlns="http://www.tei-c.org/ns/1.0"><forename type="first">R</forename><surname>Socher</surname></persName>
		</author>
		<author>
			<persName xmlns="http://www.tei-c.org/ns/1.0"><forename type="first">H</forename><surname>Daumé</surname></persName>
		</author>
	</analytic>
	<monogr>
		<title level="m">Proceedings of the Conference on Empirical Methods in Natural Language Processing</title>
		<meeting>the Conference on Empirical Methods in Natural Language Processing</meeting>
		<imprint>
			<date type="published" when="2014" />
		</imprint>
	</monogr>
</biblStruct>

<biblStruct xml:id="b11">
	<analytic>
		<title level="a" type="main">Deep visual-semantic alignments for generating image descriptions</title>
		<author>
			<persName xmlns="http://www.tei-c.org/ns/1.0"><forename type="first">A</forename><surname>Karpathy</surname></persName>
		</author>
		<author>
			<persName xmlns="http://www.tei-c.org/ns/1.0"><forename type="first">L</forename><surname>Fei-Fei</surname></persName>
		</author>
	</analytic>
	<monogr>
		<title level="m">CVPR</title>
		<imprint>
			<date type="published" when="2015" />
		</imprint>
	</monogr>
</biblStruct>

<biblStruct xml:id="b12">
	<analytic>
		<title level="a" type="main">Deep fragment embeddings for bidirectional image sentence mapping</title>
		<author>
			<persName xmlns="http://www.tei-c.org/ns/1.0"><forename type="first">A</forename><surname>Karpathy</surname></persName>
		</author>
		<author>
			<persName xmlns="http://www.tei-c.org/ns/1.0"><forename type="first">A</forename><surname>Joulin</surname></persName>
		</author>
		<author>
			<persName xmlns="http://www.tei-c.org/ns/1.0"><forename type="first">L</forename><surname>Fei-Fei</surname></persName>
		</author>
	</analytic>
	<monogr>
		<title level="m">NIPS</title>
		<imprint>
			<date type="published" when="2014" />
		</imprint>
	</monogr>
</biblStruct>

<biblStruct xml:id="b13">
	<analytic>
		<title level="a" type="main">Accurate unlexicalized parsing</title>
		<author>
			<persName xmlns="http://www.tei-c.org/ns/1.0"><forename type="first">D</forename><surname>Klein</surname></persName>
		</author>
		<author>
			<persName xmlns="http://www.tei-c.org/ns/1.0"><forename type="first">C</forename><forename type="middle">D</forename><surname>Manning</surname></persName>
		</author>
	</analytic>
	<monogr>
		<title level="m">Proceedings of the Annual Meeting of the Association for Computational Linguistics</title>
		<meeting>the Annual Meeting of the Association for Computational Linguistics</meeting>
		<imprint>
			<publisher>Association for Computational Linguistics</publisher>
			<date type="published" when="2003" />
			<biblScope unit="volume">4</biblScope>
			<biblScope unit="page" from="423" to="430" />
		</imprint>
	</monogr>
</biblStruct>

<biblStruct xml:id="b14">
	<analytic>
		<title level="a" type="main">What are you talking about? text-to-image coreference</title>
		<author>
			<persName xmlns="http://www.tei-c.org/ns/1.0"><forename type="first">C</forename><surname>Kong</surname></persName>
		</author>
		<author>
			<persName xmlns="http://www.tei-c.org/ns/1.0"><forename type="first">D</forename><surname>Lin</surname></persName>
		</author>
		<author>
			<persName xmlns="http://www.tei-c.org/ns/1.0"><forename type="first">M</forename><surname>Bansal</surname></persName>
		</author>
		<author>
			<persName xmlns="http://www.tei-c.org/ns/1.0"><forename type="first">R</forename><surname>Urtasun</surname></persName>
		</author>
		<author>
			<persName xmlns="http://www.tei-c.org/ns/1.0"><forename type="first">S</forename><surname>Fidler</surname></persName>
		</author>
	</analytic>
	<monogr>
		<title level="m">CVPR</title>
		<imprint>
			<publisher>IEEE</publisher>
			<date type="published" when="2014" />
			<biblScope unit="page" from="3558" to="3565" />
		</imprint>
	</monogr>
</biblStruct>

<biblStruct xml:id="b15">
	<analytic>
		<title level="a" type="main">Jointly learning to parse and perceive: connecting natural language to the physical world</title>
		<author>
			<persName xmlns="http://www.tei-c.org/ns/1.0"><forename type="first">J</forename><surname>Krishnamurthy</surname></persName>
		</author>
		<author>
			<persName xmlns="http://www.tei-c.org/ns/1.0"><forename type="first">T</forename><surname>Kollar</surname></persName>
		</author>
	</analytic>
	<monogr>
		<title level="j">Transactions of the Association for Computational Linguistics</title>
		<imprint>
			<biblScope unit="volume">3</biblScope>
			<biblScope unit="issue">1</biblScope>
			<date type="published" when="2013" />
		</imprint>
	</monogr>
</biblStruct>

<biblStruct xml:id="b16">
	<monogr>
		<title level="m" type="main">Gradientbased learning applied to document recognition. Proceedings of the IEEE</title>
		<author>
			<persName xmlns="http://www.tei-c.org/ns/1.0"><forename type="first">Y</forename><surname>Lecun</surname></persName>
		</author>
		<author>
			<persName xmlns="http://www.tei-c.org/ns/1.0"><forename type="first">L</forename><surname>Bottou</surname></persName>
		</author>
		<author>
			<persName xmlns="http://www.tei-c.org/ns/1.0"><forename type="first">Y</forename><surname>Bengio</surname></persName>
		</author>
		<author>
			<persName xmlns="http://www.tei-c.org/ns/1.0"><forename type="first">P</forename><surname>Haffner</surname></persName>
		</author>
		<imprint>
			<date type="published" when="1998" />
			<biblScope unit="volume">86</biblScope>
			<biblScope unit="page" from="2278" to="2324" />
		</imprint>
	</monogr>
</biblStruct>

<biblStruct xml:id="b17">
	<analytic>
		<title level="a" type="main">Learning dependencybased compositional semantics</title>
		<author>
			<persName xmlns="http://www.tei-c.org/ns/1.0"><forename type="first">P</forename><surname>Liang</surname></persName>
		</author>
		<author>
			<persName xmlns="http://www.tei-c.org/ns/1.0"><forename type="first">M</forename><forename type="middle">I</forename><surname>Jordan</surname></persName>
		</author>
		<author>
			<persName xmlns="http://www.tei-c.org/ns/1.0"><forename type="first">D</forename><surname>Klein</surname></persName>
		</author>
	</analytic>
	<monogr>
		<title level="j">Computational Linguistics</title>
		<imprint>
			<biblScope unit="volume">39</biblScope>
			<biblScope unit="issue">2</biblScope>
			<biblScope unit="page">5</biblScope>
			<date type="published" when="2013" />
		</imprint>
	</monogr>
</biblStruct>

<biblStruct xml:id="b18">
	<analytic>
		<title level="a" type="main">Microsoft coco: Common objects in context</title>
		<author>
			<persName xmlns="http://www.tei-c.org/ns/1.0"><forename type="first">T.-Y</forename><surname>Lin</surname></persName>
		</author>
		<author>
			<persName xmlns="http://www.tei-c.org/ns/1.0"><forename type="first">M</forename><surname>Maire</surname></persName>
		</author>
		<author>
			<persName xmlns="http://www.tei-c.org/ns/1.0"><forename type="first">S</forename><surname>Belongie</surname></persName>
		</author>
		<author>
			<persName xmlns="http://www.tei-c.org/ns/1.0"><forename type="first">J</forename><surname>Hays</surname></persName>
		</author>
		<author>
			<persName xmlns="http://www.tei-c.org/ns/1.0"><forename type="first">P</forename><surname>Perona</surname></persName>
		</author>
		<author>
			<persName xmlns="http://www.tei-c.org/ns/1.0"><forename type="first">D</forename><surname>Ramanan</surname></persName>
		</author>
		<author>
			<persName xmlns="http://www.tei-c.org/ns/1.0"><forename type="first">P</forename><surname>Dollár</surname></persName>
		</author>
		<author>
			<persName xmlns="http://www.tei-c.org/ns/1.0"><forename type="first">C</forename><forename type="middle">L</forename><surname>Zitnick</surname></persName>
		</author>
	</analytic>
	<monogr>
		<title level="m">Computer Vision-ECCV 2014</title>
		<imprint>
			<publisher>Springer</publisher>
			<date type="published" when="2014" />
			<biblScope unit="page" from="740" to="755" />
		</imprint>
	</monogr>
</biblStruct>

<biblStruct xml:id="b19">
	<monogr>
		<author>
			<persName xmlns="http://www.tei-c.org/ns/1.0"><forename type="first">L</forename><surname>Ma</surname></persName>
		</author>
		<author>
			<persName xmlns="http://www.tei-c.org/ns/1.0"><forename type="first">Z</forename><forename type="middle">L</forename><surname>Andiyyer</surname></persName>
		</author>
		<author>
			<persName xmlns="http://www.tei-c.org/ns/1.0"><forename type="first">Hang</forename><surname>Li</surname></persName>
		</author>
		<idno type="arXiv">arXiv:1506.00333</idno>
		<title level="m">Learning to answer questions from image using convolutional neural network</title>
		<imprint>
			<date type="published" when="2015" />
			<biblScope unit="volume">1</biblScope>
			<biblScope unit="page">3</biblScope>
		</imprint>
	</monogr>
</biblStruct>

<biblStruct xml:id="b20">
	<analytic>
		<title level="a" type="main">A multi-world approach to question answering about real-world scenes based on uncertain input</title>
		<author>
			<persName xmlns="http://www.tei-c.org/ns/1.0"><forename type="first">M</forename><surname>Malinowski</surname></persName>
		</author>
		<author>
			<persName xmlns="http://www.tei-c.org/ns/1.0"><forename type="first">M</forename><surname>Fritz</surname></persName>
		</author>
	</analytic>
	<monogr>
		<title level="m">NIPS</title>
		<imprint>
			<date type="published" when="2014" />
			<biblScope unit="volume">1</biblScope>
			<biblScope unit="page">3</biblScope>
		</imprint>
	</monogr>
</biblStruct>

<biblStruct xml:id="b21">
	<analytic>
		<title level="a" type="main">Ask your neurons: A neural-based approach to answering questions about images</title>
		<author>
			<persName xmlns="http://www.tei-c.org/ns/1.0"><forename type="first">M</forename><surname>Malinowski</surname></persName>
		</author>
		<author>
			<persName xmlns="http://www.tei-c.org/ns/1.0"><forename type="first">M</forename><surname>Rohrbach</surname></persName>
		</author>
		<author>
			<persName xmlns="http://www.tei-c.org/ns/1.0"><forename type="first">M</forename><surname>Fritz</surname></persName>
		</author>
	</analytic>
	<monogr>
		<title level="m">ICCV</title>
		<imprint>
			<date type="published" when="2015" />
			<biblScope unit="volume">1</biblScope>
			<biblScope unit="page">12</biblScope>
		</imprint>
	</monogr>
</biblStruct>

<biblStruct xml:id="b22">
	<analytic>
		<title level="a" type="main">A joint model of language and perception for grounded attribute learning</title>
		<author>
			<persName xmlns="http://www.tei-c.org/ns/1.0"><forename type="first">C</forename><surname>Matuszek</surname></persName>
		</author>
		<author>
			<persName xmlns="http://www.tei-c.org/ns/1.0"><forename type="first">N</forename><surname>Fitzgerald</surname></persName>
		</author>
		<author>
			<persName xmlns="http://www.tei-c.org/ns/1.0"><forename type="first">L</forename><surname>Zettlemoyer</surname></persName>
		</author>
		<author>
			<persName xmlns="http://www.tei-c.org/ns/1.0"><forename type="first">L</forename><surname>Bo</surname></persName>
		</author>
		<author>
			<persName xmlns="http://www.tei-c.org/ns/1.0"><forename type="first">D</forename><surname>Fox</surname></persName>
		</author>
	</analytic>
	<monogr>
		<title level="m">ICML</title>
		<imprint>
			<date type="published" when="2012" />
		</imprint>
	</monogr>
</biblStruct>

<biblStruct xml:id="b23">
	<analytic>
		<title level="a" type="main">Flickr30k entities: Collecting region-to-phrase correspondences for richer image-tosentence models</title>
		<author>
			<persName xmlns="http://www.tei-c.org/ns/1.0"><forename type="first">B</forename><surname>Plummer</surname></persName>
		</author>
		<author>
			<persName xmlns="http://www.tei-c.org/ns/1.0"><forename type="first">L</forename><surname>Wang</surname></persName>
		</author>
		<author>
			<persName xmlns="http://www.tei-c.org/ns/1.0"><forename type="first">C</forename><surname>Cervantes</surname></persName>
		</author>
		<author>
			<persName xmlns="http://www.tei-c.org/ns/1.0"><forename type="first">J</forename><surname>Caicedo</surname></persName>
		</author>
		<author>
			<persName xmlns="http://www.tei-c.org/ns/1.0"><forename type="first">J</forename><surname>Hockenmaier</surname></persName>
		</author>
		<author>
			<persName xmlns="http://www.tei-c.org/ns/1.0"><forename type="first">S</forename><surname>Lazebnik</surname></persName>
		</author>
	</analytic>
	<monogr>
		<title level="m">ICCV</title>
		<imprint>
			<date type="published" when="2015" />
		</imprint>
	</monogr>
</biblStruct>

<biblStruct xml:id="b24">
	<analytic>
		<title level="a" type="main">Image question answering: A visual semantic embedding model and a new dataset</title>
		<author>
			<persName xmlns="http://www.tei-c.org/ns/1.0"><forename type="first">M</forename><surname>Ren</surname></persName>
		</author>
		<author>
			<persName xmlns="http://www.tei-c.org/ns/1.0"><forename type="first">R</forename><surname>Kiros</surname></persName>
		</author>
		<author>
			<persName xmlns="http://www.tei-c.org/ns/1.0"><forename type="first">R</forename><surname>Zemel</surname></persName>
		</author>
	</analytic>
	<monogr>
		<title level="m">NIPS</title>
		<imprint>
			<date type="published" when="2015" />
			<biblScope unit="volume">1</biblScope>
			<biblScope unit="page">3</biblScope>
		</imprint>
	</monogr>
</biblStruct>

<biblStruct xml:id="b25">
	<monogr>
		<title level="m" type="main">Image question answering: A visual semantic embedding model and a new dataset</title>
		<author>
			<persName xmlns="http://www.tei-c.org/ns/1.0"><forename type="first">M</forename><surname>Ren</surname></persName>
		</author>
		<author>
			<persName xmlns="http://www.tei-c.org/ns/1.0"><forename type="first">R</forename><surname>Kiros</surname></persName>
		</author>
		<author>
			<persName xmlns="http://www.tei-c.org/ns/1.0"><forename type="first">R</forename><forename type="middle">S</forename><surname>Zemel</surname></persName>
		</author>
		<idno>abs/1505.02074</idno>
		<imprint>
			<date type="published" when="2015" />
			<publisher>CoRR</publisher>
		</imprint>
	</monogr>
</biblStruct>

<biblStruct xml:id="b26">
	<monogr>
		<title level="m" type="main">Very deep convolutional networks for large-scale image recognition. CoRR, abs/1409.1556</title>
		<author>
			<persName xmlns="http://www.tei-c.org/ns/1.0"><forename type="first">K</forename><surname>Simonyan</surname></persName>
		</author>
		<author>
			<persName xmlns="http://www.tei-c.org/ns/1.0"><forename type="first">A</forename><surname>Zisserman</surname></persName>
		</author>
		<imprint>
			<date type="published" when="2014" />
		</imprint>
	</monogr>
</biblStruct>

<biblStruct xml:id="b27">
	<analytic>
		<title level="a" type="main">Parsing with compositional vector grammars</title>
		<author>
			<persName xmlns="http://www.tei-c.org/ns/1.0"><forename type="first">R</forename><surname>Socher</surname></persName>
		</author>
		<author>
			<persName xmlns="http://www.tei-c.org/ns/1.0"><forename type="first">J</forename><surname>Bauer</surname></persName>
		</author>
		<author>
			<persName xmlns="http://www.tei-c.org/ns/1.0"><forename type="first">C</forename><forename type="middle">D</forename><surname>Manning</surname></persName>
		</author>
		<author>
			<persName xmlns="http://www.tei-c.org/ns/1.0"><forename type="first">A</forename><forename type="middle">Y</forename><surname>Ng</surname></persName>
		</author>
	</analytic>
	<monogr>
		<title level="m">Proceedings of the Annual Meeting of the Association for Computational Linguistics</title>
		<meeting>the Annual Meeting of the Association for Computational Linguistics</meeting>
		<imprint>
			<date type="published" when="2013" />
		</imprint>
	</monogr>
</biblStruct>

<biblStruct xml:id="b28">
	<monogr>
		<title level="m" type="main">Towards ai-complete question answering: a set of prerequisite toy tasks</title>
		<author>
			<persName xmlns="http://www.tei-c.org/ns/1.0"><forename type="first">J</forename><surname>Weston</surname></persName>
		</author>
		<author>
			<persName xmlns="http://www.tei-c.org/ns/1.0"><forename type="first">A</forename><surname>Bordes</surname></persName>
		</author>
		<author>
			<persName xmlns="http://www.tei-c.org/ns/1.0"><forename type="first">S</forename><surname>Chopra</surname></persName>
		</author>
		<author>
			<persName xmlns="http://www.tei-c.org/ns/1.0"><forename type="first">T</forename><surname>Mikolov</surname></persName>
		</author>
		<idno type="arXiv">arXiv:1502.05698</idno>
		<imprint>
			<date type="published" when="2015" />
		</imprint>
	</monogr>
	<note type="report_type">arXiv preprint</note>
</biblStruct>

<biblStruct xml:id="b29">
	<monogr>
		<title/>
		<author>
			<persName xmlns="http://www.tei-c.org/ns/1.0"><forename type="first">J</forename><surname>Weston</surname></persName>
		</author>
		<author>
			<persName xmlns="http://www.tei-c.org/ns/1.0"><forename type="first">S</forename><surname>Chopra</surname></persName>
		</author>
		<author>
			<persName xmlns="http://www.tei-c.org/ns/1.0"><forename type="first">A</forename><surname>Bordes</surname></persName>
		</author>
		<idno type="arXiv">arXiv:1410.3916</idno>
		<imprint>
			<date type="published" when="2014" />
		</imprint>
	</monogr>
	<note type="report_type">Memory networks. arXiv preprint</note>
</biblStruct>

<biblStruct xml:id="b30">
	<monogr>
		<author>
			<persName xmlns="http://www.tei-c.org/ns/1.0"><forename type="first">K</forename><surname>Xu</surname></persName>
		</author>
		<author>
			<persName xmlns="http://www.tei-c.org/ns/1.0"><forename type="first">J</forename><surname>Ba</surname></persName>
		</author>
		<author>
			<persName xmlns="http://www.tei-c.org/ns/1.0"><forename type="first">R</forename><surname>Kiros</surname></persName>
		</author>
		<author>
			<persName xmlns="http://www.tei-c.org/ns/1.0"><forename type="first">A</forename><surname>Courville</surname></persName>
		</author>
		<author>
			<persName xmlns="http://www.tei-c.org/ns/1.0"><forename type="first">R</forename><surname>Salakhutdinov</surname></persName>
		</author>
		<author>
			<persName xmlns="http://www.tei-c.org/ns/1.0"><forename type="first">R</forename><surname>Zemel</surname></persName>
		</author>
		<author>
			<persName xmlns="http://www.tei-c.org/ns/1.0"><forename type="first">Y</forename><surname>Bengio</surname></persName>
		</author>
		<idno type="arXiv">arXiv:1502.03044</idno>
		<title level="m">Show, attend and tell: Neural image caption generation with visual attention</title>
		<imprint>
			<date type="published" when="2015" />
		</imprint>
	</monogr>
	<note type="report_type">arXiv preprint</note>
</biblStruct>

<biblStruct xml:id="b31">
	<monogr>
		<author>
			<persName xmlns="http://www.tei-c.org/ns/1.0"><forename type="first">L</forename><surname>Yu</surname></persName>
		</author>
		<author>
			<persName xmlns="http://www.tei-c.org/ns/1.0"><forename type="first">E</forename><surname>Park</surname></persName>
		</author>
		<author>
			<persName xmlns="http://www.tei-c.org/ns/1.0"><forename type="first">A</forename><forename type="middle">C</forename><surname>Berg</surname></persName>
		</author>
		<author>
			<persName xmlns="http://www.tei-c.org/ns/1.0"><forename type="first">T</forename><forename type="middle">L</forename><surname>Berg</surname></persName>
		</author>
		<idno type="arXiv">arXiv:1506.00278</idno>
		<title level="m">Visual madlibs: Fill in the blank image generation and question answering</title>
		<imprint>
			<date type="published" when="2015" />
			<biblScope unit="volume">1</biblScope>
		</imprint>
	</monogr>
</biblStruct>

<biblStruct xml:id="b32">
	<monogr>
		<title level="m" type="main">ADADELTA: An adaptive learning rate method</title>
		<author>
			<persName xmlns="http://www.tei-c.org/ns/1.0"><forename type="first">M</forename><forename type="middle">D</forename><surname>Zeiler</surname></persName>
		</author>
		<idno type="arXiv">arXiv:1212.5701</idno>
		<imprint>
			<date type="published" when="2012" />
		</imprint>
	</monogr>
	<note type="report_type">arXiv preprint</note>
</biblStruct>

				</listBibl>
			</div>
		</back>
	</text>
</TEI>
